"gene_name","Comparison","RiboTag_group","Regulation_direction","Hale_CA1_NP_vs_CB_log2FC"
"1700017B05Rik","5v0","RiboTag_Up","Up",1.3703655332669336
"1700086L19Rik","5v0","RiboTag_Down","Down",-2.6772296831746254
"2510039O18Rik","5v0","RiboTag_Up","Up",0.111590674307386
"2900079G21Rik","5v0","RiboTag_Down","Down",0.4488709019732928
"5031439G07Rik","5v0","RiboTag_Down","Down",2.2586537865885905
"Aars1","5v0","RiboTag_Up","Up",-0.15836680842016237
"Abca1","5v0","RiboTag_Up","Up",1.3315455189252388
"Abca2","5v0","RiboTag_Up","Up",0.4834873471923273
"Abcb10","5v0","RiboTag_Up","Up",1.8906337609191262
"Abcb6","5v0","RiboTag_Up","Up",-1.245748359955255
"Abcc8","5v0","RiboTag_Up","Up",-0.7655450439351209
"Abhd12","5v0","RiboTag_Up","Up",0.5802323578013521
"Abhd16a","5v0","RiboTag_Up","Up",0.2566753794005069
"Abt1","5v0","RiboTag_Down","Down",-1.5425042266457114
"Ache","5v0","RiboTag_Up","Up",0.340406299836445
"Acp2","5v0","RiboTag_Up","Up",-0.3300891790430318
"Acsl5","5v0","RiboTag_Up","Up",-1.3111094003009829
"Actr2","5v0","RiboTag_Down","Down",-1.5630825580606247
"Acvr1b","5v0","RiboTag_Up","Up",-0.9080518512037205
"Adam11","5v0","RiboTag_Up","Up",0.88774860529705
"Adam15","5v0","RiboTag_Up","Up",0.8049833768136607
"Adam23","5v0","RiboTag_Up","Up",-0.8505824332615777
"Adamts3","5v0","RiboTag_Up","Up",-1.547049669458347
"Adck2","5v0","RiboTag_Up","Up",-1.0933781479648204
"Adgrl1","5v0","RiboTag_Up","Up",1.602856022308592
"Adnp2","5v0","RiboTag_Down","Down",-0.8333692403622445
"Adra1d","5v0","RiboTag_Up","Up",-0.49470923424145974
"Aff1","5v0","RiboTag_Down","Down",0.6955835303288298
"Agpat1","5v0","RiboTag_Up","Up",0.5068204987427399
"Agrn","5v0","RiboTag_Up","Up",0.1549383627499048
"Ahcyl2","5v0","RiboTag_Up","Up",1.0745126085194143
"Ahr","5v0","RiboTag_Down","Down",-1.0884474858289659
"AI593442","5v0","RiboTag_Up","Up",-1.805970335269858
"Akirin1","5v0","RiboTag_Down","Down",-1.22091290432814
"Aldh7a1","5v0","RiboTag_Down","Down",2.214592937453641
"Alg2","5v0","RiboTag_Up","Up",-1.029105081636344
"Alg9","5v0","RiboTag_Up","Up",-0.30096774997808245
"Alox12b","5v0","RiboTag_Down","Down",-1.3864738957321807
"Amer3","5v0","RiboTag_Up","Up",-0.6441288200696466
"Amfr","5v0","RiboTag_Up","Up",0.1517134223048658
"Amigo1","5v0","RiboTag_Up","Up",-0.5340010832230765
"Anapc2","5v0","RiboTag_Down","Down",0.3115480222908452
"Ankrd13a","5v0","RiboTag_Down","Down",1.668224775381643
"Ankrd28","5v0","RiboTag_Down","Down",-0.6848306037695312
"Ankrd33b","5v0","RiboTag_Down","Down",-0.682043491099963
"Anxa11","5v0","RiboTag_Up","Up",-1.130750130345947
"Apaf1","5v0","RiboTag_Down","Down",-0.7355408350136412
"Apcdd1","5v0","RiboTag_Up","Up",2.3345244595510133
"Aplp1","5v0","RiboTag_Up","Up",1.0350524497805418
"Aplp2","5v0","RiboTag_Up","Up",0.3750679501090874
"Aqp11","5v0","RiboTag_Up","Up",1.4690026055733663
"Arf2","5v0","RiboTag_Down","Down",-1.1178482322748426
"Arhgap33","5v0","RiboTag_Down","Down",3.9095274304824015
"Arhgap39","5v0","RiboTag_Down","Down",0.9544267744605257
"Arhgef26","5v0","RiboTag_Up","Up",0.685217575864609
"Arhgef3","5v0","RiboTag_Down","Down",-1.886523858726984
"Arid4b","5v0","RiboTag_Down","Down",-0.6369540303629607
"Arid5a","5v0","RiboTag_Down","Down",2.759139453276234
"Arid5b","5v0","RiboTag_Down","Down",-0.14276435820330657
"Arl13b","5v0","RiboTag_Down","Down",0.3213794524870597
"Arl4a","5v0","RiboTag_Down","Down",-0.969490557035304
"Arl4d","5v0","RiboTag_Up","Up",1.038946446385784
"Arl5a","5v0","RiboTag_Down","Down",0.10277744421275249
"Arl6ip1","5v0","RiboTag_Up","Up",-1.1745032179851747
"Arl6ip5","5v0","RiboTag_Up","Up",-1.3478290160623845
"Armcx5","5v0","RiboTag_Down","Down",-2.1623435184872313
"Armh4","5v0","RiboTag_Up","Up",-1.261709452734904
"Arrdc3","5v0","RiboTag_Up","Up",0.3654265146750443
"Arsa","5v0","RiboTag_Up","Up",0.6089486792765609
"Arsb","5v0","RiboTag_Up","Up",-0.5528818611149894
"Arxes1","5v0","RiboTag_Down","Down",-0.8659467950734898
"Asap2","5v0","RiboTag_Down","Down",-1.3206000443601122
"Asns","5v0","RiboTag_Up","Up",-1.5517826997896393
"Asph","5v0","RiboTag_Up","Up",-0.9913046977886606
"Atf5","5v0","RiboTag_Up","Up",2.831473738073492
"Atg9a","5v0","RiboTag_Up","Up",0.20886769365771973
"Atp1a1","5v0","RiboTag_Up","Up",-0.8458961841265187
"Atp1a3","5v0","RiboTag_Up","Up",0.6920926530466857
"Atp1b1","5v0","RiboTag_Up","Up",-2.0258403576147437
"Atp1b2","5v0","RiboTag_Up","Up",1.4182158811079821
"Atp2a2","5v0","RiboTag_Up","Up",-1.2743745569674114
"Atp2b2","5v0","RiboTag_Up","Up",0.9115504762080143
"Atp2b3","5v0","RiboTag_Up","Up",-1.7763389733488266
"Atp5mk","5v0","RiboTag_Down","Down",-0.7306278925553586
"Atp6ap1","5v0","RiboTag_Up","Up",-0.6257359309828058
"Atp6v0b","5v0","RiboTag_Up","Up",-0.6822097665541625
"Atp6v0c","5v0","RiboTag_Up","Up",-1.0611499543439533
"Atrn","5v0","RiboTag_Up","Up",-1.038101680336272
"Atrnl1","5v0","RiboTag_Up","Up",-1.0044650538461148
"AU040320","5v0","RiboTag_Up","Up",0.6665885185549568
"Avl9","5v0","RiboTag_Down","Down",-0.26108576547591067
"B3galnt1","5v0","RiboTag_Up","Up",-1.8471331174836827
"B3galt5","5v0","RiboTag_Up","Up",-0.7937545995362064
"B3gat2","5v0","RiboTag_Up","Up",1.1271026033234588
"B4galnt1","5v0","RiboTag_Up","Up",0.5502926286800145
"B4galt6","5v0","RiboTag_Up","Up",-0.8103586041493933
"B4gat1","5v0","RiboTag_Up","Up",-1.4122078597033292
"Bace1","5v0","RiboTag_Up","Up",-0.3071491738318926
"Bbc3","5v0","RiboTag_Up","Up",0.21075091761904205
"BC004004","5v0","RiboTag_Up","Up",-0.5703083462626292
"Bcr","5v0","RiboTag_Down","Down",2.325490497744071
"Bdnf","5v0","RiboTag_Down","Down",-2.556416897614802
"Bex3","5v0","RiboTag_Down","Down",-1.0707223663648346
"Bhlhe40","5v0","RiboTag_Down","Down",-1.723989608844942
"Bloc1s4","5v0","RiboTag_Down","Down",-1.5380648668080152
"Bmal1","5v0","RiboTag_Down","Down",-1.2630235982520721
"Bpnt2","5v0","RiboTag_Up","Up",-0.865493128784109
"Bri3bp","5v0","RiboTag_Up","Up",0.18326711509918542
"Brwd3","5v0","RiboTag_Down","Down",-0.23420519703517118
"Bscl2","5v0","RiboTag_Up","Up",-0.2510686685798325
"Bsg","5v0","RiboTag_Up","Up",0.0981531411237338
"Btaf1","5v0","RiboTag_Down","Down",-0.8097990450845609
"Btbd10","5v0","RiboTag_Down","Down",-2.2428231491120205
"Btg2","5v0","RiboTag_Up","Up",0.28677056857633293
"Btg3","5v0","RiboTag_Down","Down",-2.7241859528892305
"C1qtnf4","5v0","RiboTag_Up","Up",1.467398482914346
"C2cd4b","5v0","RiboTag_Down","Down",-1.2361282005376835
"C2cd4c","5v0","RiboTag_Up","Up",1.3135541178450765
"Cachd1","5v0","RiboTag_Up","Up",-1.4061460578120344
"Cacna1b","5v0","RiboTag_Up","Up",-0.2542954005707037
"Cacna1c","5v0","RiboTag_Up","Up",-0.19224309467321837
"Cacna1e","5v0","RiboTag_Up","Up",-1.0213834579890086
"Cacna2d1","5v0","RiboTag_Up","Up",-2.044093118084165
"Cacng8","5v0","RiboTag_Up","Up",0.4737520792774298
"Cadm2","5v0","RiboTag_Up","Up",-0.42442086352288155
"Cadm3","5v0","RiboTag_Up","Up",-1.0309573433446075
"Cadps2","5v0","RiboTag_Down","Down",-0.07479094020440336
"Calr","5v0","RiboTag_Up","Up",-0.47460261974526574
"Camk1g","5v0","RiboTag_Down","Down",-0.19932621257791655
"Canx","5v0","RiboTag_Up","Up",-0.3216749799828103
"Car12","5v0","RiboTag_Up","Up",-1.3756186942831594
"Carf","5v0","RiboTag_Up","Up",-1.1764207106790652
"Carmil1","5v0","RiboTag_Up","Up",3.7404663595756347
"Cars1","5v0","RiboTag_Up","Up",-0.21434786381278442
"Ccbe1","5v0","RiboTag_Up","Up",-0.5809520104310176
"Ccdc120","5v0","RiboTag_Down","Down",2.68610843505182
"Ccdc184","5v0","RiboTag_Down","Down",-1.5300444823933717
"Ccdc85a","5v0","RiboTag_Down","Down",-0.4942398338832894
"Ccnd1","5v0","RiboTag_Down","Down",-0.22570345336516445
"Ccnk","5v0","RiboTag_Down","Down",-0.29703546832061206
"Cct2","5v0","RiboTag_Down","Down",-0.8370531399653448
"Cct3","5v0","RiboTag_Down","Down",-0.2644172876149497
"Cd200","5v0","RiboTag_Up","Up",-1.3052674392589445
"Cd47","5v0","RiboTag_Up","Up",-0.5479617413385329
"Cd81","5v0","RiboTag_Up","Up",2.0589409892169606
"Cdc42ep4","5v0","RiboTag_Up","Up",4.080622231926692
"Cdh2","5v0","RiboTag_Up","Up",-0.20624326461088968
"Cdipt","5v0","RiboTag_Up","Up",-0.4416068904868029
"Cdk17","5v0","RiboTag_Down","Down",-2.2680437439971084
"Cdkl4","5v0","RiboTag_Down","Down",-0.9352603366841759
"Cds2","5v0","RiboTag_Up","Up",0.39732814842566383
"Cep85l","5v0","RiboTag_Down","Down",-0.7400731638364161
"Cers6","5v0","RiboTag_Up","Up",-1.1256599721949565
"Cfap20","5v0","RiboTag_Down","Down",-1.19949106370756
"Cfap97","5v0","RiboTag_Down","Down",-0.7782759731905659
"Chac1","5v0","RiboTag_Up","Up",-2.8382396936970262
"Chd1","5v0","RiboTag_Down","Down",-0.24546283990387524
"Chka","5v0","RiboTag_Down","Down",-0.20607097634730992
"Chpf2","5v0","RiboTag_Up","Up",-0.5998111183480896
"Chrm1","5v0","RiboTag_Up","Up",-0.38544728406423945
"Chrnb2","5v0","RiboTag_Up","Up",-1.1047064945489082
"Chst1","5v0","RiboTag_Up","Up",-0.33833697582642974
"Chst11","5v0","RiboTag_Up","Up",-0.13067641282706893
"Chst12","5v0","RiboTag_Up","Up",-1.0686415099973359
"Chst15","5v0","RiboTag_Up","Up",-0.7739381629961389
"Ckap4","5v0","RiboTag_Up","Up",-0.1950368094060824
"Ckb","5v0","RiboTag_Down","Down",1.9563917144591203
"Clcn3","5v0","RiboTag_Up","Up",-0.8938321071864974
"Clcn4","5v0","RiboTag_Up","Up",-0.13443001360785434
"Clcn6","5v0","RiboTag_Up","Up",0.46040527287623445
"Clcn7","5v0","RiboTag_Up","Up",0.20364518723200603
"Clk1","5v0","RiboTag_Down","Down",0.4600140621348331
"Clk4","5v0","RiboTag_Down","Down",-0.3956710492321649
"Clmn","5v0","RiboTag_Up","Up",2.672778756641473
"Cln6","5v0","RiboTag_Up","Up",0.8930682101355628
"Clptm1","5v0","RiboTag_Up","Up",0.8356625105677689
"Clptm1l","5v0","RiboTag_Up","Up",-0.9405588097440718
"Clstn1","5v0","RiboTag_Up","Up",-0.39097792595272185
"Clstn2","5v0","RiboTag_Up","Up",0.13217816646231806
"Clstn3","5v0","RiboTag_Up","Up",-0.6204639131794156
"Cmtr1","5v0","RiboTag_Down","Down",-0.051310567065966706
"Cnih3","5v0","RiboTag_Up","Up",-0.8791445207325775
"Cntln","5v0","RiboTag_Down","Down",-0.7392787585946028
"Cntn1","5v0","RiboTag_Up","Up",-1.019386861473006
"Cntnap2","5v0","RiboTag_Up","Up",-0.8464325610705996
"Cntnap5b","5v0","RiboTag_Up","Up",-0.7188390936951077
"Cntnap5c","5v0","RiboTag_Up","Up",-0.15183020434950945
"Col11a2","5v0","RiboTag_Up","Up",4.119125999350151
"Copb2","5v0","RiboTag_Down","Down",-0.6903535881017476
"Cops2","5v0","RiboTag_Down","Down",-1.668744865809994
"Cpd","5v0","RiboTag_Up","Up",-0.6029396862766367
"Cpeb2","5v0","RiboTag_Down","Down",1.3826537607002274
"Cpne2","5v0","RiboTag_Down","Down",1.0904077694484229
"Cpne7","5v0","RiboTag_Down","Down",0.1638213161502568
"Cpne8","5v0","RiboTag_Down","Down",-1.3165272492299587
"Creld1","5v0","RiboTag_Up","Up",-0.46345474436179684
"Crim1","5v0","RiboTag_Up","Up",-0.35164199879247204
"Crym","5v0","RiboTag_Down","Down",-1.6257703399708672
"Csf1","5v0","RiboTag_Up","Up",1.8349507192625678
"Csmd1","5v0","RiboTag_Up","Up",-1.1667176304106492
"Csmd2","5v0","RiboTag_Up","Up",0.13371528696147247
"Csnk1a1","5v0","RiboTag_Down","Down",-1.415171519496463
"Csrnp1","5v0","RiboTag_Down","Down",-0.7513604831803312
"Csrnp3","5v0","RiboTag_Down","Down",-1.7913241528318704
"Ctdsp2","5v0","RiboTag_Down","Down",2.7762087037457737
"Ctnnd1","5v0","RiboTag_Down","Down",0.8198628215620092
"Ctsa","5v0","RiboTag_Up","Up",1.0550837074150692
"Ctsb","5v0","RiboTag_Up","Up",-0.47464610555231473
"Ctsd","5v0","RiboTag_Up","Up",1.6219781934710191
"Ctsf","5v0","RiboTag_Up","Up",0.982435389113529
"Cttnbp2","5v0","RiboTag_Down","Down",-2.0379973230758153
"Ctxnd1","5v0","RiboTag_Down","Down",0.2585666958764712
"Cul2","5v0","RiboTag_Down","Down",-2.031284998198043
"Cul9","5v0","RiboTag_Down","Down",2.426129475019315
"Cwc25","5v0","RiboTag_Down","Down",-0.2899283173288343
"Cxcl14","5v0","RiboTag_Down","Down",4.933973775049288
"Cxxc5","5v0","RiboTag_Up","Up",0.7098668160911018
"Cyb561d1","5v0","RiboTag_Up","Up",-0.5438696626700721
"Cyb5r1","5v0","RiboTag_Up","Up",-1.2698823169346074
"Cyfip2","5v0","RiboTag_Down","Down",0.7765144180736459
"Dab2ip","5v0","RiboTag_Down","Down",3.1234961687706084
"Dact2","5v0","RiboTag_Up","Up",-0.018921967042418216
"Dagla","5v0","RiboTag_Up","Up",-0.10833220470650104
"Dapk1","5v0","RiboTag_Down","Down",-0.9005018342698067
"Dbn1","5v0","RiboTag_Up","Up",0.7621670710875414
"Dbpht2","5v0","RiboTag_Down","Down",-2.011824202518783
"Dcaf6","5v0","RiboTag_Down","Down",-0.3218650539984793
"Dcc","5v0","RiboTag_Up","Up",-0.9323060204578495
"Dcdc2a","5v0","RiboTag_Down","Down",-0.8346596293087911
"Dchs1","5v0","RiboTag_Up","Up",2.683792402943163
"Ddost","5v0","RiboTag_Up","Up",-0.28428044698673594
"Ddx19a","5v0","RiboTag_Down","Down",-0.013403524356714332
"Dennd5b","5v0","RiboTag_Down","Down",-1.2819903545282938
"Depdc5","5v0","RiboTag_Down","Down",0.35822822709834445
"Derl1","5v0","RiboTag_Up","Up",-0.47347801327658434
"Dgcr2","5v0","RiboTag_Up","Up",-0.5115995693951478
"Dhcr24","5v0","RiboTag_Up","Up",0.40431126167739617
"Dhcr7","5v0","RiboTag_Up","Up",0.3494162324374959
"Dhx40","5v0","RiboTag_Down","Down",-0.15106101325678437
"Disp2","5v0","RiboTag_Up","Up",-1.130813900509361
"Disp3","5v0","RiboTag_Up","Up",1.8547523599776636
"Dmd","5v0","RiboTag_Down","Down",1.1634131919665098
"Dnah9","5v0","RiboTag_Down","Down",-0.2946172446141839
"Dnaja1","5v0","RiboTag_Down","Down",-1.8719549084456346
"Dnaja2","5v0","RiboTag_Down","Down",-1.8303743729711701
"Dnajb14","5v0","RiboTag_Up","Up",-0.8825443857511659
"Dnajb4","5v0","RiboTag_Down","Down",-1.3487764140320733
"Dnajb5","5v0","RiboTag_Down","Down",-1.3138019910961876
"Dnajc10","5v0","RiboTag_Up","Up",-0.6054329097995874
"Dock4","5v0","RiboTag_Down","Down",-1.8210038970475548
"Dock9","5v0","RiboTag_Down","Down",-1.3860315437260295
"Dolpp1","5v0","RiboTag_Up","Up",0.2995439337363535
"Dpp10","5v0","RiboTag_Down","Down",0.35693480196795274
"Dpp6","5v0","RiboTag_Up","Up",-0.8422259888972831
"Dpysl3","5v0","RiboTag_Down","Down",-0.3109917779738925
"Dram2","5v0","RiboTag_Up","Up",-0.6744902153702517
"Drd5","5v0","RiboTag_Up","Up",-1.9293554877171253
"Drosha","5v0","RiboTag_Down","Down",-0.3476923325000957
"Dusp1","5v0","RiboTag_Down","Down",-0.15993427584135858
"Dusp16","5v0","RiboTag_Down","Down",2.1023928532549454
"Dusp5","5v0","RiboTag_Down","Down",-2.021217852335018
"Dusp6","5v0","RiboTag_Down","Down",-2.6324187113362454
"Dyrk2","5v0","RiboTag_Down","Down",-0.9393595435240324
"Dyrk3","5v0","RiboTag_Down","Down",-2.144069388646398
"Dzip1","5v0","RiboTag_Down","Down",3.499484303801527
"Edil3","5v0","RiboTag_Up","Up",0.5540925406110092
"Efnb2","5v0","RiboTag_Down","Down",-1.5921777234714447
"Eif3e","5v0","RiboTag_Down","Down",-1.084403893229659
"Eif3j2","5v0","RiboTag_Down","Down",-1.2343412850445121
"Eif4a2","5v0","RiboTag_Down","Down",-1.5636913013079758
"Elapor1","5v0","RiboTag_Up","Up",-0.14751828122326782
"Elavl2","5v0","RiboTag_Up","Up",-1.09342058165975
"Ell2","5v0","RiboTag_Down","Down",-1.1780802037902807
"Elovl4","5v0","RiboTag_Up","Up",-1.6531992784547298
"Emc1","5v0","RiboTag_Up","Up",1.0395877926935069
"Emc7","5v0","RiboTag_Up","Up",-0.8542392189772452
"Enpp5","5v0","RiboTag_Up","Up",-0.7356627465210215
"Epdr1","5v0","RiboTag_Up","Up",-1.6160342602687803
"Epha4","5v0","RiboTag_Up","Up",-2.5114801468711736
"Epha7","5v0","RiboTag_Up","Up",-2.4493836078836217
"Ephb2","5v0","RiboTag_Up","Up",-1.0867409518600681
"Epm2aip1","5v0","RiboTag_Down","Down",-0.6731649100030308
"Erf","5v0","RiboTag_Down","Down",0.43667688532216936
"Erg28","5v0","RiboTag_Up","Up",-0.6432198116889349
"Ermp1","5v0","RiboTag_Up","Up",0.08253468477211855
"Etv1","5v0","RiboTag_Down","Down",-1.9418307594629463
"Etv3","5v0","RiboTag_Down","Down",-0.6523967867567954
"Etv5","5v0","RiboTag_Down","Down",-0.49771311861641115
"Ext2","5v0","RiboTag_Up","Up",-0.25058427497820585
"Extl2","5v0","RiboTag_Up","Up",-1.2070063235735147
"Faim2","5v0","RiboTag_Up","Up",0.06477938774525788
"Fam118b","5v0","RiboTag_Down","Down",-0.525731688125149
"Fam120b","5v0","RiboTag_Down","Down",-0.9645102973765762
"Fam20c","5v0","RiboTag_Up","Up",0.9016904284424037
"Fam234b","5v0","RiboTag_Up","Up",-0.7306379535707723
"Fam53b","5v0","RiboTag_Down","Down",2.143783205406976
"Fam53c","5v0","RiboTag_Down","Down",2.368325087383202
"Fam81a","5v0","RiboTag_Down","Down",1.0795546442213104
"Far1","5v0","RiboTag_Down","Down",-1.2939898561971253
"Far2","5v0","RiboTag_Down","Down",-2.086302858034166
"Farp1","5v0","RiboTag_Down","Down",2.71643099341576
"Fbh1","5v0","RiboTag_Down","Down",-0.2782988456539827
"Fbn1","5v0","RiboTag_Up","Up",-0.7127857740046994
"Fbxo28","5v0","RiboTag_Down","Down",-1.0540268712725673
"Fbxo32","5v0","RiboTag_Up","Up",0.5691863183230491
"Fbxo33","5v0","RiboTag_Down","Down",-1.4330409653830096
"Fbxw7","5v0","RiboTag_Down","Down",-1.6743201692304468
"Fdft1","5v0","RiboTag_Up","Up",0.10693514710440183
"Fdxacb1","5v0","RiboTag_Down","Down",-1.205012489367775
"Fermt2","5v0","RiboTag_Down","Down",1.7649229617554105
"Fezf2","5v0","RiboTag_Down","Down",-0.3383908580389709
"Fgf11","5v0","RiboTag_Down","Down",-0.16127810160562325
"Fgfr1","5v0","RiboTag_Up","Up",0.035498814221402705
"Filip1","5v0","RiboTag_Down","Down",-0.38463792883714687
"Fkbpl","5v0","RiboTag_Down","Down",-1.3002325972464372
"Fkrp","5v0","RiboTag_Up","Up",-0.13264203473321395
"Fndc10","5v0","RiboTag_Up","Up",0.8460499000587692
"Fosl2","5v0","RiboTag_Down","Down",1.1292692562393225
"Foxred2","5v0","RiboTag_Up","Up",0.5168364545524687
"Frmd6","5v0","RiboTag_Down","Down",-1.0500015474380142
"Frzb","5v0","RiboTag_Up","Up",-0.6775407775699536
"Fscn1","5v0","RiboTag_Down","Down",-0.0010489878825067438
"Fstl5","5v0","RiboTag_Up","Up",0.13351076301646164
"Fxyd6","5v0","RiboTag_Down","Down",0.7167927536054325
"Fzd3","5v0","RiboTag_Up","Up",-0.6066051971884555
"Fzd8","5v0","RiboTag_Up","Up",2.183346290588405
"G6pc3","5v0","RiboTag_Up","Up",1.0153909798493392
"Gaa","5v0","RiboTag_Up","Up",-0.05045444777407114
"Gabbr1","5v0","RiboTag_Up","Up",-0.13165350740791754
"Gabra3","5v0","RiboTag_Down","Down",-0.9399848925579041
"Gabrb1","5v0","RiboTag_Up","Up",-0.1353941446221515
"Gabrb3","5v0","RiboTag_Up","Up",-1.981483643748735
"Gabrd","5v0","RiboTag_Up","Up",1.659768778974777
"Gabrg2","5v0","RiboTag_Up","Up",-2.333752864835531
"Gadd45b","5v0","RiboTag_Down","Down",-0.37456127988801596
"Galnt14","5v0","RiboTag_Up","Up",1.0356734413122075
"Galnt16","5v0","RiboTag_Up","Up",-0.25952130466628787
"Galnt17","5v0","RiboTag_Up","Up",-1.1489544087197
"Ganab","5v0","RiboTag_Up","Up",0.10710630956018416
"Gap43","5v0","RiboTag_Down","Down",-2.115380451321975
"Gda","5v0","RiboTag_Down","Down",-2.124436093059748
"Gdf1","5v0","RiboTag_Up","Up",0.7088107862657185
"Gdf10","5v0","RiboTag_Up","Up",3.3786894337961617
"Gfm1","5v0","RiboTag_Down","Down",-0.1565047356198199
"Gfra2","5v0","RiboTag_Up","Up",0.6181006373316154
"Ggt7","5v0","RiboTag_Up","Up",0.3734798678021227
"Glce","5v0","RiboTag_Up","Up",-1.3852720559441498
"Glg1","5v0","RiboTag_Up","Up",0.018714246395873553
"Glmp","5v0","RiboTag_Up","Up",1.1365049328251515
"Gm10778","5v0","RiboTag_Up","Up",-2.3656748974680055
"Gnptg","5v0","RiboTag_Up","Up",0.2642429267976965
"Gns","5v0","RiboTag_Up","Up",0.4080151588741059
"Golm1","5v0","RiboTag_Up","Up",-0.32303182086555204
"Gpaa1","5v0","RiboTag_Up","Up",1.2727957505543814
"Gpc1","5v0","RiboTag_Up","Up",0.7226351251901707
"Gpc4","5v0","RiboTag_Up","Up",-0.32631397112543903
"Gpm6a","5v0","RiboTag_Up","Up",-1.1052836791109533
"Gpm6b","5v0","RiboTag_Up","Up",0.21682145495836894
"Gpnmb","5v0","RiboTag_Up","Up",5.813091269292317
"Gpr12","5v0","RiboTag_Up","Up",-2.813901061393205
"Gpr155","5v0","RiboTag_Up","Up",-0.8178576691854778
"Gpr158","5v0","RiboTag_Up","Up",-1.0835509345071197
"Gpr162","5v0","RiboTag_Up","Up",0.8643542462476768
"Gpr26","5v0","RiboTag_Up","Up",-0.7002310237421966
"Gpr61","5v0","RiboTag_Up","Up",-1.2076647759189292
"Gpr68","5v0","RiboTag_Up","Up",1.2808047182104947
"Gpr83","5v0","RiboTag_Up","Up",-0.7171462673098163
"Gpr85","5v0","RiboTag_Up","Up",-2.3961291776130085
"Gprc5b","5v0","RiboTag_Up","Up",4.1902353687973
"Gpt2","5v0","RiboTag_Down","Down",0.8726723116561276
"Gria1","5v0","RiboTag_Up","Up",-1.4435855362071672
"Grid1","5v0","RiboTag_Up","Up",0.09007430329628839
"Grik3","5v0","RiboTag_Up","Up",0.9840403963667814
"Grin1","5v0","RiboTag_Up","Up",0.21402331602453672
"Grin2a","5v0","RiboTag_Up","Up",-1.0656139860827496
"Grina","5v0","RiboTag_Up","Up",-0.16588562199129375
"Grm2","5v0","RiboTag_Up","Up",2.5194605413655915
"Grn","5v0","RiboTag_Up","Up",1.1859567541358425
"Grp","5v0","RiboTag_Down","Down",-1.530233486653509
"Gsr","5v0","RiboTag_Up","Up",0.007998208037227705
"Gtpbp4","5v0","RiboTag_Down","Down",-1.0489968031469086
"H2-D1","5v0","RiboTag_Up","Up",2.280962436274343
"Hacd3","5v0","RiboTag_Up","Up",-0.0989032863293314
"Hapln4","5v0","RiboTag_Up","Up",-0.8330570651001374
"Hat1","5v0","RiboTag_Down","Down",-0.5441920177505741
"Herc3","5v0","RiboTag_Down","Down",-2.0180843912136166
"Hexim1","5v0","RiboTag_Down","Down",-1.213808721567305
"Hgsnat","5v0","RiboTag_Up","Up",-1.2586720935549496
"Hipk3","5v0","RiboTag_Down","Down",-0.042648637169281634
"Hivep3","5v0","RiboTag_Down","Down",1.1298625983043804
"Hk1","5v0","RiboTag_Down","Down",0.6638517442505995
"Hnrnpf","5v0","RiboTag_Down","Down",-0.17655701426336398
"Homer1","5v0","RiboTag_Down","Down",-1.391898578647867
"Homer3","5v0","RiboTag_Up","Up",1.0245570365044587
"Hr","5v0","RiboTag_Down","Down",3.0998219807036826
"Hrh3","5v0","RiboTag_Down","Down",1.3529068228478105
"Hrk","5v0","RiboTag_Up","Up",2.2373172399550962
"Hsp90b1","5v0","RiboTag_Up","Up",-0.3864685265155053
"Hspa12a","5v0","RiboTag_Down","Down",-1.2896526436676146
"Htr4","5v0","RiboTag_Up","Up",-3.254003672932928
"Hunk","5v0","RiboTag_Down","Down",-1.4285615313824813
"Hyou1","5v0","RiboTag_Up","Up",-0.7427109340643523
"Icam5","5v0","RiboTag_Up","Up",0.2385052528871178
"Ide","5v0","RiboTag_Down","Down",0.7101865323760975
"Ift140","5v0","RiboTag_Down","Down",0.18340011511380755
"Igf2r","5v0","RiboTag_Up","Up",-0.28324545211287316
"Igfbp5","5v0","RiboTag_Up","Up",4.949621546097254
"Iglon5","5v0","RiboTag_Up","Up",1.204391280813465
"Igsf8","5v0","RiboTag_Up","Up",-0.5076475918210661
"Il16","5v0","RiboTag_Up","Up",0.8800348998016603
"Il1rap","5v0","RiboTag_Up","Up",0.5654185301312057
"Il6st","5v0","RiboTag_Up","Up",1.9179112640160814
"Insig1","5v0","RiboTag_Up","Up",1.1213363557818388
"Insr","5v0","RiboTag_Up","Up",-0.21366553280677092
"Ints13","5v0","RiboTag_Down","Down",0.10958281323373219
"Ints8","5v0","RiboTag_Down","Down",-0.3812594778085388
"Ip6k2","5v0","RiboTag_Down","Down",-1.4602654762902936
"Ipmk","5v0","RiboTag_Down","Down",-0.4162171687977977
"Ipw","5v0","RiboTag_Down","Down",0.5471691593276208
"Iqgap2","5v0","RiboTag_Down","Down",-2.633566854995017
"Irs1","5v0","RiboTag_Down","Down",1.6476883449306488
"Islr","5v0","RiboTag_Up","Up",4.613143646676616
"Islr2","5v0","RiboTag_Up","Up",0.07581879775736095
"Itfg1","5v0","RiboTag_Up","Up",-1.5220214397723162
"Itga7","5v0","RiboTag_Up","Up",0.9973425928197769
"Itm2c","5v0","RiboTag_Up","Up",-0.901156149513941
"Ivns1abp","5v0","RiboTag_Down","Down",-0.22354707194311066
"Jade2","5v0","RiboTag_Down","Down",1.0836610297789027
"Jak1","5v0","RiboTag_Down","Down",-0.6806953710995025
"Jkamp","5v0","RiboTag_Up","Up",-1.2772718123685898
"Jund","5v0","RiboTag_Down","Down",1.4791336070363341
"Kcna1","5v0","RiboTag_Up","Up",-0.5833060201810221
"Kcnab2","5v0","RiboTag_Down","Down",3.3215868672268725
"Kcnc1","5v0","RiboTag_Up","Up",0.6949962697816753
"Kcng2","5v0","RiboTag_Up","Up",1.6678480256263954
"Kcnj11","5v0","RiboTag_Up","Up",0.7281338537750889
"Kcnj4","5v0","RiboTag_Up","Up",-0.06884101368847664
"Kcnk1","5v0","RiboTag_Up","Up",0.47440838565177923
"Kcnq5","5v0","RiboTag_Up","Up",-1.1876383289623946
"Kdelr2","5v0","RiboTag_Up","Up",0.368878175855162
"Kdm3a","5v0","RiboTag_Down","Down",-0.8646146773922883
"Kdsr","5v0","RiboTag_Up","Up",-0.5825209747477444
"Kirrel2","5v0","RiboTag_Up","Up",4.529820259264863
"Kitl","5v0","RiboTag_Down","Down",0.08251942136659987
"Klf6","5v0","RiboTag_Down","Down",-0.9380133946474127
"Klhl13","5v0","RiboTag_Down","Down",-1.6809869870703606
"Kndc1","5v0","RiboTag_Up","Up",0.44780833900198314
"Kpna1","5v0","RiboTag_Down","Down",-1.7899438072877107
"Krtcap2","5v0","RiboTag_Up","Up",0.05595018201741316
"Lamp1","5v0","RiboTag_Up","Up",1.2613795159839463
"Laptm4a","5v0","RiboTag_Up","Up",-0.11301502378286592
"Laptm4b","5v0","RiboTag_Up","Up",-1.0676441350454846
"Lats1","5v0","RiboTag_Down","Down",0.17386188540433062
"Ldb2","5v0","RiboTag_Down","Down",-2.0251793962494395
"Ldhb","5v0","RiboTag_Down","Down",1.4668603916891412
"Ldlr","5v0","RiboTag_Up","Up",0.9901889971504511
"Leprotl1","5v0","RiboTag_Up","Up",-1.4498051254118667
"Lgi1","5v0","RiboTag_Up","Up",-0.8436525603132311
"Lgi3","5v0","RiboTag_Up","Up",0.6634971672065411
"Lhfpl2","5v0","RiboTag_Up","Up",2.745249465877883
"Lingo3","5v0","RiboTag_Up","Up",-0.18175950410380368
"Lmbrd1","5v0","RiboTag_Up","Up",-0.5257549798440225
"Lmln","5v0","RiboTag_Up","Up",-1.2463600084248618
"Lmna","5v0","RiboTag_Down","Down",-0.22095646299252783
"Lnpep","5v0","RiboTag_Up","Up",0.3131076192614445
"Lonrf1","5v0","RiboTag_Down","Down",-0.9674917144552212
"Loxl1","5v0","RiboTag_Up","Up",2.291333201515993
"Lpcat3","5v0","RiboTag_Up","Up",1.4346350572907303
"Lpl","5v0","RiboTag_Up","Up",-2.701313870528999
"Lratd1","5v0","RiboTag_Down","Down",-1.2077561952449523
"Lrfn4","5v0","RiboTag_Up","Up",0.48238372271325813
"Lrp1","5v0","RiboTag_Up","Up",1.062640873682567
"Lrp10","5v0","RiboTag_Up","Up",1.168956720765535
"Lrrc4b","5v0","RiboTag_Up","Up",0.7211510691353852
"Lrrc55","5v0","RiboTag_Up","Up",2.044461317812339
"Lrrn2","5v0","RiboTag_Up","Up",-0.9726473650712295
"Lrtm2","5v0","RiboTag_Up","Up",2.534377869689219
"Lsamp","5v0","RiboTag_Up","Up",0.5752500690268477
"Luc7l","5v0","RiboTag_Down","Down",-0.5864269380166868
"Lurap1","5v0","RiboTag_Down","Down",1.7215229210661864
"Lxn","5v0","RiboTag_Down","Down",1.4454561919295668
"Ly6e","5v0","RiboTag_Up","Up",-0.398989633166216
"Ly6h","5v0","RiboTag_Up","Up",0.15749992935180263
"Lztfl1","5v0","RiboTag_Down","Down",-1.5855595310387383
"Lztr1","5v0","RiboTag_Down","Down",2.038207829226277
"M6pr","5v0","RiboTag_Up","Up",-0.6424387536060072
"Mafk","5v0","RiboTag_Down","Down",-0.23519470321254082
"Magi1","5v0","RiboTag_Up","Up",0.8920586840668591
"Man2b1","5v0","RiboTag_Up","Up",1.9334176801076997
"Maneal","5v0","RiboTag_Up","Up",-0.07405959347095092
"Mansc1","5v0","RiboTag_Up","Up",-1.526733283565953
"Mapk1ip1l","5v0","RiboTag_Down","Down",-0.9694495202019434
"Mapre1","5v0","RiboTag_Down","Down",0.1975743368319843
"Marchf6","5v0","RiboTag_Up","Up",-1.7872761641801571
"Mas1","5v0","RiboTag_Up","Up",-1.6415431599149248
"Mast4","5v0","RiboTag_Down","Down",0.4586492632767182
"Mboat7","5v0","RiboTag_Up","Up",0.13076391228024167
"Mctp1","5v0","RiboTag_Up","Up",-0.21866300604220024
"Mdga1","5v0","RiboTag_Up","Up",0.11683662627716634
"Mdm2","5v0","RiboTag_Down","Down",-1.1537970380586402
"Med14","5v0","RiboTag_Down","Down",-1.5852789372121074
"Megf8","5v0","RiboTag_Up","Up",1.3118385663510712
"Megf9","5v0","RiboTag_Up","Up",-1.7689262226314888
"Mex3b","5v0","RiboTag_Down","Down",-0.5281519610566738
"Mfn1","5v0","RiboTag_Down","Down",2.0706845659129285
"Mfsd10","5v0","RiboTag_Up","Up",0.6542146256149105
"Mfsd11","5v0","RiboTag_Up","Up",0.47151778343904965
"Mfsd12","5v0","RiboTag_Up","Up",1.2398677448382176
"Mfsd4a","5v0","RiboTag_Up","Up",-0.4309910508424962
"Mfsd5","5v0","RiboTag_Up","Up",-0.8080537964251213
"Mfsd6","5v0","RiboTag_Up","Up",-1.6577907984672082
"Mfsd8","5v0","RiboTag_Up","Up",-0.7630021051669407
"Mgat1","5v0","RiboTag_Up","Up",1.4921058460268297
"Mgat3","5v0","RiboTag_Up","Up",0.29589254056184067
"Mgat4c","5v0","RiboTag_Up","Up",-2.5717012720926267
"Mgat5b","5v0","RiboTag_Up","Up",2.288823980639505
"Micos10","5v0","RiboTag_Down","Down",-0.263892604935152
"Midn","5v0","RiboTag_Down","Down",0.08762541070386966
"Mir22hg","5v0","RiboTag_Down","Down",-2.2908066306915313
"Mkln1","5v0","RiboTag_Down","Down",0.19314682990600565
"Mlec","5v0","RiboTag_Up","Up",-0.022494167683757383
"Mlxip","5v0","RiboTag_Down","Down",-0.02142702375084169
"Mmp17","5v0","RiboTag_Up","Up",0.07535196084496339
"Mogs","5v0","RiboTag_Up","Up",-0.13348758465626395
"Mpped1","5v0","RiboTag_Down","Down",1.9395025873319507
"Mrm1","5v0","RiboTag_Up","Up",0.18340112193733804
"Msantd1","5v0","RiboTag_Down","Down",-0.7573161598988731
"Msantd7","5v0","RiboTag_Down","Down",-0.6451967052279188
"Mt2","5v0","RiboTag_Down","Down",4.34423065187317
"Mtf1","5v0","RiboTag_Down","Down",-0.10992482362973266
"Mthfd2","5v0","RiboTag_Up","Up",-0.10985299168412672
"Mtmr1","5v0","RiboTag_Down","Down",-1.680951426660184
"Mturn","5v0","RiboTag_Down","Down",2.167349626781412
"Mul1","5v0","RiboTag_Down","Down",-0.0650109159699426
"Myc","5v0","RiboTag_Down","Down",1.7274333088690061
"Mycl","5v0","RiboTag_Up","Up",0.653016218238495
"Mycn","5v0","RiboTag_Up","Up",-0.2967677848488794
"Myo16","5v0","RiboTag_Down","Down",0.05502370885838997
"Nadk2","5v0","RiboTag_Down","Down",0.8831153524660267
"Nampt","5v0","RiboTag_Down","Down",-1.5089939949297866
"Nap1l5","5v0","RiboTag_Down","Down",-0.9779514047054151
"Ncam1","5v0","RiboTag_Up","Up",0.6100047658627907
"Ncan","5v0","RiboTag_Up","Up",1.587245654539076
"Nceh1","5v0","RiboTag_Up","Up",-2.143220598368587
"Ncstn","5v0","RiboTag_Up","Up",0.24987009314370942
"Ndc1","5v0","RiboTag_Up","Up",-0.03834869794158808
"Ndst3","5v0","RiboTag_Down","Down",-3.1515934646056305
"Ndufs1","5v0","RiboTag_Down","Down",-0.4215945083325355
"Ndufs2","5v0","RiboTag_Down","Down",0.8634267394290743
"Necab1","5v0","RiboTag_Down","Down",-0.366897988498814
"Necap2","5v0","RiboTag_Down","Down",2.6126381743289695
"Nectin1","5v0","RiboTag_Up","Up",0.40909966624109484
"Nectin3","5v0","RiboTag_Up","Up",0.4293628380660591
"Nectin4","5v0","RiboTag_Up","Up",-0.182362093194677
"Nedd9","5v0","RiboTag_Down","Down",3.2584246986647636
"Negr1","5v0","RiboTag_Up","Up",-0.5279375612167102
"Nell1","5v0","RiboTag_Up","Up",-2.3398484263432193
"Nell2","5v0","RiboTag_Up","Up",-1.3787441639562321
"Nemf","5v0","RiboTag_Down","Down",-0.5231915562034211
"Net1","5v0","RiboTag_Down","Down",-1.0347559880006545
"Nfasc","5v0","RiboTag_Up","Up",0.6241175308124388
"Nfatc2","5v0","RiboTag_Down","Down",0.8285012657703552
"Nfe2l1","5v0","RiboTag_Up","Up",0.45150542198502897
"Nfil3","5v0","RiboTag_Down","Down",-0.8693236628043524
"Nfkb1","5v0","RiboTag_Down","Down",0.5819332031876786
"Ngef","5v0","RiboTag_Down","Down",0.14262326938786782
"Nipa1","5v0","RiboTag_Up","Up",-0.44526349951431576
"Nipal3","5v0","RiboTag_Up","Up",0.07524443767348576
"Nkain3","5v0","RiboTag_Up","Up",-0.7378795987847896
"Nkiras1","5v0","RiboTag_Down","Down",-1.6307876863934172
"Nlgn1","5v0","RiboTag_Up","Up",-1.8926227516285854
"Nlgn3","5v0","RiboTag_Up","Up",-0.8344903590781779
"Nmt2","5v0","RiboTag_Down","Down",-0.7927234284849867
"Nnat","5v0","RiboTag_Down","Down",0.41519777870777536
"Noct","5v0","RiboTag_Down","Down",-1.2454528130485976
"Nomo1","5v0","RiboTag_Up","Up",1.4793032524439211
"Nos1","5v0","RiboTag_Down","Down",0.8886611080944457
"Nos1ap","5v0","RiboTag_Down","Down",-1.7471153317351078
"Npas2","5v0","RiboTag_Down","Down",2.073357506511339
"Npdc1","5v0","RiboTag_Up","Up",0.926146438991921
"Npepps","5v0","RiboTag_Down","Down",-0.19455227259168967
"Npnt","5v0","RiboTag_Up","Up",3.8038162563623086
"Npr3","5v0","RiboTag_Down","Down",-2.686645790206379
"Nptn","5v0","RiboTag_Up","Up",-2.1166595409754065
"Nptx1","5v0","RiboTag_Up","Up",-0.5233737546362398
"Nptx2","5v0","RiboTag_Down","Down",-1.6046400652731776
"Nptxr","5v0","RiboTag_Up","Up",0.24585144273211226
"Npy2r","5v0","RiboTag_Up","Up",-2.1334149869472188
"Nr1d1","5v0","RiboTag_Down","Down",0.5135726842005289
"Nr4a1","5v0","RiboTag_Down","Down",-0.6372701927990005
"Nr4a2","5v0","RiboTag_Down","Down",1.0544978596225598
"Nr4a3","5v0","RiboTag_Down","Down",0.39475167616096873
"Nr6a1","5v0","RiboTag_Down","Down",-0.20877697932764916
"Nrcam","5v0","RiboTag_Up","Up",-0.874059789358687
"Nrip3","5v0","RiboTag_Up","Up",0.24068064786424628
"Nrp1","5v0","RiboTag_Up","Up",-1.0022514123289268
"Nrp2","5v0","RiboTag_Up","Up",1.1439674682303507
"Nrxn1","5v0","RiboTag_Up","Up",-0.22680252711704077
"Nrxn2","5v0","RiboTag_Up","Up",1.3751972879954908
"Nsmce3","5v0","RiboTag_Down","Down",-1.637097510060371
"Ntrk3","5v0","RiboTag_Up","Up",-0.9059338537737195
"Nuak1","5v0","RiboTag_Down","Down",-0.2212578639987214
"Nup50","5v0","RiboTag_Down","Down",-1.0400889922121606
"Nxpe3","5v0","RiboTag_Up","Up",-1.6401862909320983
"Odc1","5v0","RiboTag_Down","Down",-0.015051734045788634
"Opa3","5v0","RiboTag_Down","Down",1.6419754684348764
"Opcml","5v0","RiboTag_Up","Up",-2.0599709290427453
"Os9","5v0","RiboTag_Up","Up",0.4513842448374123
"Osbpl6","5v0","RiboTag_Down","Down",-1.9108901794765083
"Osgin2","5v0","RiboTag_Down","Down",-0.28464029450014156
"Ostm1","5v0","RiboTag_Up","Up",-1.3968468376750383
"Oxct1","5v0","RiboTag_Down","Down",0.22407186381335217
"P4hb","5v0","RiboTag_Up","Up",-0.09435582876369435
"Pabpc4","5v0","RiboTag_Up","Up",3.06767584917484
"Pacc1","5v0","RiboTag_Up","Up",0.12971508704596676
"Pak4","5v0","RiboTag_Down","Down",3.042278987605484
"Palmd","5v0","RiboTag_Down","Down",-1.8925567711636455
"Paqr4","5v0","RiboTag_Up","Up",0.9536247751513666
"Paqr7","5v0","RiboTag_Up","Up",1.4493498345940155
"Paqr9","5v0","RiboTag_Up","Up",-0.7131520010557877
"Parvg","5v0","RiboTag_Up","Up",4.923181227965034
"Patz1","5v0","RiboTag_Up","Up",0.7551575600613049
"Pcdh1","5v0","RiboTag_Up","Up",0.1350067482777059
"Pcdh10","5v0","RiboTag_Up","Up",0.42945969271592416
"Pcdh20","5v0","RiboTag_Up","Up",-2.2580225496063737
"Pcdhb17","5v0","RiboTag_Up","Up",-1.0092116160145554
"Pcdhb18","5v0","RiboTag_Up","Up",-0.36442506230763294
"Pcdhb3","5v0","RiboTag_Up","Up",-1.2020351215775924
"Pcdhb7","5v0","RiboTag_Up","Up",-0.5421774816406755
"Pcdhga1","5v0","RiboTag_Up","Up",-0.8248032199749644
"Pcdhga12","5v0","RiboTag_Up","Up",0.15389833188793373
"Pcdhga3","5v0","RiboTag_Up","Up",-0.8417468501110984
"Pcdhgb1","5v0","RiboTag_Down","Down",0.40878859389632755
"Pcdhgb2","5v0","RiboTag_Up","Up",0.22287722665148135
"Pcsk1","5v0","RiboTag_Down","Down",-1.6442366066947327
"Pcsk5","5v0","RiboTag_Up","Up",1.1469385499173324
"Pcyox1","5v0","RiboTag_Up","Up",-0.9806371747169358
"Pde11a","5v0","RiboTag_Down","Down",-0.1863636803056983
"Pde12","5v0","RiboTag_Down","Down",-0.4315302458244648
"Pde1a","5v0","RiboTag_Down","Down",-2.947181204661388
"Pde2a","5v0","RiboTag_Down","Down",0.28284943194000794
"Pde4b","5v0","RiboTag_Down","Down",-0.31366931873258336
"Pdia4","5v0","RiboTag_Up","Up",0.36887286774835815
"Peli1","5v0","RiboTag_Down","Down",-1.1650941047841383
"Per2","5v0","RiboTag_Down","Down",-0.04774419720704996
"Pgap3","5v0","RiboTag_Up","Up",-0.7177137797405254
"Pgm2l1","5v0","RiboTag_Down","Down",-1.78511945112239
"Pgrmc2","5v0","RiboTag_Up","Up",-0.4268985062033825
"Phf13","5v0","RiboTag_Down","Down",-1.7602112304044604
"Phf21a","5v0","RiboTag_Down","Down",1.1051870639437962
"Phf3","5v0","RiboTag_Down","Down",-1.1003771521483685
"Phf6","5v0","RiboTag_Down","Down",-1.3492544252729997
"Phf8","5v0","RiboTag_Down","Down",-1.1563784579871468
"Phgdh","5v0","RiboTag_Up","Up",4.7304104405947776
"Phlda1","5v0","RiboTag_Down","Down",0.02446925503718636
"Phospho2","5v0","RiboTag_Down","Down",-1.2423968495081072
"Pi4ka","5v0","RiboTag_Down","Down",0.46422643016031134
"Pid1","5v0","RiboTag_Down","Down",-1.1339970940874788
"Piga","5v0","RiboTag_Down","Down",-1.6688534009389342
"Pigg","5v0","RiboTag_Up","Up",-1.2521763949925648
"Pigh","5v0","RiboTag_Up","Up",0.8631292855137573
"Pigt","5v0","RiboTag_Up","Up",0.2907627128414692
"Pigu","5v0","RiboTag_Up","Up",-0.7643411558189137
"Pik3c2b","5v0","RiboTag_Down","Down",0.5071940066814702
"Pikfyve","5v0","RiboTag_Down","Down",-0.20289238093448592
"Pip5k1a","5v0","RiboTag_Down","Down",-1.2445211680941894
"Pkn2","5v0","RiboTag_Down","Down",0.1724922069737756
"Plbd2","5v0","RiboTag_Up","Up",0.007432359045184286
"Plcl2","5v0","RiboTag_Down","Down",-1.0464892607523553
"Plcxd2","5v0","RiboTag_Up","Up",0.4822561873439245
"Pld2","5v0","RiboTag_Down","Down",3.1569070064847726
"Pld3","5v0","RiboTag_Up","Up",2.764275121865915
"Plec","5v0","RiboTag_Up","Up",0.7298824060752563
"Plk2","5v0","RiboTag_Down","Down",-2.8580473145680187
"Plppr1","5v0","RiboTag_Up","Up",-0.17083939537566642
"Plppr2","5v0","RiboTag_Up","Up",0.6933449823883127
"Plxna1","5v0","RiboTag_Up","Up",0.4355334041848152
"Plxnb2","5v0","RiboTag_Up","Up",2.956318659160164
"Podxl","5v0","RiboTag_Up","Up",2.3794892785901243
"Pomgnt2","5v0","RiboTag_Up","Up",-0.9110491240056189
"Porcn","5v0","RiboTag_Up","Up",-1.1939891773189553
"Ppat","5v0","RiboTag_Down","Down",-0.6061402868066582
"Ppib","5v0","RiboTag_Up","Up",0.4338227525431566
"Ppig","5v0","RiboTag_Down","Down",-0.7301469310506987
"Ppm1d","5v0","RiboTag_Down","Down",-0.16590689618055998
"Ppm1l","5v0","RiboTag_Up","Up",-0.46081113401835055
"Ppp1r15a","5v0","RiboTag_Down","Down",-0.7397232851350474
"Ppp1r3c","5v0","RiboTag_Down","Down",3.771702301211843
"Ppp2r2a","5v0","RiboTag_Down","Down",-0.9942511863528043
"Ppp4r4","5v0","RiboTag_Down","Down",-1.8652233450816302
"Prkcb","5v0","RiboTag_Down","Down",1.1244593628012292
"Prkcsh","5v0","RiboTag_Up","Up",-0.105984434237349
"Prkx","5v0","RiboTag_Down","Down",0.9450950470084366
"Prmt2","5v0","RiboTag_Down","Down",-0.8125473720051284
"Prmt9","5v0","RiboTag_Down","Down",-0.2586388536583717
"Prox1","5v0","RiboTag_Up","Up",4.570475132159622
"Prpf8","5v0","RiboTag_Down","Down",0.6977318949371397
"Prrc1","5v0","RiboTag_Up","Up",-0.18520675081650012
"Prrt3","5v0","RiboTag_Up","Up",0.2671371758334612
"Prune2","5v0","RiboTag_Up","Up",0.3945399898553097
"Psap","5v0","RiboTag_Up","Up",-0.07567693024430322
"Psat1","5v0","RiboTag_Up","Up",2.5533670145985656
"Psph","5v0","RiboTag_Up","Up",1.682122421463799
"Ptk2","5v0","RiboTag_Down","Down",-0.888134333012537
"Ptp4a1","5v0","RiboTag_Down","Down",-0.7725946505052358
"Ptpn1","5v0","RiboTag_Down","Down",2.1117962464942877
"Ptpn12","5v0","RiboTag_Down","Down",-0.0015055550147269835
"Ptprj","5v0","RiboTag_Up","Up",-1.0166103214602928
"Ptpro","5v0","RiboTag_Up","Up",-0.15042348332223923
"Ptprs","5v0","RiboTag_Up","Up",0.1450428592811831
"Pura","5v0","RiboTag_Up","Up",0.3241997844717647
"Qsox2","5v0","RiboTag_Up","Up",-1.5440864372891117
"R3hcc1l","5v0","RiboTag_Down","Down",-0.9894652567583642
"Rab27b","5v0","RiboTag_Down","Down",-2.4917694668765975
"Rab3c","5v0","RiboTag_Down","Down",-0.8109509791769083
"Rab3gap2","5v0","RiboTag_Down","Down",-0.6331362169898431
"Rab6a","5v0","RiboTag_Down","Down",-1.854475110303026
"Rab8a","5v0","RiboTag_Down","Down",0.7887760369248024
"Rabac1","5v0","RiboTag_Up","Up",-0.08261120254114068
"Ralgapa1","5v0","RiboTag_Down","Down",-1.4644049725731354
"Ranbp6","5v0","RiboTag_Down","Down",-1.3210642887780932
"Rap1gap","5v0","RiboTag_Down","Down",0.1264823166144156
"Rap2a","5v0","RiboTag_Down","Down",-0.7934469551870686
"Rara","5v0","RiboTag_Down","Down",-0.9820353406581445
"Rasgrp1","5v0","RiboTag_Down","Down",-2.030005959005854
"Rasl11b","5v0","RiboTag_Down","Down",-2.703247587835701
"Rbm22","5v0","RiboTag_Down","Down",-0.9875174013888336
"Rbm39","5v0","RiboTag_Down","Down",-0.18503984406333115
"Rc3h1","5v0","RiboTag_Down","Down",0.5692748516656235
"Recql","5v0","RiboTag_Up","Up",-0.9688061289851333
"Reep2","5v0","RiboTag_Up","Up",-0.4696559186607784
"Reep5","5v0","RiboTag_Up","Up",-0.5796292055062441
"Relt","5v0","RiboTag_Up","Up",2.0687451313143823
"Retreg2","5v0","RiboTag_Up","Up",-0.5822784888480423
"Rfx2","5v0","RiboTag_Down","Down",3.3178448090242973
"Rfx3","5v0","RiboTag_Up","Up",0.06333235802598738
"Rgp1","5v0","RiboTag_Down","Down",1.9683416906758822
"Rgs4","5v0","RiboTag_Down","Down",-2.283714664717969
"Rhbdd1","5v0","RiboTag_Up","Up",1.810242587830836
"Rhbdd3","5v0","RiboTag_Up","Up",1.5307391387472062
"Ric3","5v0","RiboTag_Up","Up",-1.5159939188264964
"Ripor2","5v0","RiboTag_Down","Down",-0.8608928791926125
"Rlf","5v0","RiboTag_Down","Down",-1.3793083721791175
"Rnf123","5v0","RiboTag_Down","Down",1.5487388360490113
"Rnf128","5v0","RiboTag_Up","Up",-1.5952821147490217
"Rnf145","5v0","RiboTag_Up","Up",-2.479737489894954
"Rnf167","5v0","RiboTag_Up","Up",-0.34006914383133807
"Rnf19a","5v0","RiboTag_Down","Down",-1.3133712125894732
"Rnf217","5v0","RiboTag_Down","Down",1.0238698601009157
"Rnf26","5v0","RiboTag_Up","Up",-0.011581003793681986
"Rnft1","5v0","RiboTag_Down","Down",-0.5279150554523075
"Rnft2","5v0","RiboTag_Up","Up",-0.23814102262194994
"Rngtt","5v0","RiboTag_Down","Down",-0.9724588643676652
"Rnmt","5v0","RiboTag_Down","Down",-1.2296936539457715
"Robo1","5v0","RiboTag_Up","Up",-0.7493445392345702
"Robo2","5v0","RiboTag_Up","Up",-1.724430700633975
"Rora","5v0","RiboTag_Down","Down",2.451010639236688
"Rpgr","5v0","RiboTag_Down","Down",-1.963086775489166
"Rpl31","5v0","RiboTag_Down","Down",1.7123969710336817
"Rpl34","5v0","RiboTag_Down","Down",1.2911342961344878
"Rpl36","5v0","RiboTag_Down","Down",1.4087587087400844
"Rpl39","5v0","RiboTag_Down","Down",1.5437187211627836
"Rpl9","5v0","RiboTag_Down","Down",1.9728605934632324
"Rpn1","5v0","RiboTag_Up","Up",-0.28082306609867624
"Rpn2","5v0","RiboTag_Up","Up",0.2792310691743745
"Rps19","5v0","RiboTag_Down","Down",2.5005919167240314
"Rps27a","5v0","RiboTag_Down","Down",1.6630513108548972
"Rtn3","5v0","RiboTag_Up","Up",-1.4586618043584794
"Rtn4r","5v0","RiboTag_Up","Up",-1.0472076522918061
"Rtn4rl1","5v0","RiboTag_Up","Up",-0.7506871160229767
"Rundc1","5v0","RiboTag_Down","Down",-0.3746298213619555
"Runx1t1","5v0","RiboTag_Down","Down",-2.2588177456450573
"Rwdd4a","5v0","RiboTag_Down","Down",-0.47242098894759854
"S100a10","5v0","RiboTag_Down","Down",0.5724609070683452
"Satb2","5v0","RiboTag_Down","Down",-2.1732440353612277
"Sbk1","5v0","RiboTag_Down","Down",3.4086645860177187
"Scamp1","5v0","RiboTag_Up","Up",-1.5594115432835265
"Scamp3","5v0","RiboTag_Up","Up",0.2537850759473605
"Scamp5","5v0","RiboTag_Up","Up",-0.629677675498975
"Scarb2","5v0","RiboTag_Up","Up",1.0247708935674413
"Scd2","5v0","RiboTag_Up","Up",1.8767769700799468
"Scn2a","5v0","RiboTag_Up","Up",-1.1614750606550348
"Scn2b","5v0","RiboTag_Up","Up",-0.28660429837475787
"Scpep1","5v0","RiboTag_Up","Up",1.8528122172412111
"Scube1","5v0","RiboTag_Up","Up",-1.526343212850751
"Sde2","5v0","RiboTag_Down","Down",-1.3150518524155896
"Sec24a","5v0","RiboTag_Down","Down",0.227853090102584
"Sel1l","5v0","RiboTag_Up","Up",-1.387216365974435
"Selenoi","5v0","RiboTag_Up","Up",-0.8612539501470863
"Sema4f","5v0","RiboTag_Up","Up",-0.9225330070158251
"Sema5a","5v0","RiboTag_Up","Up",4.0111563520232885
"Sema6b","5v0","RiboTag_Up","Up",1.4750977503089893
"Sema7a","5v0","RiboTag_Up","Up",0.8161543276702283
"Septin6","5v0","RiboTag_Down","Down",-1.7542126778823601
"Serinc1","5v0","RiboTag_Up","Up",-2.284272692553142
"Serinc3","5v0","RiboTag_Up","Up",-0.48196897989925735
"Serpina3n","5v0","RiboTag_Up","Up",-0.7215502777924555
"Sertad1","5v0","RiboTag_Down","Down",-0.41939765205033375
"Sertm1","5v0","RiboTag_Down","Down",-2.272454722966647
"Sesn1","5v0","RiboTag_Down","Down",0.04032221265776958
"Sesn2","5v0","RiboTag_Up","Up",0.6303704921238835
"Setbp1","5v0","RiboTag_Down","Down",-0.47043761663705275
"Sez6l","5v0","RiboTag_Up","Up",-0.48586664455200596
"Sez6l2","5v0","RiboTag_Up","Up",-0.20394855481037805
"Sgk1","5v0","RiboTag_Down","Down",0.017592634991369736
"Sgpp1","5v0","RiboTag_Up","Up",-0.7480258673532053
"Sh3bp4","5v0","RiboTag_Down","Down",-0.48261702312524696
"Sh3glb1","5v0","RiboTag_Down","Down",0.054834228655517375
"Shisal1","5v0","RiboTag_Up","Up",2.3910444263144273
"Shmt2","5v0","RiboTag_Up","Up",1.7035997832965528
"Siah2","5v0","RiboTag_Down","Down",-1.2112235988476328
"Sidt1","5v0","RiboTag_Up","Up",-1.5748378665587892
"Sigmar1","5v0","RiboTag_Up","Up",-0.9678372099766626
"Sirpa","5v0","RiboTag_Up","Up",-0.4448879267791168
"Skil","5v0","RiboTag_Down","Down",-1.7322263107254239
"Slc12a5","5v0","RiboTag_Up","Up",0.06172312232892363
"Slc12a9","5v0","RiboTag_Up","Up",1.4713182283485617
"Slc16a14","5v0","RiboTag_Up","Up",-2.3998468768061954
"Slc16a2","5v0","RiboTag_Up","Up",1.08233867982026
"Slc17a7","5v0","RiboTag_Up","Up",0.7744349059069638
"Slc18b1","5v0","RiboTag_Up","Up",-0.36347244709072396
"Slc1a2","5v0","RiboTag_Up","Up",3.7677517075059295
"Slc1a4","5v0","RiboTag_Up","Up",1.0765159112321416
"Slc22a17","5v0","RiboTag_Up","Up",0.028937152334638058
"Slc23a2","5v0","RiboTag_Up","Up",-0.855225092107943
"Slc24a2","5v0","RiboTag_Up","Up",-2.253518592675747
"Slc25a25","5v0","RiboTag_Down","Down",0.26812389829120153
"Slc25a3","5v0","RiboTag_Down","Down",0.16431420888538803
"Slc29a2","5v0","RiboTag_Up","Up",-0.12428324479889917
"Slc2a1","5v0","RiboTag_Up","Up",3.244341464714815
"Slc2a13","5v0","RiboTag_Up","Up",0.004101152616885606
"Slc2a6","5v0","RiboTag_Up","Up",-0.36796978184837587
"Slc30a5","5v0","RiboTag_Up","Up",-0.9925573510441892
"Slc33a1","5v0","RiboTag_Up","Up",-0.9725324972469073
"Slc35b2","5v0","RiboTag_Up","Up",1.1071378199124018
"Slc37a3","5v0","RiboTag_Up","Up",-0.4803892079350742
"Slc37a4","5v0","RiboTag_Up","Up",-0.21143203421217882
"Slc38a1","5v0","RiboTag_Up","Up",-0.1333077556829653
"Slc38a2","5v0","RiboTag_Up","Up",-0.33774634697881817
"Slc38a7","5v0","RiboTag_Up","Up",-0.7917798474091514
"Slc39a13","5v0","RiboTag_Up","Up",0.46421208108485723
"Slc39a6","5v0","RiboTag_Up","Up",0.31978799066911445
"Slc39a7","5v0","RiboTag_Up","Up",0.414469856550616
"Slc3a2","5v0","RiboTag_Up","Up",0.839861606002969
"Slc43a2","5v0","RiboTag_Up","Up",0.5718384872752412
"Slc44a5","5v0","RiboTag_Up","Up",-1.205138577343806
"Slc48a1","5v0","RiboTag_Up","Up",0.9784942559418234
"Slc49a4","5v0","RiboTag_Up","Up",0.20880953074048286
"Slc4a10","5v0","RiboTag_Up","Up",-2.1828875570247357
"Slc4a7","5v0","RiboTag_Up","Up",-1.0741035005356288
"Slc6a15","5v0","RiboTag_Up","Up",-1.9697188789566054
"Slc6a17","5v0","RiboTag_Up","Up",-0.2697303986338917
"Slc6a7","5v0","RiboTag_Up","Up",-1.5457663511059117
"Slc6a9","5v0","RiboTag_Up","Up",1.4912785112051739
"Slc7a1","5v0","RiboTag_Up","Up",-0.2002391903733439
"Slc7a14","5v0","RiboTag_Up","Up",-1.0430623415362426
"Slc7a4","5v0","RiboTag_Up","Up",-0.10136037413999596
"Slc7a5","5v0","RiboTag_Up","Up",1.4203479146873776
"Slc7a8","5v0","RiboTag_Up","Up",-0.5541444610601727
"Slc9a4","5v0","RiboTag_Up","Up",-3.722563735850281
"Slc9a6","5v0","RiboTag_Up","Up",-0.30527151745622844
"Slc9a7","5v0","RiboTag_Up","Up",-0.2415086206456999
"Slco3a1","5v0","RiboTag_Up","Up",-0.554865785988367
"Slirp","5v0","RiboTag_Down","Down",-0.8377293506491021
"Slit1","5v0","RiboTag_Up","Up",-0.12299304785644379
"Slit2","5v0","RiboTag_Up","Up",-1.1900913243802478
"Slit3","5v0","RiboTag_Up","Up",-0.6127061520404992
"Smad1","5v0","RiboTag_Down","Down",-0.12177335455681565
"Smad7","5v0","RiboTag_Down","Down",1.1974430639371
"Smarca1","5v0","RiboTag_Down","Down",-1.0047325000410796
"Smg7","5v0","RiboTag_Down","Down",-0.4114890465102151
"Smoc2","5v0","RiboTag_Up","Up",0.7008973271996771
"Smpd1","5v0","RiboTag_Up","Up",-0.14724415078084893
"Smpd4","5v0","RiboTag_Down","Down",0.5803998774023312
"Smurf1","5v0","RiboTag_Down","Down",0.5025326731132839
"Snrk","5v0","RiboTag_Down","Down",0.5038811870859798
"Snrpb2","5v0","RiboTag_Down","Down",-1.3404891174154459
"Sorcs2","5v0","RiboTag_Up","Up",1.3606135633030831
"Sorl1","5v0","RiboTag_Up","Up",-0.40816207539040816
"Sort1","5v0","RiboTag_Up","Up",-0.04696356459230997
"Sos1","5v0","RiboTag_Down","Down",-0.7241183093802517
"Sowaha","5v0","RiboTag_Down","Down",2.958637572012258
"Sox9","5v0","RiboTag_Down","Down",4.090342556430473
"Spata2l","5v0","RiboTag_Down","Down",-0.5106948069450286
"Spcs2","5v0","RiboTag_Up","Up",-0.31429560590490985
"Spns1","5v0","RiboTag_Up","Up",0.4183734133952285
"Spock1","5v0","RiboTag_Up","Up",0.03889325870619211
"Spock2","5v0","RiboTag_Up","Up",0.5788827606393676
"Spock3","5v0","RiboTag_Up","Up",-0.04019372956594411
"Spop","5v0","RiboTag_Down","Down",0.588748175291022
"Spred1","5v0","RiboTag_Down","Down",-0.0861930163346311
"Sprn","5v0","RiboTag_Up","Up",-1.229623799749153
"Spry4","5v0","RiboTag_Down","Down",-0.029054828300221654
"Spty2d1","5v0","RiboTag_Down","Down",-1.4344929873400392
"Sqle","5v0","RiboTag_Up","Up",0.23918094059075745
"Srebf2","5v0","RiboTag_Up","Up",1.2064188907188986
"Srf","5v0","RiboTag_Down","Down",2.9495400175442383
"Srgap1","5v0","RiboTag_Down","Down",0.3510040443904806
"Srprb","5v0","RiboTag_Up","Up",0.122803768664486
"Ssr1","5v0","RiboTag_Up","Up",-0.6011421542376915
"Ssr2","5v0","RiboTag_Up","Up",-0.5262905400926952
"Ssr3","5v0","RiboTag_Up","Up",-0.7556767376288764
"Sstr2","5v0","RiboTag_Up","Up",-0.02099644615091342
"St6gal2","5v0","RiboTag_Up","Up",-1.616262639051402
"Stard4","5v0","RiboTag_Up","Up",0.40475505814392954
"Stard5","5v0","RiboTag_Up","Up",0.2238445279009374
"Stk35","5v0","RiboTag_Down","Down",2.020487370658106
"Stk38l","5v0","RiboTag_Down","Down",-0.4948089832349268
"Stk40","5v0","RiboTag_Down","Down",1.935982588750581
"Stmn4","5v0","RiboTag_Down","Down",-0.9879485406013411
"Strip2","5v0","RiboTag_Down","Down",-1.8164576648988224
"Stt3a","5v0","RiboTag_Up","Up",0.2818889299922101
"Sub1","5v0","RiboTag_Down","Down",-1.916596598394639
"Sun2","5v0","RiboTag_Up","Up",1.7023747915332628
"Surf4","5v0","RiboTag_Up","Up",-0.41276942217750046
"Sv2a","5v0","RiboTag_Up","Up",-0.45311368987744877
"Sv2b","5v0","RiboTag_Up","Up",-2.685176501072135
"Syngr1","5v0","RiboTag_Up","Up",-0.2654158204967686
"Synj1","5v0","RiboTag_Down","Down",-1.4985085211753302
"Synpr","5v0","RiboTag_Up","Up",1.851828929904444
"Syp","5v0","RiboTag_Up","Up",-1.2523785298873167
"Sypl2","5v0","RiboTag_Up","Up",3.464246042894281
"Syt1","5v0","RiboTag_Up","Up",-1.9383873563229503
"Syt11","5v0","RiboTag_Up","Up",-0.33981292871858
"Syt13","5v0","RiboTag_Up","Up",-0.5996740935505037
"Syt3","5v0","RiboTag_Up","Up",-0.7267472859393107
"Syt4","5v0","RiboTag_Down","Down",-2.5516387801483305
"Syvn1","5v0","RiboTag_Up","Up",-0.8659006065437478
"Tab1","5v0","RiboTag_Up","Up",0.5374691171982047
"Tafa2","5v0","RiboTag_Up","Up",0.5534929952704634
"Tecr","5v0","RiboTag_Up","Up",-0.2516769482898048
"Tesc","5v0","RiboTag_Down","Down",-1.640430163034656
"Tfrc","5v0","RiboTag_Up","Up",-0.36120373339926587
"Tgfa","5v0","RiboTag_Up","Up",3.240926473563695
"Tgoln1","5v0","RiboTag_Up","Up",-0.6961358800171236
"Them6","5v0","RiboTag_Up","Up",-0.8359634372188531
"Thop1","5v0","RiboTag_Down","Down",-0.08023238055198537
"Thsd7a","5v0","RiboTag_Up","Up",1.013765798175262
"Tiam2","5v0","RiboTag_Down","Down",1.088726570991891
"Tigar","5v0","RiboTag_Up","Up",-1.1599160001170197
"Timp2","5v0","RiboTag_Down","Down",-0.23293480016790083
"Tiparp","5v0","RiboTag_Down","Down",0.07927834563762264
"Tlcd4","5v0","RiboTag_Up","Up",-1.3278504475309352
"Tle3","5v0","RiboTag_Down","Down",0.8251703114350025
"Tlk2","5v0","RiboTag_Up","Up",-0.9818780150968139
"Tm9sf2","5v0","RiboTag_Up","Up",-0.9624806044458519
"Tm9sf3","5v0","RiboTag_Up","Up",-0.5024648473859286
"Tmbim6","5v0","RiboTag_Up","Up",0.4655152547738445
"Tmco1","5v0","RiboTag_Up","Up",-0.5026769547455918
"Tmed2","5v0","RiboTag_Up","Up",-0.822329175463966
"Tmed7","5v0","RiboTag_Up","Up",-1.253340417873561
"Tmed9","5v0","RiboTag_Up","Up",-0.3943567895919109
"Tmeff2","5v0","RiboTag_Up","Up",-0.38689712218762107
"Tmem109","5v0","RiboTag_Up","Up",-0.5751384510798747
"Tmem131","5v0","RiboTag_Up","Up",-0.6260750914768264
"Tmem132a","5v0","RiboTag_Up","Up",-0.07522235846996232
"Tmem132b","5v0","RiboTag_Up","Up",-0.4980609714389492
"Tmem145","5v0","RiboTag_Up","Up",0.7972108664882329
"Tmem147","5v0","RiboTag_Up","Up",-0.2009428512791311
"Tmem161a","5v0","RiboTag_Up","Up",0.5492692731801628
"Tmem178","5v0","RiboTag_Up","Up",-0.45407382770150706
"Tmem179","5v0","RiboTag_Up","Up",-0.8035377517697211
"Tmem184b","5v0","RiboTag_Up","Up",0.3359380159221352
"Tmem19","5v0","RiboTag_Up","Up",-0.5547980498898993
"Tmem245","5v0","RiboTag_Up","Up",0.2718404504363442
"Tmem25","5v0","RiboTag_Up","Up",-0.6037994619464782
"Tmem259","5v0","RiboTag_Up","Up",0.868354361955328
"Tmem30a","5v0","RiboTag_Up","Up",-1.8974426098666766
"Tmem43","5v0","RiboTag_Up","Up",-0.11470633362837424
"Tmem50a","5v0","RiboTag_Up","Up",-0.846213058402057
"Tmem59l","5v0","RiboTag_Up","Up",-0.7724465436584428
"Tmem68","5v0","RiboTag_Up","Up",-2.680326582720029
"Tmem87b","5v0","RiboTag_Up","Up",-1.3933607326336346
"Tmem9","5v0","RiboTag_Up","Up",-0.2113926174242579
"Tmppe","5v0","RiboTag_Up","Up",-0.13953509780566037
"Tmub1","5v0","RiboTag_Up","Up",-0.03148353228973121
"Tmx2","5v0","RiboTag_Up","Up",-0.9244028577688107
"Tnfaip3","5v0","RiboTag_Down","Down",-2.266702741886976
"Tnfrsf21","5v0","RiboTag_Up","Up",-1.0370674207150061
"Tnr","5v0","RiboTag_Up","Up",-0.4301584633106696
"Top3b","5v0","RiboTag_Down","Down",1.3339514645841086
"Tox","5v0","RiboTag_Down","Down",-0.434976709165453
"Tpp1","5v0","RiboTag_Up","Up",1.0519421737050683
"Tppp3","5v0","RiboTag_Down","Down",1.277463353030276
"Tpra1","5v0","RiboTag_Up","Up",0.4549026733956896
"Tpst1","5v0","RiboTag_Up","Up",-1.0055389850129055
"Tra2a","5v0","RiboTag_Down","Down",-0.7071309011598242
"Tra2b","5v0","RiboTag_Down","Down",-1.0948911787732638
"Tram1l1","5v0","RiboTag_Up","Up",-1.6109125378559648
"Trerf1","5v0","RiboTag_Down","Down",0.9932332887722256
"Trhde","5v0","RiboTag_Up","Up",-0.8412721210114079
"Trib1","5v0","RiboTag_Down","Down",0.8882721462596102
"Trim66","5v0","RiboTag_Up","Up",0.8573051012486494
"Trnt1","5v0","RiboTag_Down","Down",-1.3711968770655825
"Trp53inp2","5v0","RiboTag_Down","Down",1.2190187313617833
"Trub2","5v0","RiboTag_Down","Down",1.2472274289563137
"Tsc22d2","5v0","RiboTag_Down","Down",0.517614239110441
"Tspan18","5v0","RiboTag_Up","Up",1.9982192931351568
"Tspan3","5v0","RiboTag_Up","Up",-0.5813133903475302
"Tspan5","5v0","RiboTag_Up","Up",-1.6708942143482761
"Tspan7","5v0","RiboTag_Up","Up",1.3527594510673686
"Ttc27","5v0","RiboTag_Down","Down",-1.0087507477205018
"Ttc39b","5v0","RiboTag_Down","Down",-1.5438904610065003
"Ttc9","5v0","RiboTag_Down","Down",-1.5110822498779384
"Txndc5","5v0","RiboTag_Up","Up",0.7377599522003627
"Ube2g2","5v0","RiboTag_Down","Down",-0.7991616172794906
"Ube2j2","5v0","RiboTag_Down","Down",-1.0887096835868748
"Unc5c","5v0","RiboTag_Up","Up",-0.04820536030974801
"Unc79","5v0","RiboTag_Down","Down",0.2897591348487539
"Usp13","5v0","RiboTag_Down","Down",-0.25045955805866305
"Usp27x","5v0","RiboTag_Down","Down",0.19994026222529243
"Usp38","5v0","RiboTag_Down","Down",-1.058748023072645
"Usp4","5v0","RiboTag_Down","Down",-0.12336196877065278
"Usp47","5v0","RiboTag_Down","Down",-0.9513401798198293
"Usp49","5v0","RiboTag_Down","Down",1.5133006274374328
"Utp15","5v0","RiboTag_Down","Down",-1.3611083875805778
"Utp6","5v0","RiboTag_Down","Down",-0.6020624386369753
"Vcl","5v0","RiboTag_Down","Down",0.34980981826438734
"Vegfa","5v0","RiboTag_Up","Up",1.8486824135603104
"Vgll4","5v0","RiboTag_Up","Up",2.441262821985897
"Vkorc1l1","5v0","RiboTag_Up","Up",-1.5169027407492472
"Vldlr","5v0","RiboTag_Up","Up",-1.1254543064519862
"Vmp1","5v0","RiboTag_Up","Up",-1.2151904435053509
"Vps50","5v0","RiboTag_Down","Down",-2.218796607621248
"Vps51","5v0","RiboTag_Down","Down",1.6667058434254358
"Vps53","5v0","RiboTag_Down","Down",-1.1495028985070457
"Vstm2a","5v0","RiboTag_Up","Up",1.0474599912027829
"Vstm2b","5v0","RiboTag_Down","Down",-0.295771115738782
"Vxn","5v0","RiboTag_Down","Down",-1.8942971790787233
"Wdfy3","5v0","RiboTag_Down","Down",0.4954019462034
"Wdr17","5v0","RiboTag_Down","Down",-0.7888344055496033
"Wnt9a","5v0","RiboTag_Up","Up",1.5187622717148619
"Wsb1","5v0","RiboTag_Down","Down",0.3094570414437777
"Wscd1","5v0","RiboTag_Up","Up",2.9036636550203787
"Wscd2","5v0","RiboTag_Up","Up",-0.8494973595161529
"Xk","5v0","RiboTag_Up","Up",-1.1427879924951319
"Xpo5","5v0","RiboTag_Down","Down",-0.29172796977878745
"Xylt2","5v0","RiboTag_Up","Up",0.41482043671230057
"Yars1","5v0","RiboTag_Up","Up",-1.010354583022819
"Ybx1","5v0","RiboTag_Down","Down",-0.1686318720930075
"Yipf3","5v0","RiboTag_Up","Up",-0.14707595362292622
"Yrdc","5v0","RiboTag_Down","Down",-1.2754422378964008
"Zbtb16","5v0","RiboTag_Down","Down",0.5588529926804258
"Zbtb18","5v0","RiboTag_Up","Up",-1.1922139410975525
"Zbtb21","5v0","RiboTag_Down","Down",-0.41977693553405865
"Zbtb33","5v0","RiboTag_Down","Down",-1.4345387942074024
"Zc3h12c","5v0","RiboTag_Down","Down",0.46123613602190455
"Zdhhc8","5v0","RiboTag_Up","Up",0.8147620704811595
"Zfand2a","5v0","RiboTag_Down","Down",2.011105861888438
"Zfand5","5v0","RiboTag_Down","Down",-1.8522103321463605
"Zfhx4","5v0","RiboTag_Down","Down",0.43438557224064717
"Zfp113","5v0","RiboTag_Up","Up",0.4550021384519467
"Zfp24","5v0","RiboTag_Down","Down",0.01116249571872914
"Zfp275","5v0","RiboTag_Down","Down",1.9764388498449394
"Zfp365","5v0","RiboTag_Down","Down",3.1237729277496884
"Zfp462","5v0","RiboTag_Down","Down",0.0697780254064506
"Zfp516","5v0","RiboTag_Down","Down",1.9662870911205206
"Zfp532","5v0","RiboTag_Down","Down",1.101745725349495
"Zfp536","5v0","RiboTag_Up","Up",2.917397732676283
"Zfp608","5v0","RiboTag_Down","Down",-0.8317714571928394
"Zfp655","5v0","RiboTag_Down","Down",-1.4147421774700168
"Zfp68","5v0","RiboTag_Down","Down",-0.6347555469052898
"Zfp868","5v0","RiboTag_Down","Down",-1.0033236201402103
"Zfp87","5v0","RiboTag_Down","Down",-1.435970791981277
"Zfp950","5v0","RiboTag_Down","Down",-0.23247784945668662
"Zmpste24","5v0","RiboTag_Up","Up",0.10510982076329838
"Zswim6","5v0","RiboTag_Down","Down",-1.214192798507579
"Zswim8","5v0","RiboTag_Down","Down",1.1525932169485293
"Zup1","5v0","RiboTag_Down","Down",-0.23360654682699974
"Zyg11b","5v0","RiboTag_Down","Down",-0.9341224819150035
"1700086L19Rik","30v5","RiboTag_Up","Up",-2.6772296831746254
"2510039O18Rik","30v5","RiboTag_Down","Down",0.111590674307386
"2900079G21Rik","30v5","RiboTag_Up","Up",0.4488709019732928
"5031439G07Rik","30v5","RiboTag_Up","Up",2.2586537865885905
"6530402F18Rik","30v5","RiboTag_Down","Down",3.5337976176598263
"A630072M18Rik","30v5","RiboTag_Up","Up",1.4632095772503608
"Aatk","30v5","RiboTag_Down","Down",2.347679080725793
"Abca2","30v5","RiboTag_Down","Down",0.4834873471923273
"Abca3","30v5","RiboTag_Down","Down",0.015563164887589636
"Abcb9","30v5","RiboTag_Down","Down",-0.2903788811067006
"Abcc4","30v5","RiboTag_Down","Down",2.3713693001592646
"Abcc8","30v5","RiboTag_Down","Down",-0.7655450439351209
"Abhd16a","30v5","RiboTag_Down","Down",0.2566753794005069
"Abitram","30v5","RiboTag_Up","Up",0.380214612135897
"Abraxas2","30v5","RiboTag_Up","Up",-0.7386511425281035
"Abt1","30v5","RiboTag_Up","Up",-1.5425042266457114
"Acbd6","30v5","RiboTag_Down","Down",0.20657009330266862
"Ache","30v5","RiboTag_Down","Down",0.340406299836445
"Ackr1","30v5","RiboTag_Down","Down",-0.4251966327922029
"Acp2","30v5","RiboTag_Down","Down",-0.3300891790430318
"Acsl5","30v5","RiboTag_Down","Down",-1.3111094003009829
"Acvr1c","30v5","RiboTag_Down","Down",-0.368006010650815
"Adam11","30v5","RiboTag_Down","Down",0.88774860529705
"Adam15","30v5","RiboTag_Down","Down",0.8049833768136607
"Adam9","30v5","RiboTag_Down","Down",-0.6153395398617185
"Adamts3","30v5","RiboTag_Down","Down",-1.547049669458347
"Adamts8","30v5","RiboTag_Down","Down",0.11010317863745343
"Adgrf5","30v5","RiboTag_Down","Down",3.8792082264541037
"Adgrl1","30v5","RiboTag_Down","Down",1.602856022308592
"Adnp2","30v5","RiboTag_Up","Up",-0.8333692403622445
"Aff1","30v5","RiboTag_Up","Up",0.6955835303288298
"Afg2a","30v5","RiboTag_Up","Up",-1.915747192351022
"Aftph","30v5","RiboTag_Up","Up",0.9904956359224667
"Ago4","30v5","RiboTag_Up","Up",0.2825654932691824
"Agpat1","30v5","RiboTag_Down","Down",0.5068204987427399
"Agrn","30v5","RiboTag_Down","Down",0.1549383627499048
"Ahr","30v5","RiboTag_Up","Up",-1.0884474858289659
"AI504432","30v5","RiboTag_Up","Up",1.7484046657842305
"Ak5","30v5","RiboTag_Down","Down",-1.0163439610933225
"Akirin1","30v5","RiboTag_Up","Up",-1.22091290432814
"Alad","30v5","RiboTag_Down","Down",0.18642566811830702
"Alg1","30v5","RiboTag_Down","Down",0.006488469860812444
"Alg2","30v5","RiboTag_Down","Down",-1.029105081636344
"Alg3","30v5","RiboTag_Down","Down",-0.24476347534292345
"Alg9","30v5","RiboTag_Down","Down",-0.30096774997808245
"Alkbh5","30v5","RiboTag_Up","Up",0.8159944640517451
"Alox12b","30v5","RiboTag_Up","Up",-1.3864738957321807
"Amd1","30v5","RiboTag_Up","Up",-0.5212516743478015
"Amfr","30v5","RiboTag_Down","Down",0.1517134223048658
"Amigo1","30v5","RiboTag_Down","Down",-0.5340010832230765
"Ammecr1l","30v5","RiboTag_Up","Up",-0.17378504436774242
"Amz2","30v5","RiboTag_Up","Up",-0.5346896254937198
"Ankrd10","30v5","RiboTag_Up","Up",0.4429175174767373
"Ankrd13a","30v5","RiboTag_Up","Up",1.668224775381643
"Ankrd28","30v5","RiboTag_Up","Up",-0.6848306037695312
"Ankrd33b","30v5","RiboTag_Up","Up",-0.682043491099963
"Anks3","30v5","RiboTag_Up","Up",-0.27022028605041715
"Anxa11","30v5","RiboTag_Down","Down",-1.130750130345947
"Apcdd1","30v5","RiboTag_Down","Down",2.3345244595510133
"Aplp1","30v5","RiboTag_Down","Down",1.0350524497805418
"Aplp2","30v5","RiboTag_Down","Down",0.3750679501090874
"App","30v5","RiboTag_Down","Down",-1.628436168968242
"Aprt","30v5","RiboTag_Down","Down",-0.24166790575564312
"Aqp11","30v5","RiboTag_Down","Down",1.4690026055733663
"Arc","30v5","RiboTag_Up","Up",2.3956631386680005
"Arf4","30v5","RiboTag_Up","Up",-0.7896747555480914
"Arf6","30v5","RiboTag_Up","Up",-0.3762315095477823
"Arfgap1","30v5","RiboTag_Down","Down",-0.5574276987602769
"Arhgef3","30v5","RiboTag_Up","Up",-1.886523858726984
"Arid4b","30v5","RiboTag_Up","Up",-0.6369540303629607
"Arid5b","30v5","RiboTag_Up","Up",-0.14276435820330657
"Arih2","30v5","RiboTag_Up","Up",0.34035670145189156
"Ark2n","30v5","RiboTag_Up","Up",-1.3677057246698838
"Arl13b","30v5","RiboTag_Up","Up",0.3213794524870597
"Arl15","30v5","RiboTag_Up","Up",-2.836909695965563
"Arl4a","30v5","RiboTag_Up","Up",-0.969490557035304
"Arl4d","30v5","RiboTag_Up","Up",1.038946446385784
"Arl5a","30v5","RiboTag_Up","Up",0.10277744421275249
"Arl5b","30v5","RiboTag_Up","Up",-1.3182247778510163
"Arl6ip5","30v5","RiboTag_Down","Down",-1.3478290160623845
"Armcx5","30v5","RiboTag_Up","Up",-2.1623435184872313
"Armh4","30v5","RiboTag_Down","Down",-1.261709452734904
"Arpc5","30v5","RiboTag_Up","Up",-2.9417796646038075
"Arpp19","30v5","RiboTag_Up","Up",-0.7349253088994294
"Arsb","30v5","RiboTag_Down","Down",-0.5528818611149894
"Asap2","30v5","RiboTag_Up","Up",-1.3206000443601122
"Astn1","30v5","RiboTag_Down","Down",-0.5039747287928713
"Atf5","30v5","RiboTag_Down","Down",2.831473738073492
"Atg101","30v5","RiboTag_Up","Up",-0.954133954537699
"Atg12","30v5","RiboTag_Up","Up",-0.04017946346012654
"Atg9a","30v5","RiboTag_Down","Down",0.20886769365771973
"Atp13a1","30v5","RiboTag_Down","Down",0.9864260607424777
"Atp13a4","30v5","RiboTag_Up","Up",2.589224236210481
"Atp1a1","30v5","RiboTag_Down","Down",-0.8458961841265187
"Atp1a3","30v5","RiboTag_Down","Down",0.6920926530466857
"Atp1b1","30v5","RiboTag_Down","Down",-2.0258403576147437
"Atp2a2","30v5","RiboTag_Down","Down",-1.2743745569674114
"Atp2b2","30v5","RiboTag_Down","Down",0.9115504762080143
"Atp2b3","30v5","RiboTag_Down","Down",-1.7763389733488266
"Atp2c1","30v5","RiboTag_Down","Down",-1.6463429432536376
"Atp5mc2","30v5","RiboTag_Down","Down",0.4948611785483387
"Atp6ap1","30v5","RiboTag_Down","Down",-0.6257359309828058
"Atp6ap2","30v5","RiboTag_Down","Down",-1.97187412722876
"Atp6v0b","30v5","RiboTag_Down","Down",-0.6822097665541625
"Atp6v0c","30v5","RiboTag_Down","Down",-1.0611499543439533
"Atp6v0e2","30v5","RiboTag_Down","Down",-0.5356624247547817
"Atp8a2","30v5","RiboTag_Down","Down",-0.7554921579412114
"Atp9a","30v5","RiboTag_Down","Down",1.3003169958769545
"Atrn","30v5","RiboTag_Down","Down",-1.038101680336272
"Atrnl1","30v5","RiboTag_Down","Down",-1.0044650538461148
"Atxn7","30v5","RiboTag_Up","Up",0.40734268601454576
"AU040320","30v5","RiboTag_Down","Down",0.6665885185549568
"Avl9","30v5","RiboTag_Up","Up",-0.26108576547591067
"B3galnt1","30v5","RiboTag_Down","Down",-1.8471331174836827
"B4galnt1","30v5","RiboTag_Down","Down",0.5502926286800145
"B4galnt4","30v5","RiboTag_Down","Down",0.24776044620270174
"B4galt6","30v5","RiboTag_Down","Down",-0.8103586041493933
"B4gat1","30v5","RiboTag_Down","Down",-1.4122078597033292
"Bace1","30v5","RiboTag_Down","Down",-0.3071491738318926
"Bach1","30v5","RiboTag_Up","Up",2.3490137569550495
"Bag3","30v5","RiboTag_Up","Up",0.3318260589714366
"BC004004","30v5","RiboTag_Down","Down",-0.5703083462626292
"Bcap29","30v5","RiboTag_Down","Down",-1.1406190298725802
"Bcas1","30v5","RiboTag_Up","Up",3.189273251579202
"Bcl10","30v5","RiboTag_Up","Up",-0.3546788596219625
"Bdnf","30v5","RiboTag_Up","Up",-2.556416897614802
"Bhlhe40","30v5","RiboTag_Up","Up",-1.723989608844942
"Blcap","30v5","RiboTag_Down","Down",-0.9365162163526318
"Bloc1s5","30v5","RiboTag_Down","Down",1.147902233923087
"Bmal1","30v5","RiboTag_Up","Up",-1.2630235982520721
"Bmp1","30v5","RiboTag_Down","Down",1.1787183899757339
"Bmt2","30v5","RiboTag_Up","Up",-1.9621488468865773
"Brd2","30v5","RiboTag_Up","Up",1.9566957789343464
"Bri3bp","30v5","RiboTag_Down","Down",0.18326711509918542
"Brwd3","30v5","RiboTag_Up","Up",-0.23420519703517118
"Bsg","30v5","RiboTag_Down","Down",0.0981531411237338
"Btaf1","30v5","RiboTag_Up","Up",-0.8097990450845609
"Btg3","30v5","RiboTag_Up","Up",-2.7241859528892305
"Bud23","30v5","RiboTag_Up","Up",-0.26740146193155784
"C1ql2","30v5","RiboTag_Down","Down",6.732188342222022
"C1qtnf4","30v5","RiboTag_Down","Down",1.467398482914346
"C2cd2l","30v5","RiboTag_Down","Down",-0.0910769611997471
"C2cd4c","30v5","RiboTag_Down","Down",1.3135541178450765
"Cacna1b","30v5","RiboTag_Down","Down",-0.2542954005707037
"Cacna1c","30v5","RiboTag_Down","Down",-0.19224309467321837
"Cacna1e","30v5","RiboTag_Down","Down",-1.0213834579890086
"Cacna1h","30v5","RiboTag_Down","Down",2.120500774067084
"Cacna2d1","30v5","RiboTag_Down","Down",-2.044093118084165
"Cacna2d3","30v5","RiboTag_Down","Down",-1.6746396350640396
"Cacng8","30v5","RiboTag_Down","Down",0.4737520792774298
"Cadm2","30v5","RiboTag_Down","Down",-0.42442086352288155
"Cadm3","30v5","RiboTag_Down","Down",-1.0309573433446075
"Camk1g","30v5","RiboTag_Up","Up",-0.19932621257791655
"Canx","30v5","RiboTag_Down","Down",-0.3216749799828103
"Car4","30v5","RiboTag_Down","Down",-0.8886340628266276
"Cars1","30v5","RiboTag_Down","Down",-0.21434786381278442
"Castor2","30v5","RiboTag_Up","Up",2.878076360799756
"Casz1","30v5","RiboTag_Up","Up",0.3774489436984175
"Cbll1","30v5","RiboTag_Up","Up",-1.5047267183509623
"Ccbe1","30v5","RiboTag_Down","Down",-0.5809520104310176
"Ccdc117","30v5","RiboTag_Up","Up",-0.18253797104766317
"Ccdc136","30v5","RiboTag_Down","Down",-0.29892655983038774
"Ccdc184","30v5","RiboTag_Up","Up",-1.5300444823933717
"Ccdc6","30v5","RiboTag_Up","Up",-0.9117252994674823
"Ccn1","30v5","RiboTag_Up","Up",3.6102966842798447
"Ccnc","30v5","RiboTag_Up","Up",-1.6238000978529517
"Ccnk","30v5","RiboTag_Up","Up",-0.29703546832061206
"Ccnl1","30v5","RiboTag_Up","Up",-0.3702370321165289
"Ccnt2","30v5","RiboTag_Up","Up",-0.7085893034628107
"Ccpg1","30v5","RiboTag_Down","Down",-0.8042261306097626
"Cd47","30v5","RiboTag_Down","Down",-0.5479617413385329
"Cd81","30v5","RiboTag_Down","Down",2.0589409892169606
"Cdc27","30v5","RiboTag_Up","Up",-1.0020595466909625
"Cdc73","30v5","RiboTag_Up","Up",-0.3925569135651867
"Cdh13","30v5","RiboTag_Down","Down",1.823249673245792
"Cdh2","30v5","RiboTag_Down","Down",-0.20624326461088968
"Cdh9","30v5","RiboTag_Down","Down",0.09897303752117262
"Cdipt","30v5","RiboTag_Down","Down",-0.4416068904868029
"Cdkn2aip","30v5","RiboTag_Up","Up",-1.38043701692349
"Cds2","30v5","RiboTag_Down","Down",0.39732814842566383
"Celsr2","30v5","RiboTag_Down","Down",0.22991877996776997
"Cep126","30v5","RiboTag_Up","Up",-2.4533933994316435
"Cep20","30v5","RiboTag_Up","Up",-0.8476866306976532
"Cep85l","30v5","RiboTag_Up","Up",-0.7400731638364161
"Cfap20","30v5","RiboTag_Up","Up",-1.19949106370756
"Cggbp1","30v5","RiboTag_Up","Up",-1.380174126486051
"Cgref1","30v5","RiboTag_Down","Down",0.7883004418380033
"Chaserr","30v5","RiboTag_Up","Up",-0.9822213462050998
"Chd1","30v5","RiboTag_Up","Up",-0.24546283990387524
"Chga","30v5","RiboTag_Down","Down",-1.0293604393677245
"Chic1","30v5","RiboTag_Up","Up",-1.1807216115479249
"Chka","30v5","RiboTag_Up","Up",-0.20607097634730992
"Chordc1","30v5","RiboTag_Up","Up",-1.867370698476013
"Chpf2","30v5","RiboTag_Down","Down",-0.5998111183480896
"Chrm1","30v5","RiboTag_Down","Down",-0.38544728406423945
"Chst1","30v5","RiboTag_Down","Down",-0.33833697582642974
"Chst11","30v5","RiboTag_Down","Down",-0.13067641282706893
"Chst12","30v5","RiboTag_Down","Down",-1.0686415099973359
"Chst15","30v5","RiboTag_Down","Down",-0.7739381629961389
"Ciart","30v5","RiboTag_Up","Up",-0.8402527395902128
"Ckap4","30v5","RiboTag_Down","Down",-0.1950368094060824
"Clcn3","30v5","RiboTag_Down","Down",-0.8938321071864974
"Clcn6","30v5","RiboTag_Down","Down",0.46040527287623445
"Cldn12","30v5","RiboTag_Up","Up",-1.3168645996587436
"Clk1","30v5","RiboTag_Up","Up",0.4600140621348331
"Clk3","30v5","RiboTag_Up","Up",0.1939513636053017
"Clk4","30v5","RiboTag_Up","Up",-0.3956710492321649
"Cln6","30v5","RiboTag_Down","Down",0.8930682101355628
"Clptm1","30v5","RiboTag_Down","Down",0.8356625105677689
"Clptm1l","30v5","RiboTag_Down","Down",-0.9405588097440718
"Clstn1","30v5","RiboTag_Down","Down",-0.39097792595272185
"Clstn2","30v5","RiboTag_Down","Down",0.13217816646231806
"Clstn3","30v5","RiboTag_Down","Down",-0.6204639131794156
"Cnn3","30v5","RiboTag_Up","Up",1.978193079460131
"Cnnm2","30v5","RiboTag_Down","Down",0.09730614154330605
"Cnot10","30v5","RiboTag_Up","Up",-0.6484025969914887
"Cnot6","30v5","RiboTag_Up","Up",-0.16740703137393867
"Cnot6l","30v5","RiboTag_Up","Up",0.4927170401016405
"Cnot7","30v5","RiboTag_Up","Up",-1.85639524649554
"Cntn1","30v5","RiboTag_Down","Down",-1.019386861473006
"Cntnap1","30v5","RiboTag_Down","Down",1.6881835344248755
"Cntnap2","30v5","RiboTag_Down","Down",-0.8464325610705996
"Cntnap5b","30v5","RiboTag_Down","Down",-0.7188390936951077
"Cntnap5c","30v5","RiboTag_Down","Down",-0.15183020434950945
"Col11a2","30v5","RiboTag_Down","Down",4.119125999350151
"Col4a2","30v5","RiboTag_Down","Down",-0.11064238277950462
"Commd5","30v5","RiboTag_Down","Down",-0.5705317631043425
"Coprs","30v5","RiboTag_Down","Down",-0.06878792917909847
"Cops2","30v5","RiboTag_Up","Up",-1.668744865809994
"Cops3","30v5","RiboTag_Up","Up",-1.4143306736329395
"Coq10b","30v5","RiboTag_Up","Up",-0.9477575286613816
"Coro1a","30v5","RiboTag_Down","Down",-0.6234637285162377
"Cpd","30v5","RiboTag_Down","Down",-0.6029396862766367
"Cpe","30v5","RiboTag_Down","Down",1.1056695168002575
"Cpeb2","30v5","RiboTag_Up","Up",1.3826537607002274
"Cpeb4","30v5","RiboTag_Up","Up",-0.6257149517883591
"Cpne3","30v5","RiboTag_Up","Up",3.2102184540374115
"Cpne8","30v5","RiboTag_Up","Up",-1.3165272492299587
"Creld1","30v5","RiboTag_Down","Down",-0.46345474436179684
"Crim1","30v5","RiboTag_Down","Down",-0.35164199879247204
"Crkl","30v5","RiboTag_Up","Up",0.08493753473550736
"Cryab","30v5","RiboTag_Up","Up",2.9386188531047495
"Csf1","30v5","RiboTag_Down","Down",1.8349507192625678
"Csmd1","30v5","RiboTag_Down","Down",-1.1667176304106492
"Csmd2","30v5","RiboTag_Down","Down",0.13371528696147247
"Csnk1a1","30v5","RiboTag_Up","Up",-1.415171519496463
"Csnk1g3","30v5","RiboTag_Up","Up",-1.7852275714956982
"Cspg5","30v5","RiboTag_Down","Down",2.932163334964399
"Csrnp1","30v5","RiboTag_Up","Up",-0.7513604831803312
"Csrnp2","30v5","RiboTag_Up","Up",-1.091455692415606
"Csrnp3","30v5","RiboTag_Up","Up",-1.7913241528318704
"Cstf3","30v5","RiboTag_Up","Up",-1.6491168790024986
"Ctdsp2","30v5","RiboTag_Up","Up",2.7762087037457737
"Ctnnd1","30v5","RiboTag_Up","Up",0.8198628215620092
"Ctsa","30v5","RiboTag_Down","Down",1.0550837074150692
"Ctsb","30v5","RiboTag_Down","Down",-0.47464610555231473
"Ctsd","30v5","RiboTag_Down","Down",1.6219781934710191
"Ctsf","30v5","RiboTag_Down","Down",0.982435389113529
"Ctxnd1","30v5","RiboTag_Up","Up",0.2585666958764712
"Cwc25","30v5","RiboTag_Up","Up",-0.2899283173288343
"Cxcl14","30v5","RiboTag_Up","Up",4.933973775049288
"Cyb561d2","30v5","RiboTag_Down","Down",-0.31304094399350507
"Cyb5r1","30v5","RiboTag_Down","Down",-1.2698823169346074
"Cys1","30v5","RiboTag_Up","Up",-1.1052497291042336
"D630045J12Rik","30v5","RiboTag_Down","Down",-0.9801510429894873
"Dag1","30v5","RiboTag_Down","Down",0.2666850778143761
"Daglb","30v5","RiboTag_Down","Down",0.08238262664728609
"Dazl","30v5","RiboTag_Up","Up",-2.770290756123927
"Dbpht2","30v5","RiboTag_Up","Up",-2.011824202518783
"Dcc","30v5","RiboTag_Down","Down",-0.9323060204578495
"Dchs1","30v5","RiboTag_Down","Down",2.683792402943163
"Dclre1c","30v5","RiboTag_Up","Up",-1.2660973695121125
"Ddost","30v5","RiboTag_Down","Down",-0.28428044698673594
"Ddx19a","30v5","RiboTag_Up","Up",-0.013403524356714332
"Dennd10","30v5","RiboTag_Up","Up",-0.5375237534488524
"Dennd2b","30v5","RiboTag_Up","Up",1.1275296621296753
"Derl1","30v5","RiboTag_Down","Down",-0.47347801327658434
"Desi2","30v5","RiboTag_Up","Up",-0.018287581968178562
"Dgcr2","30v5","RiboTag_Down","Down",-0.5115995693951478
"Dgke","30v5","RiboTag_Down","Down",-1.382737863188012
"Dhcr24","30v5","RiboTag_Down","Down",0.40431126167739617
"Dhcr7","30v5","RiboTag_Down","Down",0.3494162324374959
"Dhrs7","30v5","RiboTag_Down","Down",0.5478344399573187
"Dhtkd1","30v5","RiboTag_Up","Up",1.268976645840953
"Dhx15","30v5","RiboTag_Up","Up",-0.8902692921246637
"Dhx40","30v5","RiboTag_Up","Up",-0.15106101325678437
"Dipk1a","30v5","RiboTag_Down","Down",-1.9225067290759013
"Dipk1b","30v5","RiboTag_Down","Down",-0.704213081674136
"Dipk2a","30v5","RiboTag_Up","Up",-2.1918307695441728
"Disp2","30v5","RiboTag_Down","Down",-1.130813900509361
"Dnaaf2","30v5","RiboTag_Up","Up",0.0444119229303294
"Dnai4","30v5","RiboTag_Up","Up",-0.465694123345575
"Dnaja1","30v5","RiboTag_Up","Up",-1.8719549084456346
"Dnaja4","30v5","RiboTag_Up","Up",-1.9151421850232202
"Dnajb1","30v5","RiboTag_Up","Up",-1.6402261155267706
"Dnajb14","30v5","RiboTag_Down","Down",-0.8825443857511659
"Dnajb4","30v5","RiboTag_Up","Up",-1.3487764140320733
"Dnajb5","30v5","RiboTag_Up","Up",-1.3138019910961876
"Dnajc10","30v5","RiboTag_Down","Down",-0.6054329097995874
"Dnajc14","30v5","RiboTag_Down","Down",-0.667057291721491
"Dnajc16","30v5","RiboTag_Down","Down",-1.247203960488642
"Dolk","30v5","RiboTag_Down","Down",-0.09778182555067605
"Dpp6","30v5","RiboTag_Down","Down",-0.8422259888972831
"Dr1","30v5","RiboTag_Up","Up",-2.4211859182863633
"Dstn","30v5","RiboTag_Up","Up",-1.1376461866759298
"Dusp1","30v5","RiboTag_Up","Up",-0.15993427584135858
"Dusp16","30v5","RiboTag_Up","Up",2.1023928532549454
"Dusp4","30v5","RiboTag_Up","Up",0.6631325658745999
"Dusp5","30v5","RiboTag_Up","Up",-2.021217852335018
"Dusp6","30v5","RiboTag_Up","Up",-2.6324187113362454
"Dyrk2","30v5","RiboTag_Up","Up",-0.9393595435240324
"Efcab2","30v5","RiboTag_Up","Up",0.49849386761165504
"Egr1","30v5","RiboTag_Up","Up",-2.5327318959037326
"Egr2","30v5","RiboTag_Up","Up",-1.905738111185056
"Egr3","30v5","RiboTag_Up","Up",0.8119813104696529
"Egr4","30v5","RiboTag_Up","Up",-0.3291522667238518
"Eif3e","30v5","RiboTag_Up","Up",-1.084403893229659
"Eif3j1","30v5","RiboTag_Up","Up",0.020188893140512792
"Eif4a2","30v5","RiboTag_Up","Up",-1.5636913013079758
"Eif4g1","30v5","RiboTag_Down","Down",0.3924551425025468
"Eif4h","30v5","RiboTag_Down","Down",0.6352786347334763
"Elapor1","30v5","RiboTag_Down","Down",-0.14751828122326782
"Elfn2","30v5","RiboTag_Down","Down",2.3542326394945103
"Elk4","30v5","RiboTag_Up","Up",0.5068128250168406
"Ell2","30v5","RiboTag_Up","Up",-1.1780802037902807
"Emc1","30v5","RiboTag_Down","Down",1.0395877926935069
"Emc10","30v5","RiboTag_Down","Down",0.24917266667937388
"Emp1","30v5","RiboTag_Up","Up",-0.9136367253539281
"Emx1","30v5","RiboTag_Down","Down",1.8891304072137967
"Enox1","30v5","RiboTag_Up","Up",-2.050360590719859
"Enpp5","30v5","RiboTag_Down","Down",-0.7356627465210215
"Entpd4","30v5","RiboTag_Down","Down",-0.6596557561762251
"Eogt","30v5","RiboTag_Down","Down",0.3747734325604198
"Epc1","30v5","RiboTag_Up","Up",-0.11224958229791386
"Epc2","30v5","RiboTag_Up","Up",-1.6685618520912706
"Epdr1","30v5","RiboTag_Down","Down",-1.6160342602687803
"Epha4","30v5","RiboTag_Down","Down",-2.5114801468711736
"Epha5","30v5","RiboTag_Down","Down",-1.8225153789504467
"Epha7","30v5","RiboTag_Down","Down",-2.4493836078836217
"Ephb2","30v5","RiboTag_Down","Down",-1.0867409518600681
"Ephx1","30v5","RiboTag_Down","Down",-0.44154143074985547
"Ercc6","30v5","RiboTag_Up","Up",-1.0508621476783437
"Erf","30v5","RiboTag_Up","Up",0.43667688532216936
"Erlin1","30v5","RiboTag_Down","Down",-1.1126013859774189
"Ermp1","30v5","RiboTag_Down","Down",0.08253468477211855
"Errfi1","30v5","RiboTag_Up","Up",-1.5836239364118556
"Esco1","30v5","RiboTag_Up","Up",-0.720697838932852
"Etf1","30v5","RiboTag_Up","Up",-1.095330424348888
"Etv3","30v5","RiboTag_Up","Up",-0.6523967867567954
"Etv5","30v5","RiboTag_Up","Up",-0.49771311861641115
"Ext2","30v5","RiboTag_Down","Down",-0.25058427497820585
"Fads2","30v5","RiboTag_Down","Down",3.5141007492002303
"Faim2","30v5","RiboTag_Down","Down",0.06477938774525788
"Fam114a2","30v5","RiboTag_Up","Up",-0.1814858513421573
"Fam118a","30v5","RiboTag_Up","Up",-1.750256505811073
"Fam163a","30v5","RiboTag_Up","Up",4.016751668612511
"Fam20c","30v5","RiboTag_Down","Down",0.9016904284424037
"Fam3c","30v5","RiboTag_Down","Down",-0.45254862755425845
"Fam53c","30v5","RiboTag_Up","Up",2.368325087383202
"Fam78a","30v5","RiboTag_Down","Down",-0.4634839772561779
"Fam91a1","30v5","RiboTag_Up","Up",-0.1941686025167532
"Far1","30v5","RiboTag_Up","Up",-1.2939898561971253
"Fbxl3","30v5","RiboTag_Up","Up",-1.2356599531763732
"Fbxl5","30v5","RiboTag_Up","Up",-1.4008455449220203
"Fbxo27","30v5","RiboTag_Down","Down",-1.878090306593337
"Fbxo28","30v5","RiboTag_Up","Up",-1.0540268712725673
"Fbxo33","30v5","RiboTag_Up","Up",-1.4330409653830096
"Fbxo42","30v5","RiboTag_Up","Up",-0.32998057779647016
"Fbxo8","30v5","RiboTag_Up","Up",0.3477074599120648
"Fdft1","30v5","RiboTag_Down","Down",0.10693514710440183
"Fdxacb1","30v5","RiboTag_Up","Up",-1.205012489367775
"Fem1c","30v5","RiboTag_Up","Up",-1.5813004611953303
"Fermt2","30v5","RiboTag_Up","Up",1.7649229617554105
"Fgf1","30v5","RiboTag_Up","Up",3.99075611836074
"Fkrp","30v5","RiboTag_Down","Down",-0.13264203473321395
"Fnbp1l","30v5","RiboTag_Up","Up",-0.6406439079007118
"Fndc10","30v5","RiboTag_Down","Down",0.8460499000587692
"Fos","30v5","RiboTag_Up","Up",-1.0719812919308092
"Fosb","30v5","RiboTag_Up","Up",-0.23276859338548686
"Fosl2","30v5","RiboTag_Up","Up",1.1292692562393225
"Foxk2","30v5","RiboTag_Up","Up",1.7558146117613336
"Foxred2","30v5","RiboTag_Down","Down",0.5168364545524687
"Frmd6","30v5","RiboTag_Up","Up",-1.0500015474380142
"Fstl1","30v5","RiboTag_Down","Down",0.12857741878664894
"Fstl5","30v5","RiboTag_Down","Down",0.13351076301646164
"Furin","30v5","RiboTag_Down","Down",0.6886410987683518
"Fzd1","30v5","RiboTag_Up","Up",1.3206308095751982
"Fzd7","30v5","RiboTag_Down","Down",2.0754815366011856
"G2e3","30v5","RiboTag_Up","Up",-0.27474259016246816
"G6pc3","30v5","RiboTag_Down","Down",1.0153909798493392
"Gaa","30v5","RiboTag_Down","Down",-0.05045444777407114
"Gabpb1","30v5","RiboTag_Up","Up",-1.4039030795113039
"Gabra2","30v5","RiboTag_Up","Up",-1.2719991837714466
"Gabrb1","30v5","RiboTag_Down","Down",-0.1353941446221515
"Gabrb3","30v5","RiboTag_Down","Down",-1.981483643748735
"Gabrd","30v5","RiboTag_Down","Down",1.659768778974777
"Gabrg2","30v5","RiboTag_Down","Down",-2.333752864835531
"Gadd45b","30v5","RiboTag_Up","Up",-0.37456127988801596
"Galnt14","30v5","RiboTag_Down","Down",1.0356734413122075
"Galnt16","30v5","RiboTag_Down","Down",-0.25952130466628787
"Galnt17","30v5","RiboTag_Down","Down",-1.1489544087197
"Ganab","30v5","RiboTag_Down","Down",0.10710630956018416
"Garre1","30v5","RiboTag_Up","Up",0.7560884957928462
"Gas5","30v5","RiboTag_Up","Up",1.8846082743697286
"Gdap2","30v5","RiboTag_Up","Up",-1.6906717430499227
"Gde1","30v5","RiboTag_Down","Down",-0.862231382764105
"Gdf10","30v5","RiboTag_Down","Down",3.3786894337961617
"Gdf11","30v5","RiboTag_Down","Down",1.851813769876551
"Gfpt2","30v5","RiboTag_Down","Down",2.954890888807697
"Gfra2","30v5","RiboTag_Down","Down",0.6181006373316154
"Gga2","30v5","RiboTag_Down","Down",-1.6308779541492038
"Ggps1","30v5","RiboTag_Up","Up",-1.3104000595771517
"Glg1","30v5","RiboTag_Down","Down",0.018714246395873553
"Glmp","30v5","RiboTag_Down","Down",1.1365049328251515
"Glrb","30v5","RiboTag_Down","Down",-1.5867727671081453
"Gm21092","30v5","RiboTag_Up","Up",-0.5190086808033776
"Gm2a","30v5","RiboTag_Down","Down",1.9421583662549116
"Gm3764","30v5","RiboTag_Up","Up",2.2559745098269546
"Gmeb2","30v5","RiboTag_Up","Up",1.0232012059939946
"Gnai3","30v5","RiboTag_Up","Up",0.4941650296299732
"Gnptg","30v5","RiboTag_Down","Down",0.2642429267976965
"Gns","30v5","RiboTag_Down","Down",0.4080151588741059
"Golph3","30v5","RiboTag_Up","Up",-1.0217760013257378
"Gpaa1","30v5","RiboTag_Down","Down",1.2727957505543814
"Gpbp1","30v5","RiboTag_Up","Up",-1.417851247001052
"Gpbp1l1","30v5","RiboTag_Up","Up",-0.12137602433331433
"Gpc1","30v5","RiboTag_Down","Down",0.7226351251901707
"Gpc4","30v5","RiboTag_Down","Down",-0.32631397112543903
"Gpm6a","30v5","RiboTag_Down","Down",-1.1052836791109533
"Gpm6b","30v5","RiboTag_Down","Down",0.21682145495836894
"Gpnmb","30v5","RiboTag_Down","Down",5.813091269292317
"Gpr12","30v5","RiboTag_Down","Down",-2.813901061393205
"Gpr158","30v5","RiboTag_Down","Down",-1.0835509345071197
"Gpr162","30v5","RiboTag_Down","Down",0.8643542462476768
"Gpr3","30v5","RiboTag_Up","Up",-0.865928338305651
"Gpr62","30v5","RiboTag_Down","Down",1.2828226542624852
"Gpr83","30v5","RiboTag_Down","Down",-0.7171462673098163
"Gprc5b","30v5","RiboTag_Down","Down",4.1902353687973
"Gpt2","30v5","RiboTag_Up","Up",0.8726723116561276
"Gria2","30v5","RiboTag_Down","Down",-2.2802322816582508
"Grin1","30v5","RiboTag_Down","Down",0.21402331602453672
"Grin2a","30v5","RiboTag_Down","Down",-1.0656139860827496
"Grina","30v5","RiboTag_Down","Down",-0.16588562199129375
"Grm2","30v5","RiboTag_Down","Down",2.5194605413655915
"Grn","30v5","RiboTag_Down","Down",1.1859567541358425
"Gtf2ird2","30v5","RiboTag_Up","Up",0.437740365158152
"Gtf3c4","30v5","RiboTag_Up","Up",-0.19415737906209246
"Gtpbp4","30v5","RiboTag_Up","Up",-1.0489968031469086
"Gusb","30v5","RiboTag_Down","Down",1.8154104578018124
"H3f3b","30v5","RiboTag_Up","Up",-1.2665339444066435
"Hapln4","30v5","RiboTag_Down","Down",-0.8330570651001374
"Hapstr1","30v5","RiboTag_Up","Up",-0.28933689217738545
"Haus2","30v5","RiboTag_Up","Up",-1.3588882791712311
"Heca","30v5","RiboTag_Up","Up",-0.5323511550676446
"Hectd2","30v5","RiboTag_Up","Up",-2.1876678471036746
"Hexim1","30v5","RiboTag_Up","Up",-1.213808721567305
"Hgsnat","30v5","RiboTag_Down","Down",-1.2586720935549496
"Hipk3","30v5","RiboTag_Up","Up",-0.042648637169281634
"Hlf","30v5","RiboTag_Up","Up",-0.04285977086261646
"Hnrnpf","30v5","RiboTag_Up","Up",-0.17655701426336398
"Hnrnph1","30v5","RiboTag_Up","Up",-1.4891028031263218
"Hnrnpll","30v5","RiboTag_Up","Up",-1.5463305682896478
"Hnrnpu","30v5","RiboTag_Up","Up",-0.8025852219953752
"Homer1","30v5","RiboTag_Up","Up",-1.391898578647867
"Hps5","30v5","RiboTag_Up","Up",1.0312663660674004
"Hspa8","30v5","RiboTag_Up","Up",-0.47786714003972347
"Hsph1","30v5","RiboTag_Up","Up",-1.755796119742526
"Htr5a","30v5","RiboTag_Down","Down",-2.015407262639844
"Htr6","30v5","RiboTag_Down","Down",-1.3511631800075308
"Hyal2","30v5","RiboTag_Down","Down",0.11846816336627526
"Hyou1","30v5","RiboTag_Down","Down",-0.7427109340643523
"Icam5","30v5","RiboTag_Down","Down",0.2385052528871178
"Icmt","30v5","RiboTag_Down","Down",0.4380292903019173
"Ier2","30v5","RiboTag_Up","Up",-1.1950841098212754
"Ier5","30v5","RiboTag_Up","Up",-1.2176988407999976
"Ifngr2","30v5","RiboTag_Down","Down",-1.0494464720342866
"Ifrd1","30v5","RiboTag_Up","Up",-1.4999103036938553
"Igf2r","30v5","RiboTag_Down","Down",-0.28324545211287316
"Igfbp5","30v5","RiboTag_Down","Down",4.949621546097254
"Iglon5","30v5","RiboTag_Down","Down",1.204391280813465
"Igsf8","30v5","RiboTag_Down","Down",-0.5076475918210661
"Ikzf5","30v5","RiboTag_Up","Up",-1.1120565096114339
"Ildr2","30v5","RiboTag_Down","Down",0.09702254956318547
"Ing2","30v5","RiboTag_Up","Up",-1.7968529953812602
"Inka1","30v5","RiboTag_Up","Up",-1.4459700559000406
"Insig1","30v5","RiboTag_Down","Down",1.1213363557818388
"Insr","30v5","RiboTag_Down","Down",-0.21366553280677092
"Insyn1","30v5","RiboTag_Down","Down",1.7587701008824312
"Ints10","30v5","RiboTag_Up","Up",-1.3543685459336858
"Ints13","30v5","RiboTag_Up","Up",0.10958281323373219
"Ints6l","30v5","RiboTag_Up","Up",0.1540795178193653
"Ints8","30v5","RiboTag_Up","Up",-0.3812594778085388
"Ipmk","30v5","RiboTag_Up","Up",-0.4162171687977977
"Ippk","30v5","RiboTag_Up","Up",-1.4014688361183976
"Iqgap1","30v5","RiboTag_Up","Up",1.1227345586557578
"Irak1bp1","30v5","RiboTag_Up","Up",-2.020207731050505
"Irf2bp2","30v5","RiboTag_Up","Up",0.8864051480764746
"Irs1","30v5","RiboTag_Up","Up",1.6476883449306488
"Irs2","30v5","RiboTag_Up","Up",1.1868513873065225
"Islr","30v5","RiboTag_Down","Down",4.613143646676616
"Islr2","30v5","RiboTag_Down","Down",0.07581879775736095
"Itfg1","30v5","RiboTag_Down","Down",-1.5220214397723162
"Itgav","30v5","RiboTag_Down","Down",1.5023687564422132
"Itprid2","30v5","RiboTag_Up","Up",2.6049981377524163
"Ivns1abp","30v5","RiboTag_Up","Up",-0.22354707194311066
"Jag2","30v5","RiboTag_Down","Down",1.1532382325890964
"Jak2","30v5","RiboTag_Up","Up",-0.2113984969895754
"Junb","30v5","RiboTag_Up","Up",-1.6817357594134643
"Jund","30v5","RiboTag_Up","Up",1.4791336070363341
"Kansl1l","30v5","RiboTag_Up","Up",0.05740073200478754
"Kcna1","30v5","RiboTag_Down","Down",-0.5833060201810221
"Kcna2","30v5","RiboTag_Down","Down",-0.19254868619605015
"Kcnc1","30v5","RiboTag_Down","Down",0.6949962697816753
"Kcng2","30v5","RiboTag_Down","Down",1.6678480256263954
"Kcnj11","30v5","RiboTag_Down","Down",0.7281338537750889
"Kcnj4","30v5","RiboTag_Down","Down",-0.06884101368847664
"Kcnk1","30v5","RiboTag_Down","Down",0.47440838565177923
"Kcnq5","30v5","RiboTag_Down","Down",-1.1876383289623946
"Kcns2","30v5","RiboTag_Down","Down",-1.6879256146665702
"Kdelr1","30v5","RiboTag_Down","Down",0.03754974480508124
"Kdm3a","30v5","RiboTag_Up","Up",-0.8646146773922883
"Kdm6b","30v5","RiboTag_Up","Up",1.0917961537841958
"Kdm7a","30v5","RiboTag_Up","Up",-1.251753518151984
"Kdsr","30v5","RiboTag_Down","Down",-0.5825209747477444
"Kitl","30v5","RiboTag_Up","Up",0.08251942136659987
"Klf10","30v5","RiboTag_Up","Up",-2.2290177354054186
"Klf6","30v5","RiboTag_Up","Up",-0.9380133946474127
"Klhdc7a","30v5","RiboTag_Up","Up",3.937816006483652
"Klhdc9","30v5","RiboTag_Down","Down",-0.8594953689588917
"Klhl13","30v5","RiboTag_Up","Up",-1.6809869870703606
"Klhl29","30v5","RiboTag_Up","Up",1.808355394676067
"Klhl32","30v5","RiboTag_Up","Up",0.45201526941611797
"Klhl5","30v5","RiboTag_Up","Up",0.7185987702252588
"Klhl7","30v5","RiboTag_Up","Up",-1.2843851338469972
"Kndc1","30v5","RiboTag_Down","Down",0.44780833900198314
"Kpna1","30v5","RiboTag_Up","Up",-1.7899438072877107
"Kras","30v5","RiboTag_Up","Up",-1.6961661971679185
"Lamb1","30v5","RiboTag_Down","Down",-0.2876752505268588
"Lamp1","30v5","RiboTag_Down","Down",1.2613795159839463
"Lamp2","30v5","RiboTag_Down","Down",0.8667336819516787
"Laptm4a","30v5","RiboTag_Down","Down",-0.11301502378286592
"Lats1","30v5","RiboTag_Up","Up",0.17386188540433062
"Ldah","30v5","RiboTag_Up","Up",-0.7324495079509491
"Ldlr","30v5","RiboTag_Down","Down",0.9901889971504511
"Lemd3","30v5","RiboTag_Up","Up",-1.2473220643825051
"Leprot","30v5","RiboTag_Down","Down",-0.16651108703209344
"Lgalsl","30v5","RiboTag_Up","Up",-0.5475508458967805
"Lgi1","30v5","RiboTag_Down","Down",-0.8436525603132311
"Lgi3","30v5","RiboTag_Down","Down",0.6634971672065411
"Lgmn","30v5","RiboTag_Down","Down",1.4063712730551279
"Lhfpl2","30v5","RiboTag_Down","Down",2.745249465877883
"Lhfpl4","30v5","RiboTag_Down","Down",-0.5534229940551864
"Lin7c","30v5","RiboTag_Up","Up",-1.0790684598979765
"Lingo1","30v5","RiboTag_Down","Down",-0.20630500552905928
"Lins1","30v5","RiboTag_Up","Up",-0.6436363919473437
"Lman1","30v5","RiboTag_Down","Down",-0.23058025619926678
"Lmbr1","30v5","RiboTag_Down","Down",-1.8300208402958746
"Lmbrd2","30v5","RiboTag_Down","Down",-1.6281716044455574
"Lmna","30v5","RiboTag_Up","Up",-0.22095646299252783
"Lnpk","30v5","RiboTag_Down","Down",-2.5561471372792903
"Lonrf1","30v5","RiboTag_Up","Up",-0.9674917144552212
"Lonrf3","30v5","RiboTag_Up","Up",2.7985924293766478
"Loxl1","30v5","RiboTag_Down","Down",2.291333201515993
"Lpl","30v5","RiboTag_Down","Down",-2.701313870528999
"Lratd1","30v5","RiboTag_Up","Up",-1.2077561952449523
"Lrfn1","30v5","RiboTag_Down","Down",0.7305139884058628
"Lrfn3","30v5","RiboTag_Down","Down",0.680430546144281
"Lrfn4","30v5","RiboTag_Down","Down",0.48238372271325813
"Lrp1","30v5","RiboTag_Down","Down",1.062640873682567
"Lrp10","30v5","RiboTag_Down","Down",1.168956720765535
"Lrp11","30v5","RiboTag_Down","Down",-1.5364432534037566
"Lrp12","30v5","RiboTag_Down","Down",-1.747929369380397
"Lrrc14","30v5","RiboTag_Down","Down",-0.052983328666745745
"Lrrc24","30v5","RiboTag_Down","Down",0.9949250373399127
"Lrrc4b","30v5","RiboTag_Down","Down",0.7211510691353852
"Lrrc58","30v5","RiboTag_Up","Up",1.955277865818521
"Lrrc8d","30v5","RiboTag_Down","Down",-0.12701183814039604
"Lrrn2","30v5","RiboTag_Down","Down",-0.9726473650712295
"Lrtm2","30v5","RiboTag_Down","Down",2.534377869689219
"Lsamp","30v5","RiboTag_Down","Down",0.5752500690268477
"Lurap1","30v5","RiboTag_Up","Up",1.7215229210661864
"Luzp2","30v5","RiboTag_Down","Down",-0.5107363544630322
"Ly6e","30v5","RiboTag_Down","Down",-0.398989633166216
"Lysmd3","30v5","RiboTag_Up","Up",-1.9614136134337734
"M6pr","30v5","RiboTag_Down","Down",-0.6424387536060072
"Mafk","30v5","RiboTag_Up","Up",-0.23519470321254082
"Magoh","30v5","RiboTag_Up","Up",-0.35265866667494533
"Man2b1","30v5","RiboTag_Down","Down",1.9334176801076997
"Maneal","30v5","RiboTag_Down","Down",-0.07405959347095092
"Mansc1","30v5","RiboTag_Down","Down",-1.526733283565953
"Maob","30v5","RiboTag_Up","Up",3.384904785781143
"Map3k14","30v5","RiboTag_Up","Up",1.6285718854844935
"Map3k2","30v5","RiboTag_Up","Up",-0.10246507747586321
"Map4k3","30v5","RiboTag_Up","Up",-2.0633818669572137
"Mapk1ip1l","30v5","RiboTag_Up","Up",-0.9694495202019434
"Mapk8","30v5","RiboTag_Up","Up",-1.8764403048318155
"Mapre1","30v5","RiboTag_Up","Up",0.1975743368319843
"Marchf6","30v5","RiboTag_Down","Down",-1.7872761641801571
"Mas1","30v5","RiboTag_Down","Down",-1.6415431599149248
"Mast4","30v5","RiboTag_Up","Up",0.4586492632767182
"Mbtps1","30v5","RiboTag_Down","Down",0.5875801849831394
"Mcfd2","30v5","RiboTag_Down","Down",-1.3138727382227997
"Mcl1","30v5","RiboTag_Up","Up",-0.39455681947752114
"Mdm2","30v5","RiboTag_Up","Up",-1.1537970380586402
"Med13","30v5","RiboTag_Up","Up",0.13880957948939548
"Med26","30v5","RiboTag_Up","Up",-0.7557112937877758
"Med31","30v5","RiboTag_Up","Up",-1.267739654529688
"Megf8","30v5","RiboTag_Down","Down",1.3118385663510712
"Megf9","30v5","RiboTag_Down","Down",-1.7689262226314888
"Meis2","30v5","RiboTag_Up","Up",-0.3860120967370375
"Memo1","30v5","RiboTag_Up","Up",-0.431620596579344
"Mesd","30v5","RiboTag_Down","Down",-0.2345970847294351
"Mettl14","30v5","RiboTag_Up","Up",-0.3715185502671691
"Mettl17","30v5","RiboTag_Up","Up",-0.24611551360114867
"Mex3b","30v5","RiboTag_Up","Up",-0.5281519610566738
"Mfsd11","30v5","RiboTag_Down","Down",0.47151778343904965
"Mfsd12","30v5","RiboTag_Down","Down",1.2398677448382176
"Mfsd13a","30v5","RiboTag_Down","Down",-0.09386877812174313
"Mfsd3","30v5","RiboTag_Down","Down",-0.41316731953293556
"Mfsd4a","30v5","RiboTag_Down","Down",-0.4309910508424962
"Mfsd5","30v5","RiboTag_Down","Down",-0.8080537964251213
"Mfsd6","30v5","RiboTag_Down","Down",-1.6577907984672082
"Mgat1","30v5","RiboTag_Down","Down",1.4921058460268297
"Mgat3","30v5","RiboTag_Down","Down",0.29589254056184067
"Mia3","30v5","RiboTag_Down","Down",-1.7702205563595863
"Midn","30v5","RiboTag_Up","Up",0.08762541070386966
"Mmp17","30v5","RiboTag_Down","Down",0.07535196084496339
"Mob1b","30v5","RiboTag_Up","Up",-1.0687011506168804
"Mocs3","30v5","RiboTag_Up","Up",-0.0059763364238479885
"Mogs","30v5","RiboTag_Down","Down",-0.13348758465626395
"Mpp3","30v5","RiboTag_Down","Down",-0.5461252924661006
"Mpped1","30v5","RiboTag_Up","Up",1.9395025873319507
"Mpst","30v5","RiboTag_Down","Down",3.0662928654019748
"Mroh7","30v5","RiboTag_Down","Down",1.0513973245607542
"Msantd1","30v5","RiboTag_Up","Up",-0.7573161598988731
"Msantd7","30v5","RiboTag_Up","Up",-0.6451967052279188
"Msl2","30v5","RiboTag_Up","Up",-0.13788701909705398
"Mt2","30v5","RiboTag_Up","Up",4.34423065187317
"Mtf1","30v5","RiboTag_Up","Up",-0.10992482362973266
"Mtmr1","30v5","RiboTag_Up","Up",-1.680951426660184
"Mtmr12","30v5","RiboTag_Up","Up",-0.8480938385684141
"Mul1","30v5","RiboTag_Up","Up",-0.0650109159699426
"Mxi1","30v5","RiboTag_Up","Up",0.9577775054982792
"Myc","30v5","RiboTag_Up","Up",1.7274333088690061
"Mycl","30v5","RiboTag_Down","Down",0.653016218238495
"Mynn","30v5","RiboTag_Up","Up",-0.1628175953914763
"Naa50","30v5","RiboTag_Up","Up",-1.6060195037468958
"Nadk2","30v5","RiboTag_Up","Up",0.8831153524660267
"Naga","30v5","RiboTag_Down","Down",2.0439110114299877
"Naglu","30v5","RiboTag_Down","Down",1.3952060182130985
"Nampt","30v5","RiboTag_Up","Up",-1.5089939949297866
"Nap1l5","30v5","RiboTag_Up","Up",-0.9779514047054151
"Ncam1","30v5","RiboTag_Down","Down",0.6100047658627907
"Ncam2","30v5","RiboTag_Down","Down",0.48654749566027733
"Ncan","30v5","RiboTag_Down","Down",1.587245654539076
"Ncbp1","30v5","RiboTag_Up","Up",-1.0295833017647307
"Nceh1","30v5","RiboTag_Down","Down",-2.143220598368587
"Ncoa5","30v5","RiboTag_Up","Up",-0.4757119198042344
"Ncstn","30v5","RiboTag_Down","Down",0.24987009314370942
"Ndc1","30v5","RiboTag_Down","Down",-0.03834869794158808
"Ndn","30v5","RiboTag_Down","Down",-0.7068405210138753
"Ndrg2","30v5","RiboTag_Up","Up",4.015630444539912
"Ndst1","30v5","RiboTag_Down","Down",1.8566856962192466
"Ndst2","30v5","RiboTag_Down","Down",0.18045084064556735
"Necap2","30v5","RiboTag_Up","Up",2.6126381743289695
"Nectin1","30v5","RiboTag_Down","Down",0.40909966624109484
"Nectin3","30v5","RiboTag_Down","Down",0.4293628380660591
"Nectin4","30v5","RiboTag_Down","Down",-0.182362093194677
"Nedd9","30v5","RiboTag_Up","Up",3.2584246986647636
"Nell1","30v5","RiboTag_Down","Down",-2.3398484263432193
"Nell2","30v5","RiboTag_Down","Down",-1.3787441639562321
"Neo1","30v5","RiboTag_Down","Down",0.18663259291637393
"Neu1","30v5","RiboTag_Down","Down",-0.7937582514408786
"Nfasc","30v5","RiboTag_Down","Down",0.6241175308124388
"Nfatc1","30v5","RiboTag_Up","Up",3.7405693547578753
"Nfatc2","30v5","RiboTag_Up","Up",0.8285012657703552
"Nfil3","30v5","RiboTag_Up","Up",-0.8693236628043524
"Nfkbiz","30v5","RiboTag_Up","Up",-1.0768301776668512
"Nin","30v5","RiboTag_Up","Up",-1.1708720604630183
"Nipal3","30v5","RiboTag_Down","Down",0.07524443767348576
"Nkain3","30v5","RiboTag_Down","Down",-0.7378795987847896
"Nlgn1","30v5","RiboTag_Down","Down",-1.8926227516285854
"Nlgn3","30v5","RiboTag_Down","Down",-0.8344903590781779
"Nmd3","30v5","RiboTag_Up","Up",-0.990519906664499
"Nmt2","30v5","RiboTag_Up","Up",-0.7927234284849867
"Nol3","30v5","RiboTag_Down","Down",0.3604456677327369
"Nomo1","30v5","RiboTag_Down","Down",1.4793032524439211
"Nop53","30v5","RiboTag_Up","Up",2.2208023781697084
"Npnt","30v5","RiboTag_Down","Down",3.8038162563623086
"Nptn","30v5","RiboTag_Down","Down",-2.1166595409754065
"Nptx1","30v5","RiboTag_Down","Down",-0.5233737546362398
"Nptx2","30v5","RiboTag_Up","Up",-1.6046400652731776
"Nptxr","30v5","RiboTag_Down","Down",0.24585144273211226
"Npy","30v5","RiboTag_Down","Down",3.3199262074641473
"Npy2r","30v5","RiboTag_Down","Down",-2.1334149869472188
"Nr4a1","30v5","RiboTag_Up","Up",-0.6372701927990005
"Nr4a2","30v5","RiboTag_Up","Up",1.0544978596225598
"Nr4a3","30v5","RiboTag_Up","Up",0.39475167616096873
"Nrbf2","30v5","RiboTag_Up","Up",-2.2409817135406978
"Nrcam","30v5","RiboTag_Down","Down",-0.874059789358687
"Nrp2","30v5","RiboTag_Down","Down",1.1439674682303507
"Nrxn1","30v5","RiboTag_Down","Down",-0.22680252711704077
"Nrxn2","30v5","RiboTag_Down","Down",1.3751972879954908
"Nrxn3","30v5","RiboTag_Down","Down",-0.5228198558944218
"Nsa2","30v5","RiboTag_Up","Up",-0.2358562828616618
"Nsd3","30v5","RiboTag_Up","Up",-0.9198643001485369
"Ntng2","30v5","RiboTag_Down","Down",3.159303868899785
"Ntrk3","30v5","RiboTag_Down","Down",-0.9059338537737195
"Nuak1","30v5","RiboTag_Up","Up",-0.2212578639987214
"Nudcd3","30v5","RiboTag_Down","Down",-0.9236611354191937
"Nup210","30v5","RiboTag_Down","Down",0.15160920162066688
"Nup35","30v5","RiboTag_Up","Up",-0.8742292190141202
"Nup50","30v5","RiboTag_Up","Up",-1.0400889922121606
"Nxpe3","30v5","RiboTag_Down","Down",-1.6401862909320983
"Odc1","30v5","RiboTag_Up","Up",-0.015051734045788634
"Ogfr","30v5","RiboTag_Up","Up",1.1294950701812752
"Olfm1","30v5","RiboTag_Down","Down",0.12576227995097805
"Opa3","30v5","RiboTag_Up","Up",1.6419754684348764
"Opcml","30v5","RiboTag_Down","Down",-2.0599709290427453
"Os9","30v5","RiboTag_Down","Down",0.4513842448374123
"Osbpl6","30v5","RiboTag_Up","Up",-1.9108901794765083
"Osbpl8","30v5","RiboTag_Up","Up",-0.9616388171566886
"Osgin2","30v5","RiboTag_Up","Up",-0.28464029450014156
"Ostm1","30v5","RiboTag_Down","Down",-1.3968468376750383
"Otud1","30v5","RiboTag_Up","Up",-0.641787947329054
"Otulinl","30v5","RiboTag_Down","Down",-1.7215840719546114
"Oxsr1","30v5","RiboTag_Up","Up",-0.38267178508827276
"P4ha1","30v5","RiboTag_Up","Up",-0.43457156449657736
"P4hb","30v5","RiboTag_Down","Down",-0.09435582876369435
"Pacc1","30v5","RiboTag_Down","Down",0.12971508704596676
"Pafah1b3","30v5","RiboTag_Down","Down",0.17451399523462346
"Palmd","30v5","RiboTag_Up","Up",-1.8925567711636455
"Pam","30v5","RiboTag_Down","Down",-1.4020801475586488
"Papola","30v5","RiboTag_Up","Up",-1.1783747916746914
"Paqr7","30v5","RiboTag_Down","Down",1.4493498345940155
"Paqr9","30v5","RiboTag_Down","Down",-0.7131520010557877
"Parp8","30v5","RiboTag_Up","Up",-0.5425584951197334
"Pcdh1","30v5","RiboTag_Down","Down",0.1350067482777059
"Pcdh10","30v5","RiboTag_Down","Down",0.42945969271592416
"Pcdh20","30v5","RiboTag_Down","Down",-2.2580225496063737
"Pcdha12","30v5","RiboTag_Down","Down",-2.0558162196624736
"Pcdha6","30v5","RiboTag_Down","Down",-0.9026134775149243
"Pcdha9","30v5","RiboTag_Down","Down",-0.7874010708952885
"Pcdhac1","30v5","RiboTag_Down","Down",-1.6919100245255918
"Pcdhac2","30v5","RiboTag_Down","Down",-1.538959498639634
"Pcdhb12","30v5","RiboTag_Down","Down",-1.7610093619790936
"Pcdhb17","30v5","RiboTag_Down","Down",-1.0092116160145554
"Pcdhb20","30v5","RiboTag_Down","Down",-1.4458280928485903
"Pcdhb7","30v5","RiboTag_Down","Down",-0.5421774816406755
"Pcdhb9","30v5","RiboTag_Down","Down",-1.5036741363784654
"Pcdhga1","30v5","RiboTag_Down","Down",-0.8248032199749644
"Pcdhga12","30v5","RiboTag_Down","Down",0.15389833188793373
"Pcdhga3","30v5","RiboTag_Down","Down",-0.8417468501110984
"Pcdhga4","30v5","RiboTag_Down","Down",-0.006254056062775304
"Pcdhga5","30v5","RiboTag_Down","Down",-0.5166951885422968
"Pcdhgb2","30v5","RiboTag_Down","Down",0.22287722665148135
"Pcdhgc3","30v5","RiboTag_Down","Down",3.5030315926335054
"Pcdhgc5","30v5","RiboTag_Down","Down",0.028665225001317397
"Pcna","30v5","RiboTag_Up","Up",-0.4471529545336829
"Pcsk2","30v5","RiboTag_Down","Down",-1.676268296180864
"Pcsk5","30v5","RiboTag_Down","Down",1.1469385499173324
"Pcyox1","30v5","RiboTag_Down","Down",-0.9806371747169358
"Pcyt2","30v5","RiboTag_Up","Up",0.15025415033683334
"Pde12","30v5","RiboTag_Up","Up",-0.4315302458244648
"Pde4b","30v5","RiboTag_Up","Up",-0.31366931873258336
"Pde5a","30v5","RiboTag_Up","Up",2.0984749577061153
"Pdgfrb","30v5","RiboTag_Down","Down",3.795157757580162
"Pdia3","30v5","RiboTag_Down","Down",-0.8080894398656859
"Pdyn","30v5","RiboTag_Down","Down",3.542924667827178
"Peak1","30v5","RiboTag_Down","Down",-0.3372437589765888
"Peds1","30v5","RiboTag_Down","Down",-0.15196372965003724
"Peg10","30v5","RiboTag_Up","Up",1.3248987280633673
"Peli1","30v5","RiboTag_Up","Up",-1.1650941047841383
"Per1","30v5","RiboTag_Up","Up",0.33331604817649224
"Per2","30v5","RiboTag_Up","Up",-0.04774419720704996
"Per3","30v5","RiboTag_Up","Up",1.0035265421646
"Pgap4","30v5","RiboTag_Down","Down",-0.9608994354444025
"Pgrmc2","30v5","RiboTag_Down","Down",-0.4268985062033825
"Phf13","30v5","RiboTag_Up","Up",-1.7602112304044604
"Phf6","30v5","RiboTag_Up","Up",-1.3492544252729997
"Phf8","30v5","RiboTag_Up","Up",-1.1563784579871468
"Phlda1","30v5","RiboTag_Up","Up",0.02446925503718636
"Phospho2","30v5","RiboTag_Up","Up",-1.2423968495081072
"Pias2","30v5","RiboTag_Up","Up",-1.1482522719500532
"Piga","30v5","RiboTag_Up","Up",-1.6688534009389342
"Pigk","30v5","RiboTag_Down","Down",-0.71798327315341
"Pigo","30v5","RiboTag_Down","Down",0.026270294607392202
"Pigs","30v5","RiboTag_Down","Down",0.5753728446703316
"Pigt","30v5","RiboTag_Down","Down",0.2907627128414692
"Pigu","30v5","RiboTag_Down","Down",-0.7643411558189137
"Pim3","30v5","RiboTag_Up","Up",0.39747632181794884
"Pip4p2","30v5","RiboTag_Up","Up",-1.135981743202616
"Pip5k1a","30v5","RiboTag_Up","Up",-1.2445211680941894
"Pkn2","30v5","RiboTag_Up","Up",0.1724922069737756
"Plbd2","30v5","RiboTag_Down","Down",0.007432359045184286
"Plch1","30v5","RiboTag_Up","Up",-0.45018569484985066
"Pld3","30v5","RiboTag_Down","Down",2.764275121865915
"Plec","30v5","RiboTag_Down","Down",0.7298824060752563
"Plk2","30v5","RiboTag_Up","Up",-2.8580473145680187
"Plk3","30v5","RiboTag_Up","Up",-0.367157043723838
"Plpbp","30v5","RiboTag_Up","Up",-1.0753450531580613
"Plppr1","30v5","RiboTag_Down","Down",-0.17083939537566642
"Plppr2","30v5","RiboTag_Down","Down",0.6933449823883127
"Plscr4","30v5","RiboTag_Up","Up",0.02977735585580826
"Plxna1","30v5","RiboTag_Down","Down",0.4355334041848152
"Plxnb2","30v5","RiboTag_Down","Down",2.956318659160164
"Plxnd1","30v5","RiboTag_Down","Down",2.1173274112870337
"Pofut1","30v5","RiboTag_Down","Down",0.6317443198730553
"Pold3","30v5","RiboTag_Up","Up",-0.36626973578603766
"Polr1f","30v5","RiboTag_Up","Up",-0.47303382923671405
"Pomgnt2","30v5","RiboTag_Down","Down",-0.9110491240056189
"Pomk","30v5","RiboTag_Down","Down",-1.3153070515226755
"Pon2","30v5","RiboTag_Up","Up",3.2401865551436853
"Porcn","30v5","RiboTag_Down","Down",-1.1939891773189553
"Pou3f3","30v5","RiboTag_Up","Up",1.950045611390467
"Ppat","30v5","RiboTag_Up","Up",-0.6061402868066582
"Ppib","30v5","RiboTag_Down","Down",0.4338227525431566
"Ppm1b","30v5","RiboTag_Up","Up",-0.19452129227525808
"Ppm1d","30v5","RiboTag_Up","Up",-0.16590689618055998
"Ppm1l","30v5","RiboTag_Down","Down",-0.46081113401835055
"Ppp1r15a","30v5","RiboTag_Up","Up",-0.7397232851350474
"Ppp1r15b","30v5","RiboTag_Up","Up",-0.06129218668766132
"Ppp2r1b","30v5","RiboTag_Up","Up",0.03610887405340347
"Ppp2r2a","30v5","RiboTag_Up","Up",-0.9942511863528043
"Ppp4r3a","30v5","RiboTag_Up","Up",-0.4657584129890284
"Ppt2","30v5","RiboTag_Down","Down",0.16385993664342824
"Praf2","30v5","RiboTag_Down","Down",-0.6298881351133652
"Prdm16","30v5","RiboTag_Down","Down",0.6605009619882871
"Prdm2","30v5","RiboTag_Up","Up",0.4861147854540427
"Prkaa1","30v5","RiboTag_Up","Up",-1.1384197879319056
"Prkag2","30v5","RiboTag_Up","Up",-0.8700969497158509
"Prkx","30v5","RiboTag_Up","Up",0.9450950470084366
"Prpf38b","30v5","RiboTag_Up","Up",-0.7026900834021892
"Prpf39","30v5","RiboTag_Up","Up",-0.4610790644761924
"Prr12","30v5","RiboTag_Down","Down",1.8685882598736991
"Prr36","30v5","RiboTag_Down","Down",-0.16034782172066725
"Prr7","30v5","RiboTag_Down","Down",0.9000624446216138
"Prrt3","30v5","RiboTag_Down","Down",0.2671371758334612
"Prss23","30v5","RiboTag_Down","Down",-0.9184967674950756
"Psap","30v5","RiboTag_Down","Down",-0.07567693024430322
"Psen2","30v5","RiboTag_Down","Down",0.2692788068995642
"Ptbp1","30v5","RiboTag_Up","Up",1.8406681437461294
"Ptcd1","30v5","RiboTag_Up","Up",-0.11754077868306576
"Ptchd4","30v5","RiboTag_Up","Up",3.617328619884186
"Ptp4a1","30v5","RiboTag_Up","Up",-0.7725946505052358
"Ptpn1","30v5","RiboTag_Up","Up",2.1117962464942877
"Ptpn12","30v5","RiboTag_Up","Up",-0.0015055550147269835
"Ptprf","30v5","RiboTag_Down","Down",1.5129984482501462
"Ptprj","30v5","RiboTag_Down","Down",-1.0166103214602928
"Ptprn","30v5","RiboTag_Down","Down",0.4900449719284356
"Ptprn2","30v5","RiboTag_Down","Down",-0.8346427215726115
"Ptpro","30v5","RiboTag_Down","Down",-0.15042348332223923
"Ptprr","30v5","RiboTag_Down","Down",-1.903601284787623
"Ptprs","30v5","RiboTag_Down","Down",0.1450428592811831
"Pwwp3a","30v5","RiboTag_Down","Down",-0.1842504006748774
"Qki","30v5","RiboTag_Up","Up",2.317964552196764
"Qsox1","30v5","RiboTag_Down","Down",0.5557178162186188
"Qsox2","30v5","RiboTag_Down","Down",-1.5440864372891117
"Rab27b","30v5","RiboTag_Up","Up",-2.4917694668765975
"Rab28","30v5","RiboTag_Up","Up",-1.0855843884959606
"Rab43","30v5","RiboTag_Up","Up",2.6219861876638264
"Rab5a","30v5","RiboTag_Up","Up",-1.4220081635744872
"Rab6a","30v5","RiboTag_Up","Up",-1.854475110303026
"Rab8b","30v5","RiboTag_Up","Up",-2.1835026078317674
"Rabac1","30v5","RiboTag_Down","Down",-0.08261120254114068
"Rabl2","30v5","RiboTag_Up","Up",0.3495334102681989
"Rad52","30v5","RiboTag_Up","Up",-0.5250079328980048
"Rai2","30v5","RiboTag_Up","Up",-0.38999733626269606
"Ranbp2","30v5","RiboTag_Up","Up",-0.644881806143801
"Ranbp6","30v5","RiboTag_Up","Up",-1.3210642887780932
"Rap1a","30v5","RiboTag_Up","Up",-0.6568388719967373
"Rap1b","30v5","RiboTag_Up","Up",-0.851664895940515
"Rap2a","30v5","RiboTag_Up","Up",-0.7934469551870686
"Rasd1","30v5","RiboTag_Up","Up",-2.8174362247847977
"Rasl11b","30v5","RiboTag_Up","Up",-2.703247587835701
"Rassf1","30v5","RiboTag_Up","Up",0.3717500861765194
"Rassf3","30v5","RiboTag_Down","Down",1.9310943754306962
"Rbm12b2","30v5","RiboTag_Up","Up",-1.0683392946141388
"Rbm24","30v5","RiboTag_Up","Up",-1.7975244097830552
"Rbm39","30v5","RiboTag_Up","Up",-0.18503984406333115
"Rbm7","30v5","RiboTag_Up","Up",-1.1622413565772196
"Rchy1","30v5","RiboTag_Up","Up",-1.3539020464396034
"Rcl1","30v5","RiboTag_Up","Up",-1.1850590137119417
"Rcn2","30v5","RiboTag_Down","Down",0.6079575081027838
"Rcor1","30v5","RiboTag_Up","Up",-0.9633550603851351
"Rcor2","30v5","RiboTag_Down","Down",1.191908609182982
"Reep1","30v5","RiboTag_Down","Down",-1.877205011063025
"Reep2","30v5","RiboTag_Down","Down",-0.4696559186607784
"Reep5","30v5","RiboTag_Down","Down",-0.5796292055062441
"Rela","30v5","RiboTag_Up","Up",1.525956853778876
"Retreg1","30v5","RiboTag_Down","Down",-0.19551715113842585
"Rfx2","30v5","RiboTag_Up","Up",3.3178448090242973
"Rgs4","30v5","RiboTag_Up","Up",-2.283714664717969
"Rhbdd1","30v5","RiboTag_Down","Down",1.810242587830836
"Rhbdd3","30v5","RiboTag_Down","Down",1.5307391387472062
"Rlf","30v5","RiboTag_Up","Up",-1.3793083721791175
"Rlim","30v5","RiboTag_Up","Up",-0.7887177702921411
"Rmnd5a","30v5","RiboTag_Up","Up",-0.36490614501754365
"Rnaset2b","30v5","RiboTag_Down","Down",2.3803036412941028
"Rnd3","30v5","RiboTag_Up","Up",-0.23263849534623585
"Rnf111","30v5","RiboTag_Up","Up",-1.3514440954214124
"Rnf128","30v5","RiboTag_Down","Down",-1.5952821147490217
"Rnf130","30v5","RiboTag_Down","Down",1.6068326817019016
"Rnf166","30v5","RiboTag_Up","Up",1.8968788229801439
"Rnf167","30v5","RiboTag_Down","Down",-0.34006914383133807
"Rnf19a","30v5","RiboTag_Up","Up",-1.3133712125894732
"Rnf217","30v5","RiboTag_Up","Up",1.0238698601009157
"Rnf26","30v5","RiboTag_Down","Down",-0.011581003793681986
"Rnf32","30v5","RiboTag_Up","Up",-1.3052513468530933
"Rnf4","30v5","RiboTag_Up","Up",-0.4114870860388508
"Rnft1","30v5","RiboTag_Up","Up",-0.5279150554523075
"Rnft2","30v5","RiboTag_Down","Down",-0.23814102262194994
"Rngtt","30v5","RiboTag_Up","Up",-0.9724588643676652
"Robo1","30v5","RiboTag_Down","Down",-0.7493445392345702
"Robo2","30v5","RiboTag_Down","Down",-1.724430700633975
"Rock1","30v5","RiboTag_Up","Up",2.048109677861699
"Rora","30v5","RiboTag_Up","Up",2.451010639236688
"Rpgr","30v5","RiboTag_Up","Up",-1.963086775489166
"Rph3a","30v5","RiboTag_Down","Down",3.3549093893448365
"Rpl35a","30v5","RiboTag_Up","Up",2.004195453282523
"Rpn1","30v5","RiboTag_Down","Down",-0.28082306609867624
"Rpn2","30v5","RiboTag_Down","Down",0.2792310691743745
"Rps15a","30v5","RiboTag_Up","Up",1.2741492846998665
"Rps6kb2","30v5","RiboTag_Up","Up",0.8704604270618636
"Rras2","30v5","RiboTag_Up","Up",-1.1624385409782032
"Rrn3","30v5","RiboTag_Up","Up",-0.8727757673919823
"Rsbn1","30v5","RiboTag_Up","Up",-0.07052750934902499
"Rsph4a","30v5","RiboTag_Up","Up",-3.9271568101379373
"Rtn1","30v5","RiboTag_Down","Down",-1.0983309210089915
"Rtn3","30v5","RiboTag_Down","Down",-1.4586618043584794
"Rtn4r","30v5","RiboTag_Down","Down",-1.0472076522918061
"Rtn4rl1","30v5","RiboTag_Down","Down",-0.7506871160229767
"Rtn4rl2","30v5","RiboTag_Down","Down",-0.17110435284967399
"Rundc1","30v5","RiboTag_Up","Up",-0.3746298213619555
"Runx2","30v5","RiboTag_Up","Up",-0.17760515271353922
"Rwdd4a","30v5","RiboTag_Up","Up",-0.47242098894759854
"Rybp","30v5","RiboTag_Up","Up",-1.2810166968011436
"S100a10","30v5","RiboTag_Up","Up",0.5724609070683452
"S1pr3","30v5","RiboTag_Down","Down",0.7973064599215186
"Sacm1l","30v5","RiboTag_Up","Up",-1.0116391634209234
"Sap18","30v5","RiboTag_Up","Up",-0.7711197915705433
"Sbf2","30v5","RiboTag_Up","Up",0.023081646382186842
"Sbk1","30v5","RiboTag_Up","Up",3.4086645860177187
"Scamp1","30v5","RiboTag_Down","Down",-1.5594115432835265
"Scamp3","30v5","RiboTag_Down","Down",0.2537850759473605
"Scamp5","30v5","RiboTag_Down","Down",-0.629677675498975
"Scarb2","30v5","RiboTag_Down","Down",1.0247708935674413
"Scd2","30v5","RiboTag_Down","Down",1.8767769700799468
"Scn2b","30v5","RiboTag_Down","Down",-0.28660429837475787
"Scpep1","30v5","RiboTag_Down","Down",1.8528122172412111
"Scube1","30v5","RiboTag_Down","Down",-1.526343212850751
"Scyl2","30v5","RiboTag_Up","Up",-0.8498585182092975
"Sdc3","30v5","RiboTag_Down","Down",1.1379821350847819
"Sde2","30v5","RiboTag_Up","Up",-1.3150518524155896
"Sdf4","30v5","RiboTag_Down","Down",0.3139920025880906
"Sec24a","30v5","RiboTag_Up","Up",0.227853090102584
"Sel1l","30v5","RiboTag_Down","Down",-1.387216365974435
"Sema3c","30v5","RiboTag_Down","Down",2.401881857019905
"Sema4d","30v5","RiboTag_Down","Down",1.6090704400751932
"Sema4f","30v5","RiboTag_Down","Down",-0.9225330070158251
"Sema5a","30v5","RiboTag_Down","Down",4.0111563520232885
"Sema6b","30v5","RiboTag_Down","Down",1.4750977503089893
"Sema7a","30v5","RiboTag_Down","Down",0.8161543276702283
"Serinc1","30v5","RiboTag_Down","Down",-2.284272692553142
"Serinc3","30v5","RiboTag_Down","Down",-0.48196897989925735
"Sertad1","30v5","RiboTag_Up","Up",-0.41939765205033375
"Sertm1","30v5","RiboTag_Up","Up",-2.272454722966647
"Sez6l","30v5","RiboTag_Down","Down",-0.48586664455200596
"Sez6l2","30v5","RiboTag_Down","Down",-0.20394855481037805
"Sfpq","30v5","RiboTag_Up","Up",-0.8388027701420383
"Sgk1","30v5","RiboTag_Up","Up",0.017592634991369736
"Sgsh","30v5","RiboTag_Down","Down",2.161199246569173
"Shisa4","30v5","RiboTag_Down","Down",1.325412329107406
"Shisa6","30v5","RiboTag_Down","Down",-0.2641141918993301
"Shmt2","30v5","RiboTag_Down","Down",1.7035997832965528
"Shoc2","30v5","RiboTag_Up","Up",-1.59245423889238
"Siah2","30v5","RiboTag_Up","Up",-1.2112235988476328
"Sidt1","30v5","RiboTag_Down","Down",-1.5748378665587892
"Sigmar1","30v5","RiboTag_Down","Down",-0.9678372099766626
"Sik1","30v5","RiboTag_Up","Up",1.6240185415318136
"Sil1","30v5","RiboTag_Down","Down",1.0138074428386674
"Sirpa","30v5","RiboTag_Down","Down",-0.4448879267791168
"Sirt1","30v5","RiboTag_Up","Up",-0.5905655933291879
"Skil","30v5","RiboTag_Up","Up",-1.7322263107254239
"Slc12a5","30v5","RiboTag_Down","Down",0.06172312232892363
"Slc12a9","30v5","RiboTag_Down","Down",1.4713182283485617
"Slc17a7","30v5","RiboTag_Down","Down",0.7744349059069638
"Slc1a4","30v5","RiboTag_Down","Down",1.0765159112321416
"Slc22a17","30v5","RiboTag_Down","Down",0.028937152334638058
"Slc23a2","30v5","RiboTag_Down","Down",-0.855225092107943
"Slc24a2","30v5","RiboTag_Down","Down",-2.253518592675747
"Slc25a25","30v5","RiboTag_Up","Up",0.26812389829120153
"Slc25a40","30v5","RiboTag_Up","Up",-0.821266270086927
"Slc26a10","30v5","RiboTag_Down","Down",1.7564452368976773
"Slc26a11","30v5","RiboTag_Down","Down",1.9099026751373116
"Slc27a4","30v5","RiboTag_Down","Down",-0.4111187371774151
"Slc29a4","30v5","RiboTag_Down","Down",2.32298211573392
"Slc2a13","30v5","RiboTag_Down","Down",0.004101152616885606
"Slc2a6","30v5","RiboTag_Down","Down",-0.36796978184837587
"Slc30a5","30v5","RiboTag_Down","Down",-0.9925573510441892
"Slc35b2","30v5","RiboTag_Down","Down",1.1071378199124018
"Slc35c1","30v5","RiboTag_Down","Down",-0.6587584762336957
"Slc35e4","30v5","RiboTag_Down","Down",1.4966119985845137
"Slc37a3","30v5","RiboTag_Down","Down",-0.4803892079350742
"Slc37a4","30v5","RiboTag_Down","Down",-0.21143203421217882
"Slc38a1","30v5","RiboTag_Down","Down",-0.1333077556829653
"Slc38a10","30v5","RiboTag_Down","Down",1.3606417707957932
"Slc38a6","30v5","RiboTag_Up","Up",1.084851534570288
"Slc38a7","30v5","RiboTag_Down","Down",-0.7917798474091514
"Slc39a13","30v5","RiboTag_Down","Down",0.46421208108485723
"Slc39a3","30v5","RiboTag_Down","Down",0.9600035078561332
"Slc39a6","30v5","RiboTag_Down","Down",0.31978799066911445
"Slc39a7","30v5","RiboTag_Down","Down",0.414469856550616
"Slc3a2","30v5","RiboTag_Down","Down",0.839861606002969
"Slc43a2","30v5","RiboTag_Down","Down",0.5718384872752412
"Slc45a1","30v5","RiboTag_Down","Down",-0.06913528599244158
"Slc48a1","30v5","RiboTag_Down","Down",0.9784942559418234
"Slc49a4","30v5","RiboTag_Down","Down",0.20880953074048286
"Slc6a15","30v5","RiboTag_Down","Down",-1.9697188789566054
"Slc6a17","30v5","RiboTag_Down","Down",-0.2697303986338917
"Slc6a7","30v5","RiboTag_Down","Down",-1.5457663511059117
"Slc6a9","30v5","RiboTag_Down","Down",1.4912785112051739
"Slc7a14","30v5","RiboTag_Down","Down",-1.0430623415362426
"Slc7a4","30v5","RiboTag_Down","Down",-0.10136037413999596
"Slc7a5","30v5","RiboTag_Down","Down",1.4203479146873776
"Slc7a6os","30v5","RiboTag_Up","Up",-0.8121486246978368
"Slc7a8","30v5","RiboTag_Down","Down",-0.5541444610601727
"Slc8a2","30v5","RiboTag_Down","Down",-0.18333762808695367
"Slc9a6","30v5","RiboTag_Down","Down",-0.30527151745622844
"Slc9a7","30v5","RiboTag_Down","Down",-0.2415086206456999
"Slc9a9","30v5","RiboTag_Down","Down",0.8065775076579932
"Slco3a1","30v5","RiboTag_Down","Down",-0.554865785988367
"Slit1","30v5","RiboTag_Down","Down",-0.12299304785644379
"Slit3","30v5","RiboTag_Down","Down",-0.6127061520404992
"Smad1","30v5","RiboTag_Up","Up",-0.12177335455681565
"Smad5","30v5","RiboTag_Up","Up",1.0366738084465308
"Smad7","30v5","RiboTag_Up","Up",1.1974430639371
"Smarca5","30v5","RiboTag_Up","Up",-0.788286636439191
"Smg5","30v5","RiboTag_Up","Up",1.4102620156400056
"Smg8","30v5","RiboTag_Up","Up",-0.7743217174242256
"Smndc1","30v5","RiboTag_Up","Up",-1.2427478938944025
"Smoc2","30v5","RiboTag_Down","Down",0.7008973271996771
"Smpd1","30v5","RiboTag_Down","Down",-0.14724415078084893
"Smpd3","30v5","RiboTag_Down","Down",0.1988874944664316
"Smpdl3a","30v5","RiboTag_Down","Down",1.9100867963638561
"Smurf1","30v5","RiboTag_Up","Up",0.5025326731132839
"Smurf2","30v5","RiboTag_Up","Up",0.5585360192128054
"Snip1","30v5","RiboTag_Up","Up",-0.5396597964048733
"Snrnp48","30v5","RiboTag_Up","Up",-0.2768655987269413
"Sorcs3","30v5","RiboTag_Down","Down",-1.8105513832783384
"Sorl1","30v5","RiboTag_Down","Down",-0.40816207539040816
"Sort1","30v5","RiboTag_Down","Down",-0.04696356459230997
"Sos1","30v5","RiboTag_Up","Up",-0.7241183093802517
"Sox9","30v5","RiboTag_Up","Up",4.090342556430473
"Sparcl1","30v5","RiboTag_Down","Down",2.193780252191144
"Spata2l","30v5","RiboTag_Up","Up",-0.5106948069450286
"Spcs2","30v5","RiboTag_Down","Down",-0.31429560590490985
"Specc1","30v5","RiboTag_Up","Up",0.15455597167416993
"Spint2","30v5","RiboTag_Down","Down",0.04707196287324373
"Spns1","30v5","RiboTag_Down","Down",0.4183734133952285
"Spock1","30v5","RiboTag_Down","Down",0.03889325870619211
"Spock2","30v5","RiboTag_Down","Down",0.5788827606393676
"Spock3","30v5","RiboTag_Down","Down",-0.04019372956594411
"Sppl2b","30v5","RiboTag_Down","Down",0.14636460117452305
"Sppl3","30v5","RiboTag_Down","Down",-0.6219009002195907
"Spred1","30v5","RiboTag_Up","Up",-0.0861930163346311
"Spred2","30v5","RiboTag_Up","Up",-1.0485834531122458
"Sprn","30v5","RiboTag_Down","Down",-1.229623799749153
"Spry1","30v5","RiboTag_Up","Up",1.0104787215754758
"Spry2","30v5","RiboTag_Up","Up",-0.08989038547849612
"Spry4","30v5","RiboTag_Up","Up",-0.029054828300221654
"Spty2d1","30v5","RiboTag_Up","Up",-1.4344929873400392
"Sqle","30v5","RiboTag_Down","Down",0.23918094059075745
"Srebf2","30v5","RiboTag_Down","Down",1.2064188907188986
"Srf","30v5","RiboTag_Up","Up",2.9495400175442383
"Srprb","30v5","RiboTag_Down","Down",0.122803768664486
"Srsf10","30v5","RiboTag_Up","Up",-0.8020939916159934
"Srsf3","30v5","RiboTag_Up","Up",-1.3781365145635702
"Srsf5","30v5","RiboTag_Up","Up",-0.8478896656556207
"Srsf6","30v5","RiboTag_Up","Up",-0.7858910827445629
"Ssbp2","30v5","RiboTag_Down","Down",-1.0551324945691622
"Ssh2","30v5","RiboTag_Up","Up",-0.46417112836763497
"Ssr1","30v5","RiboTag_Down","Down",-0.6011421542376915
"Ssr2","30v5","RiboTag_Down","Down",-0.5262905400926952
"Sstr2","30v5","RiboTag_Down","Down",-0.02099644615091342
"St6gal2","30v5","RiboTag_Down","Down",-1.616262639051402
"St7","30v5","RiboTag_Up","Up",-1.0229153558523303
"St8sia5","30v5","RiboTag_Down","Down",-0.688341430825366
"Stard4","30v5","RiboTag_Down","Down",0.40475505814392954
"Stard5","30v5","RiboTag_Down","Down",0.2238445279009374
"Stat3","30v5","RiboTag_Up","Up",1.6304383779822746
"Stk26","30v5","RiboTag_Up","Up",-2.5248308919501454
"Stk35","30v5","RiboTag_Up","Up",2.020487370658106
"Stk38","30v5","RiboTag_Up","Up",2.010515286166302
"Stk38l","30v5","RiboTag_Up","Up",-0.4948089832349268
"Stox2","30v5","RiboTag_Up","Up",2.937582154958301
"Strap","30v5","RiboTag_Up","Up",-1.102747388846461
"Strn","30v5","RiboTag_Up","Up",-1.178631609823774
"Strn3","30v5","RiboTag_Up","Up",-1.008945616874878
"Stxbp3","30v5","RiboTag_Up","Up",1.9429355087899536
"Styx-ps","30v5","RiboTag_Up","Up",0.25517155873612707
"Sulf2","30v5","RiboTag_Down","Down",0.21635899241079695
"Sun1","30v5","RiboTag_Down","Down",-1.036686211175338
"Sun2","30v5","RiboTag_Down","Down",1.7023747915332628
"Surf4","30v5","RiboTag_Down","Down",-0.41276942217750046
"Surf6","30v5","RiboTag_Up","Up",-1.1830843607858428
"Susd1","30v5","RiboTag_Down","Down",-1.3325860214583447
"Susd4","30v5","RiboTag_Down","Down",0.7599720648046825
"Sv2a","30v5","RiboTag_Down","Down",-0.45311368987744877
"Svop","30v5","RiboTag_Down","Down",-0.2711589244248966
"Syna","30v5","RiboTag_Down","Down",-0.40032301030196943
"Syngr1","30v5","RiboTag_Down","Down",-0.2654158204967686
"Synpr","30v5","RiboTag_Down","Down",1.851828929904444
"Syp","30v5","RiboTag_Down","Down",-1.2523785298873167
"Syt1","30v5","RiboTag_Down","Down",-1.9383873563229503
"Syt11","30v5","RiboTag_Down","Down",-0.33981292871858
"Syt12","30v5","RiboTag_Down","Down",-1.2710193984081422
"Syt3","30v5","RiboTag_Down","Down",-0.7267472859393107
"Syt5","30v5","RiboTag_Down","Down",-0.40093050810592085
"Syvn1","30v5","RiboTag_Down","Down",-0.8659006065437478
"Taf2","30v5","RiboTag_Up","Up",-0.4180692367448006
"Taf5","30v5","RiboTag_Up","Up",-1.079696898610399
"Taf7","30v5","RiboTag_Up","Up",-0.9140531342442519
"Tbce","30v5","RiboTag_Up","Up",-0.09687449285646862
"Tcf12","30v5","RiboTag_Up","Up",0.10036580409904186
"Tecr","30v5","RiboTag_Down","Down",-0.2516769482898048
"Tenm4","30v5","RiboTag_Down","Down",-0.19674718921632048
"Tent5c","30v5","RiboTag_Up","Up",2.8101267835208494
"Tex264","30v5","RiboTag_Down","Down",-0.4026095317752664
"Tfdp2","30v5","RiboTag_Up","Up",-0.33925708047113734
"Tfrc","30v5","RiboTag_Down","Down",-0.36120373339926587
"Tgfa","30v5","RiboTag_Down","Down",3.240926473563695
"Tgfbr3","30v5","RiboTag_Down","Down",-0.8611859570426238
"Tgoln1","30v5","RiboTag_Down","Down",-0.6961358800171236
"Them6","30v5","RiboTag_Down","Down",-0.8359634372188531
"Thsd7a","30v5","RiboTag_Down","Down",1.013765798175262
"Timm21","30v5","RiboTag_Up","Up",0.7095953360237728
"Tiparp","30v5","RiboTag_Up","Up",0.07927834563762264
"Tjp1","30v5","RiboTag_Up","Up",0.8150576862881277
"Tkt","30v5","RiboTag_Down","Down",2.013901179682989
"Tle1","30v5","RiboTag_Up","Up",-0.1804971546418664
"Tlr7","30v5","RiboTag_Up","Up",3.038829973488346
"Tm2d3","30v5","RiboTag_Down","Down",-0.4396999383291603
"Tm9sf1","30v5","RiboTag_Down","Down",-0.39103438801972945
"Tm9sf2","30v5","RiboTag_Down","Down",-0.9624806044458519
"Tm9sf4","30v5","RiboTag_Down","Down",-0.1499912741873684
"Tmbim6","30v5","RiboTag_Down","Down",0.4655152547738445
"Tmco1","30v5","RiboTag_Down","Down",-0.5026769547455918
"Tmed2","30v5","RiboTag_Down","Down",-0.822329175463966
"Tmed4","30v5","RiboTag_Down","Down",-0.9058615959747974
"Tmed9","30v5","RiboTag_Down","Down",-0.3943567895919109
"Tmeff2","30v5","RiboTag_Down","Down",-0.38689712218762107
"Tmem101","30v5","RiboTag_Down","Down",-0.40506008878270433
"Tmem109","30v5","RiboTag_Down","Down",-0.5751384510798747
"Tmem115","30v5","RiboTag_Down","Down",-0.0061040515167921465
"Tmem131","30v5","RiboTag_Down","Down",-0.6260750914768264
"Tmem132a","30v5","RiboTag_Down","Down",-0.07522235846996232
"Tmem132b","30v5","RiboTag_Down","Down",-0.4980609714389492
"Tmem145","30v5","RiboTag_Down","Down",0.7972108664882329
"Tmem161a","30v5","RiboTag_Down","Down",0.5492692731801628
"Tmem165","30v5","RiboTag_Down","Down",-0.7445073957563533
"Tmem175","30v5","RiboTag_Down","Down",-0.26448253036492336
"Tmem178","30v5","RiboTag_Down","Down",-0.45407382770150706
"Tmem178b","30v5","RiboTag_Down","Down",-0.39140770157710214
"Tmem179","30v5","RiboTag_Down","Down",-0.8035377517697211
"Tmem181a","30v5","RiboTag_Down","Down",-1.0841047589717427
"Tmem184b","30v5","RiboTag_Down","Down",0.3359380159221352
"Tmem19","30v5","RiboTag_Down","Down",-0.5547980498898993
"Tmem201","30v5","RiboTag_Down","Down",0.6499224350135564
"Tmem215","30v5","RiboTag_Down","Down",-1.7122546144310302
"Tmem25","30v5","RiboTag_Down","Down",-0.6037994619464782
"Tmem259","30v5","RiboTag_Down","Down",0.868354361955328
"Tmem263","30v5","RiboTag_Up","Up",-1.4164686883998885
"Tmem30a","30v5","RiboTag_Down","Down",-1.8974426098666766
"Tmem38a","30v5","RiboTag_Down","Down",-0.6289180918634601
"Tmem43","30v5","RiboTag_Down","Down",-0.11470633362837424
"Tmem50a","30v5","RiboTag_Down","Down",-0.846213058402057
"Tmem59l","30v5","RiboTag_Down","Down",-0.7724465436584428
"Tmem63b","30v5","RiboTag_Down","Down",-0.727741958694846
"Tmem86a","30v5","RiboTag_Down","Down",1.496914393360426
"Tmem87b","30v5","RiboTag_Down","Down",-1.3933607326336346
"Tmem9","30v5","RiboTag_Down","Down",-0.2113926174242579
"Tmppe","30v5","RiboTag_Down","Down",-0.13953509780566037
"Tmub1","30v5","RiboTag_Down","Down",-0.03148353228973121
"Tmx2","30v5","RiboTag_Down","Down",-0.9244028577688107
"Tnfaip6","30v5","RiboTag_Up","Up",2.58011844848696
"Tnfaip8","30v5","RiboTag_Up","Up",4.028431301767481
"Tnfrsf21","30v5","RiboTag_Down","Down",-1.0370674207150061
"Tnpo1","30v5","RiboTag_Up","Up",0.2968062360136337
"Tnr","30v5","RiboTag_Down","Down",-0.4301584633106696
"Tor1aip1","30v5","RiboTag_Up","Up",1.731839382192964
"Tpp1","30v5","RiboTag_Down","Down",1.0519421737050683
"Tppp3","30v5","RiboTag_Up","Up",1.277463353030276
"Tpst1","30v5","RiboTag_Down","Down",-1.0055389850129055
"Tra2a","30v5","RiboTag_Up","Up",-0.7071309011598242
"Tra2b","30v5","RiboTag_Up","Up",-1.0948911787732638
"Traf3","30v5","RiboTag_Up","Up",3.476725616481361
"Tram1l1","30v5","RiboTag_Down","Down",-1.6109125378559648
"Trib1","30v5","RiboTag_Up","Up",0.8882721462596102
"Trim66","30v5","RiboTag_Down","Down",0.8573051012486494
"Trmt10c","30v5","RiboTag_Up","Up",-1.2167866865966663
"Trmt1l","30v5","RiboTag_Up","Up",-0.7352469907777726
"Trp53inp2","30v5","RiboTag_Up","Up",1.2190187313617833
"Tsc22d2","30v5","RiboTag_Up","Up",0.517614239110441
"Tspan18","30v5","RiboTag_Down","Down",1.9982192931351568
"Tspan3","30v5","RiboTag_Down","Down",-0.5813133903475302
"Tspan7","30v5","RiboTag_Down","Down",1.3527594510673686
"Tspyl1","30v5","RiboTag_Up","Up",-2.0318277006441394
"Tstd2","30v5","RiboTag_Up","Up",-0.40855498776764665
"Ttyh1","30v5","RiboTag_Down","Down",2.100495791613027
"Ttyh3","30v5","RiboTag_Down","Down",1.6224994261896941
"Tubb2b","30v5","RiboTag_Down","Down",2.3973372137751494
"Txndc5","30v5","RiboTag_Down","Down",0.7377599522003627
"Tyw1","30v5","RiboTag_Down","Down",0.32999254216984175
"Ube2b","30v5","RiboTag_Up","Up",-1.7826745127775205
"Ube2d3","30v5","RiboTag_Up","Up",-1.367559861360045
"Ube2e3","30v5","RiboTag_Up","Up",-1.5028849951066972
"Ube2g2","30v5","RiboTag_Up","Up",-0.7991616172794906
"Ube2h","30v5","RiboTag_Up","Up",0.524267981969157
"Uchl1","30v5","RiboTag_Down","Down",-1.4147933902809895
"Ufm1","30v5","RiboTag_Up","Up",-1.042330726542443
"Uggt1","30v5","RiboTag_Down","Down",0.345564029279767
"Unc5a","30v5","RiboTag_Down","Down",0.5998188124604455
"Unc5c","30v5","RiboTag_Down","Down",-0.04820536030974801
"Unc5d","30v5","RiboTag_Down","Down",1.5728702763422697
"Usp25","30v5","RiboTag_Up","Up",-1.773941449038748
"Usp37","30v5","RiboTag_Up","Up",-0.6373347634094892
"Usp38","30v5","RiboTag_Up","Up",-1.058748023072645
"Utp15","30v5","RiboTag_Up","Up",-1.3611083875805778
"Utp25","30v5","RiboTag_Up","Up",-0.6161551410688457
"Vamp3","30v5","RiboTag_Up","Up",1.615288052740469
"Vangl2","30v5","RiboTag_Down","Down",3.2310247900217113
"Vash1","30v5","RiboTag_Down","Down",1.4233626432681226
"Vcl","30v5","RiboTag_Up","Up",0.34980981826438734
"Vezf1","30v5","RiboTag_Up","Up",0.33456043091014764
"Virma","30v5","RiboTag_Up","Up",-0.5026344326240698
"Vit","30v5","RiboTag_Down","Down",-0.07808772899675559
"Vldlr","30v5","RiboTag_Down","Down",-1.1254543064519862
"Vstm2a","30v5","RiboTag_Down","Down",1.0474599912027829
"Vti1b","30v5","RiboTag_Up","Up",-0.5969158192953268
"Vxn","30v5","RiboTag_Up","Up",-1.8942971790787233
"Wdr13","30v5","RiboTag_Down","Down",2.8359732519564713
"Wdr43","30v5","RiboTag_Up","Up",-0.2089308346019254
"Wdr91","30v5","RiboTag_Up","Up",1.8302253321278605
"Wnt9a","30v5","RiboTag_Down","Down",1.5187622717148619
"Wsb1","30v5","RiboTag_Up","Up",0.3094570414437777
"Wscd2","30v5","RiboTag_Down","Down",-0.8494973595161529
"Xbp1","30v5","RiboTag_Up","Up",-1.426991425880792
"Xk","30v5","RiboTag_Down","Down",-1.1427879924951319
"Xpo4","30v5","RiboTag_Up","Up",0.5818689103287064
"Xylt2","30v5","RiboTag_Down","Down",0.41482043671230057
"Yeats2","30v5","RiboTag_Up","Up",0.35442540681411067
"Yipf2","30v5","RiboTag_Down","Down",-0.47272498134035074
"Ykt6","30v5","RiboTag_Up","Up",-0.047351783827294824
"Yrdc","30v5","RiboTag_Up","Up",-1.2754422378964008
"Ythdc1","30v5","RiboTag_Up","Up",-1.094758218580111
"Ythdf3","30v5","RiboTag_Up","Up",-1.4738933788418733
"Zbtb10","30v5","RiboTag_Up","Up",-0.6829788261617997
"Zbtb11","30v5","RiboTag_Up","Up",-1.9335409774588395
"Zbtb16","30v5","RiboTag_Up","Up",0.5588529926804258
"Zbtb2","30v5","RiboTag_Up","Up",-0.046036047662389674
"Zbtb21","30v5","RiboTag_Up","Up",-0.41977693553405865
"Zbtb33","30v5","RiboTag_Up","Up",-1.4345387942074024
"Zbtb41","30v5","RiboTag_Up","Up",0.590517856507395
"Zbtb8a","30v5","RiboTag_Down","Down",-0.8233294101018299
"Zc3h10","30v5","RiboTag_Up","Up",-0.6415052400191276
"Zc3h12c","30v5","RiboTag_Up","Up",0.46123613602190455
"Zcchc9","30v5","RiboTag_Up","Up",-1.346746187638742
"Zdbf2","30v5","RiboTag_Up","Up",-0.50327087216463
"Zdhhc12","30v5","RiboTag_Down","Down",0.09065642133088249
"Zdhhc8","30v5","RiboTag_Down","Down",0.8147620704811595
"Zdhhc9","30v5","RiboTag_Down","Down",-0.018476000539411695
"Zfand2a","30v5","RiboTag_Up","Up",2.011105861888438
"Zfand5","30v5","RiboTag_Up","Up",-1.8522103321463605
"Zfat","30v5","RiboTag_Up","Up",-0.5250684705881147
"Zfp110","30v5","RiboTag_Up","Up",-0.08208816240671032
"Zfp24","30v5","RiboTag_Up","Up",0.01116249571872914
"Zfp26","30v5","RiboTag_Up","Up",0.41117047350239666
"Zfp266","30v5","RiboTag_Up","Up",-0.19605065173178457
"Zfp27","30v5","RiboTag_Up","Up",-1.0515287633426103
"Zfp275","30v5","RiboTag_Up","Up",1.9764388498449394
"Zfp281","30v5","RiboTag_Up","Up",-1.4636115576432298
"Zfp326","30v5","RiboTag_Up","Up",-0.9550961538983024
"Zfp329","30v5","RiboTag_Up","Up",-1.1314838630615471
"Zfp365","30v5","RiboTag_Up","Up",3.1237729277496884
"Zfp397","30v5","RiboTag_Up","Up",-0.49522796038798317
"Zfp426","30v5","RiboTag_Up","Up",-0.8483918608742341
"Zfp512b","30v5","RiboTag_Down","Down",0.2694845622984236
"Zfp516","30v5","RiboTag_Up","Up",1.9662870911205206
"Zfp607b","30v5","RiboTag_Up","Up",-1.67752427738738
"Zfp608","30v5","RiboTag_Up","Up",-0.8317714571928394
"Zfp622","30v5","RiboTag_Up","Up",0.9208848828691898
"Zfp654","30v5","RiboTag_Up","Up",-1.6537304760449019
"Zfp655","30v5","RiboTag_Up","Up",-1.4147421774700168
"Zfp691","30v5","RiboTag_Down","Down",0.8820698046999125
"Zfp711","30v5","RiboTag_Up","Up",-2.2100104167291725
"Zfp775","30v5","RiboTag_Down","Down",1.4560181539104626
"Zfp788","30v5","RiboTag_Up","Up",-1.4068249518272649
"Zfp868","30v5","RiboTag_Up","Up",-1.0033236201402103
"Zfp869","30v5","RiboTag_Up","Up",-0.09800804180537946
"Zfp941","30v5","RiboTag_Down","Down",-1.6891529927659112
"Zfp954","30v5","RiboTag_Up","Up",-1.3158804541001676
"Zkscan1","30v5","RiboTag_Up","Up",-0.9555694570410485
"Zmym5","30v5","RiboTag_Up","Up",-0.7638012002260994
"Znhit2","30v5","RiboTag_Down","Down",1.4106525935719987
"Zswim4","30v5","RiboTag_Up","Up",0.568035752354522
"Zswim6","30v5","RiboTag_Up","Up",-1.214192798507579
"Zup1","30v5","RiboTag_Up","Up",-0.23360654682699974
