"Comparison","Direction","gene_name","Nuclear_GO_membership","Synaptic_GO_membership","Final_category"
"30v5","Down","Amfr",TRUE,FALSE,"nuclear_terms"
"30v5","Down","Ccpg1",TRUE,FALSE,"nuclear_terms"
"30v5","Down","Csf1",TRUE,FALSE,"nuclear_terms"
"30v5","Down","Erlin1",TRUE,FALSE,"nuclear_terms"
"30v5","Down","Insig1",TRUE,FALSE,"nuclear_terms"
"30v5","Down","Mia3",TRUE,FALSE,"nuclear_terms"
"30v5","Down","Slc35b2",TRUE,FALSE,"nuclear_terms"
"30v5","Down","Srebf2",TRUE,FALSE,"nuclear_terms"
"30v5","Down","Sun1",TRUE,FALSE,"nuclear_terms"
"30v5","Down","Sun2",TRUE,FALSE,"nuclear_terms"
"30v5","Down","Tgfa",TRUE,FALSE,"nuclear_terms"
"30v5","Down","Tmed2",TRUE,FALSE,"nuclear_terms"
"30v5","Down","Tmem201",TRUE,FALSE,"nuclear_terms"
"30v5","Down","Tmem43",TRUE,FALSE,"nuclear_terms"
"30v5","Down","2510039O18Rik",FALSE,FALSE,"other"
"30v5","Down","6530402F18Rik",FALSE,FALSE,"other"
"30v5","Down","Abcb9",FALSE,FALSE,"other"
"30v5","Down","Abhd16a",FALSE,FALSE,"other"
"30v5","Down","Acbd6",FALSE,FALSE,"other"
"30v5","Down","Ackr1",FALSE,FALSE,"other"
"30v5","Down","Acp2",FALSE,FALSE,"other"
"30v5","Down","Adamts3",FALSE,FALSE,"other"
"30v5","Down","Adamts8",FALSE,FALSE,"other"
"30v5","Down","Agpat1",FALSE,FALSE,"other"
"30v5","Down","Ak5",FALSE,FALSE,"other"
"30v5","Down","Alad",FALSE,FALSE,"other"
"30v5","Down","Alg1",FALSE,FALSE,"other"
"30v5","Down","Alg3",FALSE,FALSE,"other"
"30v5","Down","Alg9",FALSE,FALSE,"other"
"30v5","Down","Apcdd1",FALSE,FALSE,"other"
"30v5","Down","Aqp11",FALSE,FALSE,"other"
"30v5","Down","Arfgap1",FALSE,FALSE,"other"
"30v5","Down","Armh4",FALSE,FALSE,"other"
"30v5","Down","Atg9a",FALSE,FALSE,"other"
"30v5","Down","Atp9a",FALSE,FALSE,"other"
"30v5","Down","Atrnl1",FALSE,FALSE,"other"
"30v5","Down","B3galnt1",FALSE,FALSE,"other"
"30v5","Down","B4galnt4",FALSE,FALSE,"other"
"30v5","Down","BC004004",FALSE,FALSE,"other"
"30v5","Down","Bcap29",FALSE,FALSE,"other"
"30v5","Down","Blcap",FALSE,FALSE,"other"
"30v5","Down","Bmp1",FALSE,FALSE,"other"
"30v5","Down","Bri3bp",FALSE,FALSE,"other"
"30v5","Down","C1qtnf4",FALSE,FALSE,"other"
"30v5","Down","C2cd2l",FALSE,FALSE,"other"
"30v5","Down","C2cd4c",FALSE,FALSE,"other"
"30v5","Down","Cadm2",FALSE,FALSE,"other"
"30v5","Down","Cadm3",FALSE,FALSE,"other"
"30v5","Down","Car4",FALSE,FALSE,"other"
"30v5","Down","Cars1",FALSE,FALSE,"other"
"30v5","Down","Ccbe1",FALSE,FALSE,"other"
"30v5","Down","Ccdc136",FALSE,FALSE,"other"
"30v5","Down","Cdipt",FALSE,FALSE,"other"
"30v5","Down","Cds2",FALSE,FALSE,"other"
"30v5","Down","Cgref1",FALSE,FALSE,"other"
"30v5","Down","Chpf2",FALSE,FALSE,"other"
"30v5","Down","Chst1",FALSE,FALSE,"other"
"30v5","Down","Chst12",FALSE,FALSE,"other"
"30v5","Down","Chst15",FALSE,FALSE,"other"
"30v5","Down","Ckap4",FALSE,FALSE,"other"
"30v5","Down","Clcn6",FALSE,FALSE,"other"
"30v5","Down","Clptm1l",FALSE,FALSE,"other"
"30v5","Down","Cnnm2",FALSE,FALSE,"other"
"30v5","Down","Cntnap5b",FALSE,FALSE,"other"
"30v5","Down","Cntnap5c",FALSE,FALSE,"other"
"30v5","Down","Col11a2",FALSE,FALSE,"other"
"30v5","Down","Col4a2",FALSE,FALSE,"other"
"30v5","Down","Commd5",FALSE,FALSE,"other"
"30v5","Down","Coprs",FALSE,FALSE,"other"
"30v5","Down","Cpd",FALSE,FALSE,"other"
"30v5","Down","Creld1",FALSE,FALSE,"other"
"30v5","Down","Csmd2",FALSE,FALSE,"other"
"30v5","Down","Ctsa",FALSE,FALSE,"other"
"30v5","Down","Ctsf",FALSE,FALSE,"other"
"30v5","Down","Cyb561d2",FALSE,FALSE,"other"
"30v5","Down","Cyb5r1",FALSE,FALSE,"other"
"30v5","Down","D630045J12Rik",FALSE,FALSE,"other"
"30v5","Down","Daglb",FALSE,FALSE,"other"
"30v5","Down","Dchs1",FALSE,FALSE,"other"
"30v5","Down","Ddost",FALSE,FALSE,"other"
"30v5","Down","Derl1",FALSE,FALSE,"other"
"30v5","Down","Dgke",FALSE,FALSE,"other"
"30v5","Down","Dhcr24",FALSE,FALSE,"other"
"30v5","Down","Dhcr7",FALSE,FALSE,"other"
"30v5","Down","Dhrs7",FALSE,FALSE,"other"
"30v5","Down","Dipk1a",FALSE,FALSE,"other"
"30v5","Down","Dipk1b",FALSE,FALSE,"other"
"30v5","Down","Disp2",FALSE,FALSE,"other"
"30v5","Down","Dnajb14",FALSE,FALSE,"other"
"30v5","Down","Dnajc10",FALSE,FALSE,"other"
"30v5","Down","Dnajc14",FALSE,FALSE,"other"
"30v5","Down","Dnajc16",FALSE,FALSE,"other"
"30v5","Down","Dolk",FALSE,FALSE,"other"
"30v5","Down","Eif4h",FALSE,FALSE,"other"
"30v5","Down","Elapor1",FALSE,FALSE,"other"
"30v5","Down","Elfn2",FALSE,FALSE,"other"
"30v5","Down","Emc1",FALSE,FALSE,"other"
"30v5","Down","Emc10",FALSE,FALSE,"other"
"30v5","Down","Enpp5",FALSE,FALSE,"other"
"30v5","Down","Entpd4",FALSE,FALSE,"other"
"30v5","Down","Eogt",FALSE,FALSE,"other"
"30v5","Down","Epdr1",FALSE,FALSE,"other"
"30v5","Down","Ephx1",FALSE,FALSE,"other"
"30v5","Down","Ermp1",FALSE,FALSE,"other"
"30v5","Down","Exph5",FALSE,FALSE,"other"
"30v5","Down","Ext2",FALSE,FALSE,"other"
"30v5","Down","Fads2",FALSE,FALSE,"other"
"30v5","Down","Fam20c",FALSE,FALSE,"other"
"30v5","Down","Fam3c",FALSE,FALSE,"other"
"30v5","Down","Fam78a",FALSE,FALSE,"other"
"30v5","Down","Fbxo27",FALSE,FALSE,"other"
"30v5","Down","Fdft1",FALSE,FALSE,"other"
"30v5","Down","Fndc10",FALSE,FALSE,"other"
"30v5","Down","Foxred2",FALSE,FALSE,"other"
"30v5","Down","Fzd7",FALSE,FALSE,"other"
"30v5","Down","G6pc3",FALSE,FALSE,"other"
"30v5","Down","Galnt14",FALSE,FALSE,"other"
"30v5","Down","Galnt16",FALSE,FALSE,"other"
"30v5","Down","Galnt17",FALSE,FALSE,"other"
"30v5","Down","Ganab",FALSE,FALSE,"other"
"30v5","Down","Gde1",FALSE,FALSE,"other"
"30v5","Down","Gdf10",FALSE,FALSE,"other"
"30v5","Down","Gfpt2",FALSE,FALSE,"other"
"30v5","Down","Gfra2",FALSE,FALSE,"other"
"30v5","Down","Gga2",FALSE,FALSE,"other"
"30v5","Down","Glmp",FALSE,FALSE,"other"
"30v5","Down","Gm54215",FALSE,FALSE,"other"
"30v5","Down","Gnptg",FALSE,FALSE,"other"
"30v5","Down","Gns",FALSE,FALSE,"other"
"30v5","Down","Gpaa1",FALSE,FALSE,"other"
"30v5","Down","Gpnmb",FALSE,FALSE,"other"
"30v5","Down","Gpr162",FALSE,FALSE,"other"
"30v5","Down","Gprc5c",FALSE,FALSE,"other"
"30v5","Down","Gusb",FALSE,FALSE,"other"
"30v5","Down","H3c13",FALSE,FALSE,"other"
"30v5","Down","Hgsnat",FALSE,FALSE,"other"
"30v5","Down","Hyal2",FALSE,FALSE,"other"
"30v5","Down","Icmt",FALSE,FALSE,"other"
"30v5","Down","Igf2r",FALSE,FALSE,"other"
"30v5","Down","Igfbp5",FALSE,FALSE,"other"
"30v5","Down","Iglon5",FALSE,FALSE,"other"
"30v5","Down","Igsf8",FALSE,FALSE,"other"
"30v5","Down","Ildr2",FALSE,FALSE,"other"
"30v5","Down","Islr",FALSE,FALSE,"other"
"30v5","Down","Itfg1",FALSE,FALSE,"other"
"30v5","Down","Kdelr1",FALSE,FALSE,"other"
"30v5","Down","Kdsr",FALSE,FALSE,"other"
"30v5","Down","Klhdc9",FALSE,FALSE,"other"
"30v5","Down","Lamp1",FALSE,FALSE,"other"
"30v5","Down","Lamp2",FALSE,FALSE,"other"
"30v5","Down","Laptm4a",FALSE,FALSE,"other"
"30v5","Down","Leprot",FALSE,FALSE,"other"
"30v5","Down","Lgi3",FALSE,FALSE,"other"
"30v5","Down","Lhfpl2",FALSE,FALSE,"other"
"30v5","Down","Lman1",FALSE,FALSE,"other"
"30v5","Down","Lmbr1",FALSE,FALSE,"other"
"30v5","Down","Lnpk",FALSE,FALSE,"other"
"30v5","Down","Loxl1",FALSE,FALSE,"other"
"30v5","Down","Lpl",FALSE,FALSE,"other"
"30v5","Down","Lrp10",FALSE,FALSE,"other"
"30v5","Down","Lrp11",FALSE,FALSE,"other"
"30v5","Down","Lrrc14",FALSE,FALSE,"other"
"30v5","Down","Lrrn2",FALSE,FALSE,"other"
"30v5","Down","Luzp2",FALSE,FALSE,"other"
"30v5","Down","Ly6e",FALSE,FALSE,"other"
"30v5","Down","M6pr",FALSE,FALSE,"other"
"30v5","Down","Mamstr",FALSE,FALSE,"other"
"30v5","Down","Maneal",FALSE,FALSE,"other"
"30v5","Down","Mansc1",FALSE,FALSE,"other"
"30v5","Down","Marchf6",FALSE,FALSE,"other"
"30v5","Down","Mas1",FALSE,FALSE,"other"
"30v5","Down","Mbtps1",FALSE,FALSE,"other"
"30v5","Down","Mcfd2",FALSE,FALSE,"other"
"30v5","Down","Mfsd11",FALSE,FALSE,"other"
"30v5","Down","Mfsd13a",FALSE,FALSE,"other"
"30v5","Down","Mfsd3",FALSE,FALSE,"other"
"30v5","Down","Mfsd4a",FALSE,FALSE,"other"
"30v5","Down","Mfsd5",FALSE,FALSE,"other"
"30v5","Down","Mfsd6",FALSE,FALSE,"other"
"30v5","Down","Mgat1",FALSE,FALSE,"other"
"30v5","Down","Mmp19",FALSE,FALSE,"other"
"30v5","Down","Mogs",FALSE,FALSE,"other"
"30v5","Down","Mpp3",FALSE,FALSE,"other"
"30v5","Down","Mpst",FALSE,FALSE,"other"
"30v5","Down","Mroh7",FALSE,FALSE,"other"
"30v5","Down","Naga",FALSE,FALSE,"other"
"30v5","Down","Ncam2",FALSE,FALSE,"other"
"30v5","Down","Ndc1",FALSE,FALSE,"other"
"30v5","Down","Ndst1",FALSE,FALSE,"other"
"30v5","Down","Ndst2",FALSE,FALSE,"other"
"30v5","Down","Nectin3",FALSE,FALSE,"other"
"30v5","Down","Nectin4",FALSE,FALSE,"other"
"30v5","Down","Nell1",FALSE,FALSE,"other"
"30v5","Down","Nipal3",FALSE,FALSE,"other"
"30v5","Down","Nkain3",FALSE,FALSE,"other"
"30v5","Down","Nomo1",FALSE,FALSE,"other"
"30v5","Down","Nudcd3",FALSE,FALSE,"other"
"30v5","Down","Nup210",FALSE,FALSE,"other"
"30v5","Down","Nxpe3",FALSE,FALSE,"other"
"30v5","Down","Opcml",FALSE,FALSE,"other"
"30v5","Down","Os9",FALSE,FALSE,"other"
"30v5","Down","Ostm1",FALSE,FALSE,"other"
"30v5","Down","Otulinl",FALSE,FALSE,"other"
"30v5","Down","Pafah1b3",FALSE,FALSE,"other"
"30v5","Down","Pam",FALSE,FALSE,"other"
"30v5","Down","Paqr7",FALSE,FALSE,"other"
"30v5","Down","Paqr9",FALSE,FALSE,"other"
"30v5","Down","Pcdh10",FALSE,FALSE,"other"
"30v5","Down","Pcdh20",FALSE,FALSE,"other"
"30v5","Down","Pcdha12",FALSE,FALSE,"other"
"30v5","Down","Pcdha6",FALSE,FALSE,"other"
"30v5","Down","Pcdha9",FALSE,FALSE,"other"
"30v5","Down","Pcdhac1",FALSE,FALSE,"other"
"30v5","Down","Pcdhb10",FALSE,FALSE,"other"
"30v5","Down","Pcdhb12",FALSE,FALSE,"other"
"30v5","Down","Pcdhb17",FALSE,FALSE,"other"
"30v5","Down","Pcdhb20",FALSE,FALSE,"other"
"30v5","Down","Pcdhb7",FALSE,FALSE,"other"
"30v5","Down","Pcdhb9",FALSE,FALSE,"other"
"30v5","Down","Pcdhga1",FALSE,FALSE,"other"
"30v5","Down","Pcdhga3",FALSE,FALSE,"other"
"30v5","Down","Pcdhga4",FALSE,FALSE,"other"
"30v5","Down","Pcdhga5",FALSE,FALSE,"other"
"30v5","Down","Pcdhgb2",FALSE,FALSE,"other"
"30v5","Down","Pdia3",FALSE,FALSE,"other"
"30v5","Down","Pdyn",FALSE,FALSE,"other"
"30v5","Down","Peak1",FALSE,FALSE,"other"
"30v5","Down","Peds1",FALSE,FALSE,"other"
"30v5","Down","Pgap4",FALSE,FALSE,"other"
"30v5","Down","Pgrmc2",FALSE,FALSE,"other"
"30v5","Down","Pigk",FALSE,FALSE,"other"
"30v5","Down","Pigo",FALSE,FALSE,"other"
"30v5","Down","Pigs",FALSE,FALSE,"other"
"30v5","Down","Pigu",FALSE,FALSE,"other"
"30v5","Down","Plbd2",FALSE,FALSE,"other"
"30v5","Down","Pld3",FALSE,FALSE,"other"
"30v5","Down","Plppr1",FALSE,FALSE,"other"
"30v5","Down","Plppr2",FALSE,FALSE,"other"
"30v5","Down","Pm20d2",FALSE,FALSE,"other"
"30v5","Down","Pofut1",FALSE,FALSE,"other"
"30v5","Down","Ppib",FALSE,FALSE,"other"
"30v5","Down","Ppt2",FALSE,FALSE,"other"
"30v5","Down","Praf2",FALSE,FALSE,"other"
"30v5","Down","Prr12",FALSE,FALSE,"other"
"30v5","Down","Prr36",FALSE,FALSE,"other"
"30v5","Down","Prr7",FALSE,FALSE,"other"
"30v5","Down","Prrt3",FALSE,FALSE,"other"
"30v5","Down","Prss23",FALSE,FALSE,"other"
"30v5","Down","Ptprn",FALSE,FALSE,"other"
"30v5","Down","Ptprr",FALSE,FALSE,"other"
"30v5","Down","Pwwp3a",FALSE,FALSE,"other"
"30v5","Down","Qsox1",FALSE,FALSE,"other"
"30v5","Down","Qsox2",FALSE,FALSE,"other"
"30v5","Down","Rabac1",FALSE,FALSE,"other"
"30v5","Down","Rassf3",FALSE,FALSE,"other"
"30v5","Down","Rcn2",FALSE,FALSE,"other"
"30v5","Down","Rcor2",FALSE,FALSE,"other"
"30v5","Down","Reep1",FALSE,FALSE,"other"
"30v5","Down","Reep2",FALSE,FALSE,"other"
"30v5","Down","Reep5",FALSE,FALSE,"other"
"30v5","Down","Rhbdd1",FALSE,FALSE,"other"
"30v5","Down","Rhbdd3",FALSE,FALSE,"other"
"30v5","Down","Rnaset2b",FALSE,FALSE,"other"
"30v5","Down","Rnf128",FALSE,FALSE,"other"
"30v5","Down","Rnf130",FALSE,FALSE,"other"
"30v5","Down","Rnf26",FALSE,FALSE,"other"
"30v5","Down","Rnft2",FALSE,FALSE,"other"
"30v5","Down","Rpn1",FALSE,FALSE,"other"
"30v5","Down","Rpn2",FALSE,FALSE,"other"
"30v5","Down","Rtn1",FALSE,FALSE,"other"
"30v5","Down","Rtn3",FALSE,FALSE,"other"
"30v5","Down","Scamp1",FALSE,FALSE,"other"
"30v5","Down","Scamp3",FALSE,FALSE,"other"
"30v5","Down","Scd2",FALSE,FALSE,"other"
"30v5","Down","Scpep1",FALSE,FALSE,"other"
"30v5","Down","Scube1",FALSE,FALSE,"other"
"30v5","Down","Sdc3",FALSE,FALSE,"other"
"30v5","Down","Sel1l",FALSE,FALSE,"other"
"30v5","Down","Serinc1",FALSE,FALSE,"other"
"30v5","Down","Serinc3",FALSE,FALSE,"other"
"30v5","Down","Shisa4",FALSE,FALSE,"other"
"30v5","Down","Shmt2",FALSE,FALSE,"other"
"30v5","Down","Sidt1",FALSE,FALSE,"other"
"30v5","Down","Sil1",FALSE,FALSE,"other"
"30v5","Down","Slc22a17",FALSE,FALSE,"other"
"30v5","Down","Slc26a10",FALSE,FALSE,"other"
"30v5","Down","Slc26a11",FALSE,FALSE,"other"
"30v5","Down","Slc2a13",FALSE,FALSE,"other"
"30v5","Down","Slc2a6",FALSE,FALSE,"other"
"30v5","Down","Slc35c1",FALSE,FALSE,"other"
"30v5","Down","Slc35e4",FALSE,FALSE,"other"
"30v5","Down","Slc45a1",FALSE,FALSE,"other"
"30v5","Down","Slc48a1",FALSE,FALSE,"other"
"30v5","Down","Slc49a4",FALSE,FALSE,"other"
"30v5","Down","Slc7a14",FALSE,FALSE,"other"
"30v5","Down","Slc7a4",FALSE,FALSE,"other"
"30v5","Down","Slco2a1",FALSE,FALSE,"other"
"30v5","Down","Slco3a1",FALSE,FALSE,"other"
"30v5","Down","Smoc2",FALSE,FALSE,"other"
"30v5","Down","Smpdl3a",FALSE,FALSE,"other"
"30v5","Down","Spcs2",FALSE,FALSE,"other"
"30v5","Down","Spint2",FALSE,FALSE,"other"
"30v5","Down","Spns1",FALSE,FALSE,"other"
"30v5","Down","Spock2",FALSE,FALSE,"other"
"30v5","Down","Spock3",FALSE,FALSE,"other"
"30v5","Down","Sppl2b",FALSE,FALSE,"other"
"30v5","Down","Sprn",FALSE,FALSE,"other"
"30v5","Down","Sqle",FALSE,FALSE,"other"
"30v5","Down","Srprb",FALSE,FALSE,"other"
"30v5","Down","Ssbp2",FALSE,FALSE,"other"
"30v5","Down","Ssr1",FALSE,FALSE,"other"
"30v5","Down","Ssr2",FALSE,FALSE,"other"
"30v5","Down","St6gal2",FALSE,FALSE,"other"
"30v5","Down","St8sia5",FALSE,FALSE,"other"
"30v5","Down","Stard4",FALSE,FALSE,"other"
"30v5","Down","Stard5",FALSE,FALSE,"other"
"30v5","Down","Sulf2",FALSE,FALSE,"other"
"30v5","Down","Surf4",FALSE,FALSE,"other"
"30v5","Down","Susd1",FALSE,FALSE,"other"
"30v5","Down","Susd4",FALSE,FALSE,"other"
"30v5","Down","Svop",FALSE,FALSE,"other"
"30v5","Down","Syna",FALSE,FALSE,"other"
"30v5","Down","Synpr",FALSE,FALSE,"other"
"30v5","Down","Syvn1",FALSE,FALSE,"other"
"30v5","Down","Tecr",FALSE,FALSE,"other"
"30v5","Down","Tex264",FALSE,FALSE,"other"
"30v5","Down","Tfap4",FALSE,FALSE,"other"
"30v5","Down","Tgoln1",FALSE,FALSE,"other"
"30v5","Down","Them6",FALSE,FALSE,"other"
"30v5","Down","Thsd7a",FALSE,FALSE,"other"
"30v5","Down","Tkt",FALSE,FALSE,"other"
"30v5","Down","Tm2d3",FALSE,FALSE,"other"
"30v5","Down","Tm9sf1",FALSE,FALSE,"other"
"30v5","Down","Tm9sf2",FALSE,FALSE,"other"
"30v5","Down","Tm9sf4",FALSE,FALSE,"other"
"30v5","Down","Tmed4",FALSE,FALSE,"other"
"30v5","Down","Tmed9",FALSE,FALSE,"other"
"30v5","Down","Tmeff2",FALSE,FALSE,"other"
"30v5","Down","Tmem101",FALSE,FALSE,"other"
"30v5","Down","Tmem115",FALSE,FALSE,"other"
"30v5","Down","Tmem131",FALSE,FALSE,"other"
"30v5","Down","Tmem132a",FALSE,FALSE,"other"
"30v5","Down","Tmem132b",FALSE,FALSE,"other"
"30v5","Down","Tmem145",FALSE,FALSE,"other"
"30v5","Down","Tmem161a",FALSE,FALSE,"other"
"30v5","Down","Tmem178b",FALSE,FALSE,"other"
"30v5","Down","Tmem179",FALSE,FALSE,"other"
"30v5","Down","Tmem181a",FALSE,FALSE,"other"
"30v5","Down","Tmem184b",FALSE,FALSE,"other"
"30v5","Down","Tmem19",FALSE,FALSE,"other"
"30v5","Down","Tmem215",FALSE,FALSE,"other"
"30v5","Down","Tmem259",FALSE,FALSE,"other"
"30v5","Down","Tmem50a",FALSE,FALSE,"other"
"30v5","Down","Tmem59l",FALSE,FALSE,"other"
"30v5","Down","Tmem63b",FALSE,FALSE,"other"
"30v5","Down","Tmem86a",FALSE,FALSE,"other"
"30v5","Down","Tmem87b",FALSE,FALSE,"other"
"30v5","Down","Tmem9",FALSE,FALSE,"other"
"30v5","Down","Tmppe",FALSE,FALSE,"other"
"30v5","Down","Tmub1",FALSE,FALSE,"other"
"30v5","Down","Tmx2",FALSE,FALSE,"other"
"30v5","Down","Tpp1",FALSE,FALSE,"other"
"30v5","Down","Tpst1",FALSE,FALSE,"other"
"30v5","Down","Tram1l1",FALSE,FALSE,"other"
"30v5","Down","Trim66",FALSE,FALSE,"other"
"30v5","Down","Tspan3",FALSE,FALSE,"other"
"30v5","Down","Tspan7",FALSE,FALSE,"other"
"30v5","Down","Ttyh1",FALSE,FALSE,"other"
"30v5","Down","Ttyh3",FALSE,FALSE,"other"
"30v5","Down","Txndc5",FALSE,FALSE,"other"
"30v5","Down","Tyw1",FALSE,FALSE,"other"
"30v5","Down","Uggt1",FALSE,FALSE,"other"
"30v5","Down","Vangl1",FALSE,FALSE,"other"
"30v5","Down","Vash1",FALSE,FALSE,"other"
"30v5","Down","Vit",FALSE,FALSE,"other"
"30v5","Down","Vstm2a",FALSE,FALSE,"other"
"30v5","Down","Wdr13",FALSE,FALSE,"other"
"30v5","Down","Wnt9a",FALSE,FALSE,"other"
"30v5","Down","Wscd2",FALSE,FALSE,"other"
"30v5","Down","Xylt2",FALSE,FALSE,"other"
"30v5","Down","Yipf2",FALSE,FALSE,"other"
"30v5","Down","Zbtb8a",FALSE,FALSE,"other"
"30v5","Down","Zdhhc9",FALSE,FALSE,"other"
"30v5","Down","Zfp512b",FALSE,FALSE,"other"
"30v5","Down","Zfp691",FALSE,FALSE,"other"
"30v5","Down","Zfp775",FALSE,FALSE,"other"
"30v5","Down","Zfp941",FALSE,FALSE,"other"
"30v5","Down","Znhit2",FALSE,FALSE,"other"
"30v5","Down","AU040320",FALSE,TRUE,"synaptic_terms"
"30v5","Down","Aatk",FALSE,TRUE,"synaptic_terms"
"30v5","Down","Abca2",FALSE,TRUE,"synaptic_terms"
"30v5","Down","Abca3",FALSE,TRUE,"synaptic_terms"
"30v5","Down","Abcc4",TRUE,TRUE,"synaptic_terms"
"30v5","Down","Abcc8",FALSE,TRUE,"synaptic_terms"
"30v5","Down","Ache",FALSE,TRUE,"synaptic_terms"
"30v5","Down","Acsl5",FALSE,TRUE,"synaptic_terms"
"30v5","Down","Acvr1c",FALSE,TRUE,"synaptic_terms"
"30v5","Down","Adam11",FALSE,TRUE,"synaptic_terms"
"30v5","Down","Adam15",FALSE,TRUE,"synaptic_terms"
"30v5","Down","Adam9",FALSE,TRUE,"synaptic_terms"
"30v5","Down","Adgrf5",FALSE,TRUE,"synaptic_terms"
"30v5","Down","Adgrl1",FALSE,TRUE,"synaptic_terms"
"30v5","Down","Agrn",FALSE,TRUE,"synaptic_terms"
"30v5","Down","Alg2",FALSE,TRUE,"synaptic_terms"
"30v5","Down","Amigo1",FALSE,TRUE,"synaptic_terms"
"30v5","Down","Anxa11",FALSE,TRUE,"synaptic_terms"
"30v5","Down","Aplp1",FALSE,TRUE,"synaptic_terms"
"30v5","Down","Aplp2",FALSE,TRUE,"synaptic_terms"
"30v5","Down","App",TRUE,TRUE,"synaptic_terms"
"30v5","Down","Aprt",FALSE,TRUE,"synaptic_terms"
"30v5","Down","Arl6ip5",FALSE,TRUE,"synaptic_terms"
"30v5","Down","Arsb",FALSE,TRUE,"synaptic_terms"
"30v5","Down","Astn1",FALSE,TRUE,"synaptic_terms"
"30v5","Down","Atf5",FALSE,TRUE,"synaptic_terms"
"30v5","Down","Atp13a1",FALSE,TRUE,"synaptic_terms"
"30v5","Down","Atp1a1",FALSE,TRUE,"synaptic_terms"
"30v5","Down","Atp1a3",FALSE,TRUE,"synaptic_terms"
"30v5","Down","Atp1b1",FALSE,TRUE,"synaptic_terms"
"30v5","Down","Atp2a2",TRUE,TRUE,"synaptic_terms"
"30v5","Down","Atp2b2",FALSE,TRUE,"synaptic_terms"
"30v5","Down","Atp2b3",FALSE,TRUE,"synaptic_terms"
"30v5","Down","Atp2c1",FALSE,TRUE,"synaptic_terms"
"30v5","Down","Atp5mc2",FALSE,TRUE,"synaptic_terms"
"30v5","Down","Atp6ap1",FALSE,TRUE,"synaptic_terms"
"30v5","Down","Atp6ap2",FALSE,TRUE,"synaptic_terms"
"30v5","Down","Atp6v0b",FALSE,TRUE,"synaptic_terms"
"30v5","Down","Atp6v0c",FALSE,TRUE,"synaptic_terms"
"30v5","Down","Atp6v0e2",FALSE,TRUE,"synaptic_terms"
"30v5","Down","Atp8a2",FALSE,TRUE,"synaptic_terms"
"30v5","Down","Atrn",FALSE,TRUE,"synaptic_terms"
"30v5","Down","B4galnt1",FALSE,TRUE,"synaptic_terms"
"30v5","Down","B4galt6",FALSE,TRUE,"synaptic_terms"
"30v5","Down","B4gat1",FALSE,TRUE,"synaptic_terms"
"30v5","Down","Bace1",FALSE,TRUE,"synaptic_terms"
"30v5","Down","Bloc1s5",FALSE,TRUE,"synaptic_terms"
"30v5","Down","Bsg",FALSE,TRUE,"synaptic_terms"
"30v5","Down","C1ql2",FALSE,TRUE,"synaptic_terms"
"30v5","Down","Cacna1b",FALSE,TRUE,"synaptic_terms"
"30v5","Down","Cacna1c",FALSE,TRUE,"synaptic_terms"
"30v5","Down","Cacna1e",FALSE,TRUE,"synaptic_terms"
"30v5","Down","Cacna1h",FALSE,TRUE,"synaptic_terms"
"30v5","Down","Cacna2d1",FALSE,TRUE,"synaptic_terms"
"30v5","Down","Cacna2d3",FALSE,TRUE,"synaptic_terms"
"30v5","Down","Cacng8",FALSE,TRUE,"synaptic_terms"
"30v5","Down","Canx",FALSE,TRUE,"synaptic_terms"
"30v5","Down","Cd109",TRUE,TRUE,"synaptic_terms"
"30v5","Down","Cd47",TRUE,TRUE,"synaptic_terms"
"30v5","Down","Cd81",TRUE,TRUE,"synaptic_terms"
"30v5","Down","Cdh13",FALSE,TRUE,"synaptic_terms"
"30v5","Down","Cdh2",FALSE,TRUE,"synaptic_terms"
"30v5","Down","Cdh9",FALSE,TRUE,"synaptic_terms"
"30v5","Down","Celsr2",FALSE,TRUE,"synaptic_terms"
"30v5","Down","Chga",FALSE,TRUE,"synaptic_terms"
"30v5","Down","Chrm1",TRUE,TRUE,"synaptic_terms"
"30v5","Down","Chst11",FALSE,TRUE,"synaptic_terms"
"30v5","Down","Clcn3",FALSE,TRUE,"synaptic_terms"
"30v5","Down","Cln6",FALSE,TRUE,"synaptic_terms"
"30v5","Down","Clptm1",FALSE,TRUE,"synaptic_terms"
"30v5","Down","Clstn1",FALSE,TRUE,"synaptic_terms"
"30v5","Down","Clstn2",FALSE,TRUE,"synaptic_terms"
"30v5","Down","Clstn3",FALSE,TRUE,"synaptic_terms"
"30v5","Down","Cntn1",FALSE,TRUE,"synaptic_terms"
"30v5","Down","Cntnap1",FALSE,TRUE,"synaptic_terms"
"30v5","Down","Cntnap2",FALSE,TRUE,"synaptic_terms"
"30v5","Down","Coro1a",TRUE,TRUE,"synaptic_terms"
"30v5","Down","Cpe",FALSE,TRUE,"synaptic_terms"
"30v5","Down","Crim1",FALSE,TRUE,"synaptic_terms"
"30v5","Down","Csmd1",FALSE,TRUE,"synaptic_terms"
"30v5","Down","Cspg5",FALSE,TRUE,"synaptic_terms"
"30v5","Down","Ctsb",FALSE,TRUE,"synaptic_terms"
"30v5","Down","Ctsd",FALSE,TRUE,"synaptic_terms"
"30v5","Down","Dag1",FALSE,TRUE,"synaptic_terms"
"30v5","Down","Dcc",FALSE,TRUE,"synaptic_terms"
"30v5","Down","Dgcr2",FALSE,TRUE,"synaptic_terms"
"30v5","Down","Dpp6",FALSE,TRUE,"synaptic_terms"
"30v5","Down","Drd1",TRUE,TRUE,"synaptic_terms"
"30v5","Down","Efna1",FALSE,TRUE,"synaptic_terms"
"30v5","Down","Eif4g1",FALSE,TRUE,"synaptic_terms"
"30v5","Down","Emx1",FALSE,TRUE,"synaptic_terms"
"30v5","Down","Epha4",TRUE,TRUE,"synaptic_terms"
"30v5","Down","Epha5",FALSE,TRUE,"synaptic_terms"
"30v5","Down","Epha7",FALSE,TRUE,"synaptic_terms"
"30v5","Down","Ephb2",FALSE,TRUE,"synaptic_terms"
"30v5","Down","Faim2",FALSE,TRUE,"synaptic_terms"
"30v5","Down","Fkrp",FALSE,TRUE,"synaptic_terms"
"30v5","Down","Fstl1",FALSE,TRUE,"synaptic_terms"
"30v5","Down","Fstl5",FALSE,TRUE,"synaptic_terms"
"30v5","Down","Furin",FALSE,TRUE,"synaptic_terms"
"30v5","Down","Gaa",FALSE,TRUE,"synaptic_terms"
"30v5","Down","Gabrb1",FALSE,TRUE,"synaptic_terms"
"30v5","Down","Gabrb3",FALSE,TRUE,"synaptic_terms"
"30v5","Down","Gabrd",FALSE,TRUE,"synaptic_terms"
"30v5","Down","Gabrg2",FALSE,TRUE,"synaptic_terms"
"30v5","Down","Gdf11",FALSE,TRUE,"synaptic_terms"
"30v5","Down","Glg1",FALSE,TRUE,"synaptic_terms"
"30v5","Down","Glrb",FALSE,TRUE,"synaptic_terms"
"30v5","Down","Gm2a",FALSE,TRUE,"synaptic_terms"
"30v5","Down","Gpc1",FALSE,TRUE,"synaptic_terms"
"30v5","Down","Gpc4",FALSE,TRUE,"synaptic_terms"
"30v5","Down","Gpm6a",FALSE,TRUE,"synaptic_terms"
"30v5","Down","Gpm6b",FALSE,TRUE,"synaptic_terms"
"30v5","Down","Gpr12",FALSE,TRUE,"synaptic_terms"
"30v5","Down","Gpr158",FALSE,TRUE,"synaptic_terms"
"30v5","Down","Gpr62",FALSE,TRUE,"synaptic_terms"
"30v5","Down","Gpr83",FALSE,TRUE,"synaptic_terms"
"30v5","Down","Gprc5b",FALSE,TRUE,"synaptic_terms"
"30v5","Down","Gria2",FALSE,TRUE,"synaptic_terms"
"30v5","Down","Grin1",FALSE,TRUE,"synaptic_terms"
"30v5","Down","Grin2a",FALSE,TRUE,"synaptic_terms"
"30v5","Down","Grina",FALSE,TRUE,"synaptic_terms"
"30v5","Down","Grm2",FALSE,TRUE,"synaptic_terms"
"30v5","Down","Grn",FALSE,TRUE,"synaptic_terms"
"30v5","Down","Hapln4",FALSE,TRUE,"synaptic_terms"
"30v5","Down","Hgf",FALSE,TRUE,"synaptic_terms"
"30v5","Down","Htr5a",TRUE,TRUE,"synaptic_terms"
"30v5","Down","Htr6",TRUE,TRUE,"synaptic_terms"
"30v5","Down","Hyou1",FALSE,TRUE,"synaptic_terms"
"30v5","Down","Icam5",FALSE,TRUE,"synaptic_terms"
"30v5","Down","Ifngr2",FALSE,TRUE,"synaptic_terms"
"30v5","Down","Insr",TRUE,TRUE,"synaptic_terms"
"30v5","Down","Insyn1",FALSE,TRUE,"synaptic_terms"
"30v5","Down","Islr2",FALSE,TRUE,"synaptic_terms"
"30v5","Down","Itgav",FALSE,TRUE,"synaptic_terms"
"30v5","Down","Jag2",FALSE,TRUE,"synaptic_terms"
"30v5","Down","Kcna1",FALSE,TRUE,"synaptic_terms"
"30v5","Down","Kcna2",FALSE,TRUE,"synaptic_terms"
"30v5","Down","Kcnc1",FALSE,TRUE,"synaptic_terms"
"30v5","Down","Kcng2",FALSE,TRUE,"synaptic_terms"
"30v5","Down","Kcnj11",FALSE,TRUE,"synaptic_terms"
"30v5","Down","Kcnj4",FALSE,TRUE,"synaptic_terms"
"30v5","Down","Kcnk1",FALSE,TRUE,"synaptic_terms"
"30v5","Down","Kcnq5",FALSE,TRUE,"synaptic_terms"
"30v5","Down","Kcns2",FALSE,TRUE,"synaptic_terms"
"30v5","Down","Kndc1",FALSE,TRUE,"synaptic_terms"
"30v5","Down","Lamb1",FALSE,TRUE,"synaptic_terms"
"30v5","Down","Ldlr",FALSE,TRUE,"synaptic_terms"
"30v5","Down","Lgi1",FALSE,TRUE,"synaptic_terms"
"30v5","Down","Lgmn",TRUE,TRUE,"synaptic_terms"
"30v5","Down","Lhfpl4",FALSE,TRUE,"synaptic_terms"
"30v5","Down","Lingo1",FALSE,TRUE,"synaptic_terms"
"30v5","Down","Lmbrd2",FALSE,TRUE,"synaptic_terms"
"30v5","Down","Lrfn1",FALSE,TRUE,"synaptic_terms"
"30v5","Down","Lrfn3",FALSE,TRUE,"synaptic_terms"
"30v5","Down","Lrfn4",FALSE,TRUE,"synaptic_terms"
"30v5","Down","Lrp1",FALSE,TRUE,"synaptic_terms"
"30v5","Down","Lrp12",FALSE,TRUE,"synaptic_terms"
"30v5","Down","Lrrc24",FALSE,TRUE,"synaptic_terms"
"30v5","Down","Lrrc4b",FALSE,TRUE,"synaptic_terms"
"30v5","Down","Lrrc8d",FALSE,TRUE,"synaptic_terms"
"30v5","Down","Lrtm2",FALSE,TRUE,"synaptic_terms"
"30v5","Down","Lsamp",FALSE,TRUE,"synaptic_terms"
"30v5","Down","Man2b1",FALSE,TRUE,"synaptic_terms"
"30v5","Down","Megf8",FALSE,TRUE,"synaptic_terms"
"30v5","Down","Megf9",FALSE,TRUE,"synaptic_terms"
"30v5","Down","Mesd",FALSE,TRUE,"synaptic_terms"
"30v5","Down","Mfsd12",FALSE,TRUE,"synaptic_terms"
"30v5","Down","Mgat3",FALSE,TRUE,"synaptic_terms"
"30v5","Down","Mmp17",FALSE,TRUE,"synaptic_terms"
"30v5","Down","Mycl",FALSE,TRUE,"synaptic_terms"
"30v5","Down","Naglu",FALSE,TRUE,"synaptic_terms"
"30v5","Down","Ncam1",FALSE,TRUE,"synaptic_terms"
"30v5","Down","Ncan",FALSE,TRUE,"synaptic_terms"
"30v5","Down","Nceh1",FALSE,TRUE,"synaptic_terms"
"30v5","Down","Ncstn",FALSE,TRUE,"synaptic_terms"
"30v5","Down","Ndn",FALSE,TRUE,"synaptic_terms"
"30v5","Down","Nectin1",FALSE,TRUE,"synaptic_terms"
"30v5","Down","Nell2",FALSE,TRUE,"synaptic_terms"
"30v5","Down","Neo1",FALSE,TRUE,"synaptic_terms"
"30v5","Down","Neu1",FALSE,TRUE,"synaptic_terms"
"30v5","Down","Nfasc",FALSE,TRUE,"synaptic_terms"
"30v5","Down","Nlgn1",FALSE,TRUE,"synaptic_terms"
"30v5","Down","Nlgn3",FALSE,TRUE,"synaptic_terms"
"30v5","Down","Nol3",FALSE,TRUE,"synaptic_terms"
"30v5","Down","Npnt",FALSE,TRUE,"synaptic_terms"
"30v5","Down","Nptn",FALSE,TRUE,"synaptic_terms"
"30v5","Down","Nptx1",FALSE,TRUE,"synaptic_terms"
"30v5","Down","Nptxr",FALSE,TRUE,"synaptic_terms"
"30v5","Down","Npy",FALSE,TRUE,"synaptic_terms"
"30v5","Down","Npy2r",FALSE,TRUE,"synaptic_terms"
"30v5","Down","Nrcam",FALSE,TRUE,"synaptic_terms"
"30v5","Down","Nrp2",FALSE,TRUE,"synaptic_terms"
"30v5","Down","Nrxn1",FALSE,TRUE,"synaptic_terms"
"30v5","Down","Nrxn2",FALSE,TRUE,"synaptic_terms"
"30v5","Down","Nrxn3",FALSE,TRUE,"synaptic_terms"
"30v5","Down","Ntf3",FALSE,TRUE,"synaptic_terms"
"30v5","Down","Ntng2",FALSE,TRUE,"synaptic_terms"
"30v5","Down","Ntrk3",FALSE,TRUE,"synaptic_terms"
"30v5","Down","Olfm1",FALSE,TRUE,"synaptic_terms"
"30v5","Down","Onecut1",FALSE,TRUE,"synaptic_terms"
"30v5","Down","P4hb",FALSE,TRUE,"synaptic_terms"
"30v5","Down","Pacc1",FALSE,TRUE,"synaptic_terms"
"30v5","Down","Pcdh1",FALSE,TRUE,"synaptic_terms"
"30v5","Down","Pcdhac2",FALSE,TRUE,"synaptic_terms"
"30v5","Down","Pcdhga12",FALSE,TRUE,"synaptic_terms"
"30v5","Down","Pcdhgc3",FALSE,TRUE,"synaptic_terms"
"30v5","Down","Pcdhgc5",FALSE,TRUE,"synaptic_terms"
"30v5","Down","Pcsk2",FALSE,TRUE,"synaptic_terms"
"30v5","Down","Pcsk5",FALSE,TRUE,"synaptic_terms"
"30v5","Down","Pcyox1",FALSE,TRUE,"synaptic_terms"
"30v5","Down","Pdgfrb",TRUE,TRUE,"synaptic_terms"
"30v5","Down","Pigt",FALSE,TRUE,"synaptic_terms"
"30v5","Down","Plec",TRUE,TRUE,"synaptic_terms"
"30v5","Down","Plxna1",FALSE,TRUE,"synaptic_terms"
"30v5","Down","Plxnb2",FALSE,TRUE,"synaptic_terms"
"30v5","Down","Plxnd1",FALSE,TRUE,"synaptic_terms"
"30v5","Down","Pomgnt2",FALSE,TRUE,"synaptic_terms"
"30v5","Down","Pomk",FALSE,TRUE,"synaptic_terms"
"30v5","Down","Porcn",FALSE,TRUE,"synaptic_terms"
"30v5","Down","Ppm1l",FALSE,TRUE,"synaptic_terms"
"30v5","Down","Prdm16",FALSE,TRUE,"synaptic_terms"
"30v5","Down","Psap",FALSE,TRUE,"synaptic_terms"
"30v5","Down","Psen2",FALSE,TRUE,"synaptic_terms"
"30v5","Down","Ptprf",FALSE,TRUE,"synaptic_terms"
"30v5","Down","Ptprj",TRUE,TRUE,"synaptic_terms"
"30v5","Down","Ptprn2",FALSE,TRUE,"synaptic_terms"
"30v5","Down","Ptpro",TRUE,TRUE,"synaptic_terms"
"30v5","Down","Ptprs",FALSE,TRUE,"synaptic_terms"
"30v5","Down","Retreg1",FALSE,TRUE,"synaptic_terms"
"30v5","Down","Rnf167",FALSE,TRUE,"synaptic_terms"
"30v5","Down","Robo1",FALSE,TRUE,"synaptic_terms"
"30v5","Down","Robo2",FALSE,TRUE,"synaptic_terms"
"30v5","Down","Rph3a",FALSE,TRUE,"synaptic_terms"
"30v5","Down","Rtn4r",FALSE,TRUE,"synaptic_terms"
"30v5","Down","Rtn4rl1",FALSE,TRUE,"synaptic_terms"
"30v5","Down","Rtn4rl2",FALSE,TRUE,"synaptic_terms"
"30v5","Down","S1pr3",FALSE,TRUE,"synaptic_terms"
"30v5","Down","Scamp5",FALSE,TRUE,"synaptic_terms"
"30v5","Down","Scarb2",FALSE,TRUE,"synaptic_terms"
"30v5","Down","Scn2b",FALSE,TRUE,"synaptic_terms"
"30v5","Down","Sdf4",FALSE,TRUE,"synaptic_terms"
"30v5","Down","Sema3c",FALSE,TRUE,"synaptic_terms"
"30v5","Down","Sema4d",FALSE,TRUE,"synaptic_terms"
"30v5","Down","Sema4f",FALSE,TRUE,"synaptic_terms"
"30v5","Down","Sema5a",FALSE,TRUE,"synaptic_terms"
"30v5","Down","Sema6b",FALSE,TRUE,"synaptic_terms"
"30v5","Down","Sema7a",FALSE,TRUE,"synaptic_terms"
"30v5","Down","Sez6l",FALSE,TRUE,"synaptic_terms"
"30v5","Down","Sez6l2",FALSE,TRUE,"synaptic_terms"
"30v5","Down","Sgsh",FALSE,TRUE,"synaptic_terms"
"30v5","Down","Shisa6",FALSE,TRUE,"synaptic_terms"
"30v5","Down","Sigmar1",FALSE,TRUE,"synaptic_terms"
"30v5","Down","Sirpa",TRUE,TRUE,"synaptic_terms"
"30v5","Down","Slc12a5",FALSE,TRUE,"synaptic_terms"
"30v5","Down","Slc12a9",FALSE,TRUE,"synaptic_terms"
"30v5","Down","Slc17a7",FALSE,TRUE,"synaptic_terms"
"30v5","Down","Slc1a4",FALSE,TRUE,"synaptic_terms"
"30v5","Down","Slc23a2",FALSE,TRUE,"synaptic_terms"
"30v5","Down","Slc24a2",FALSE,TRUE,"synaptic_terms"
"30v5","Down","Slc27a4",FALSE,TRUE,"synaptic_terms"
"30v5","Down","Slc29a4",FALSE,TRUE,"synaptic_terms"
"30v5","Down","Slc30a5",FALSE,TRUE,"synaptic_terms"
"30v5","Down","Slc37a3",FALSE,TRUE,"synaptic_terms"
"30v5","Down","Slc37a4",FALSE,TRUE,"synaptic_terms"
"30v5","Down","Slc38a1",FALSE,TRUE,"synaptic_terms"
"30v5","Down","Slc38a10",FALSE,TRUE,"synaptic_terms"
"30v5","Down","Slc38a7",FALSE,TRUE,"synaptic_terms"
"30v5","Down","Slc39a13",FALSE,TRUE,"synaptic_terms"
"30v5","Down","Slc39a3",FALSE,TRUE,"synaptic_terms"
"30v5","Down","Slc39a6",FALSE,TRUE,"synaptic_terms"
"30v5","Down","Slc39a7",FALSE,TRUE,"synaptic_terms"
"30v5","Down","Slc3a2",FALSE,TRUE,"synaptic_terms"
"30v5","Down","Slc43a2",FALSE,TRUE,"synaptic_terms"
"30v5","Down","Slc6a15",FALSE,TRUE,"synaptic_terms"
"30v5","Down","Slc6a17",FALSE,TRUE,"synaptic_terms"
"30v5","Down","Slc6a7",FALSE,TRUE,"synaptic_terms"
"30v5","Down","Slc6a9",FALSE,TRUE,"synaptic_terms"
"30v5","Down","Slc7a3",FALSE,TRUE,"synaptic_terms"
"30v5","Down","Slc7a5",FALSE,TRUE,"synaptic_terms"
"30v5","Down","Slc7a8",FALSE,TRUE,"synaptic_terms"
"30v5","Down","Slc8a2",FALSE,TRUE,"synaptic_terms"
"30v5","Down","Slc9a6",FALSE,TRUE,"synaptic_terms"
"30v5","Down","Slc9a7",FALSE,TRUE,"synaptic_terms"
"30v5","Down","Slc9a9",FALSE,TRUE,"synaptic_terms"
"30v5","Down","Slit1",TRUE,TRUE,"synaptic_terms"
"30v5","Down","Slit3",FALSE,TRUE,"synaptic_terms"
"30v5","Down","Smpd1",FALSE,TRUE,"synaptic_terms"
"30v5","Down","Smpd3",TRUE,TRUE,"synaptic_terms"
"30v5","Down","Sorcs3",FALSE,TRUE,"synaptic_terms"
"30v5","Down","Sorl1",FALSE,TRUE,"synaptic_terms"
"30v5","Down","Sort1",FALSE,TRUE,"synaptic_terms"
"30v5","Down","Sparcl1",FALSE,TRUE,"synaptic_terms"
"30v5","Down","Spock1",FALSE,TRUE,"synaptic_terms"
"30v5","Down","Sppl3",FALSE,TRUE,"synaptic_terms"
"30v5","Down","Sstr2",FALSE,TRUE,"synaptic_terms"
"30v5","Down","Sv2a",FALSE,TRUE,"synaptic_terms"
"30v5","Down","Syngr1",FALSE,TRUE,"synaptic_terms"
"30v5","Down","Syp",FALSE,TRUE,"synaptic_terms"
"30v5","Down","Syt1",FALSE,TRUE,"synaptic_terms"
"30v5","Down","Syt11",FALSE,TRUE,"synaptic_terms"
"30v5","Down","Syt12",FALSE,TRUE,"synaptic_terms"
"30v5","Down","Syt3",FALSE,TRUE,"synaptic_terms"
"30v5","Down","Syt5",FALSE,TRUE,"synaptic_terms"
"30v5","Down","Tenm4",FALSE,TRUE,"synaptic_terms"
"30v5","Down","Tfrc",FALSE,TRUE,"synaptic_terms"
"30v5","Down","Tgfbr3",FALSE,TRUE,"synaptic_terms"
"30v5","Down","Tmbim6",FALSE,TRUE,"synaptic_terms"
"30v5","Down","Tmco1",TRUE,TRUE,"synaptic_terms"
"30v5","Down","Tmem109",FALSE,TRUE,"synaptic_terms"
"30v5","Down","Tmem165",FALSE,TRUE,"synaptic_terms"
"30v5","Down","Tmem175",FALSE,TRUE,"synaptic_terms"
"30v5","Down","Tmem178",FALSE,TRUE,"synaptic_terms"
"30v5","Down","Tmem25",FALSE,TRUE,"synaptic_terms"
"30v5","Down","Tmem30a",FALSE,TRUE,"synaptic_terms"
"30v5","Down","Tmem38a",FALSE,TRUE,"synaptic_terms"
"30v5","Down","Tnfrsf21",FALSE,TRUE,"synaptic_terms"
"30v5","Down","Tnr",FALSE,TRUE,"synaptic_terms"
"30v5","Down","Tspan18",FALSE,TRUE,"synaptic_terms"
"30v5","Down","Tubb2b",FALSE,TRUE,"synaptic_terms"
"30v5","Down","Uchl1",FALSE,TRUE,"synaptic_terms"
"30v5","Down","Unc5a",FALSE,TRUE,"synaptic_terms"
"30v5","Down","Unc5c",FALSE,TRUE,"synaptic_terms"
"30v5","Down","Unc5d",FALSE,TRUE,"synaptic_terms"
"30v5","Down","Vangl2",FALSE,TRUE,"synaptic_terms"
"30v5","Down","Vldlr",FALSE,TRUE,"synaptic_terms"
"30v5","Down","Xk",FALSE,TRUE,"synaptic_terms"
"30v5","Down","Zdhhc12",FALSE,TRUE,"synaptic_terms"
"30v5","Down","Zdhhc8",FALSE,TRUE,"synaptic_terms"
"30v5","Up","Abraxas2",TRUE,FALSE,"nuclear_terms"
"30v5","Up","Abt1",TRUE,FALSE,"nuclear_terms"
"30v5","Up","Ago4",TRUE,FALSE,"nuclear_terms"
"30v5","Up","Ahr",TRUE,TRUE,"nuclear_terms"
"30v5","Up","Aim2",TRUE,TRUE,"nuclear_terms"
"30v5","Up","Akirin1",TRUE,FALSE,"nuclear_terms"
"30v5","Up","Alkbh5",TRUE,FALSE,"nuclear_terms"
"30v5","Up","Arc",TRUE,TRUE,"nuclear_terms"
"30v5","Up","Arid4b",TRUE,TRUE,"nuclear_terms"
"30v5","Up","Arid5b",TRUE,FALSE,"nuclear_terms"
"30v5","Up","Atf3",TRUE,TRUE,"nuclear_terms"
"30v5","Up","Atg12",TRUE,FALSE,"nuclear_terms"
"30v5","Up","Atxn7",TRUE,TRUE,"nuclear_terms"
"30v5","Up","Bag3",TRUE,FALSE,"nuclear_terms"
"30v5","Up","Bcl10",TRUE,TRUE,"nuclear_terms"
"30v5","Up","Bcl2l11",TRUE,TRUE,"nuclear_terms"
"30v5","Up","Bdnf",TRUE,TRUE,"nuclear_terms"
"30v5","Up","Bhlhe40",TRUE,FALSE,"nuclear_terms"
"30v5","Up","Bmal1",TRUE,TRUE,"nuclear_terms"
"30v5","Up","Brd2",TRUE,FALSE,"nuclear_terms"
"30v5","Up","Bud23",TRUE,FALSE,"nuclear_terms"
"30v5","Up","Cbll1",TRUE,FALSE,"nuclear_terms"
"30v5","Up","Ccdc117",TRUE,FALSE,"nuclear_terms"
"30v5","Up","Ccnk",TRUE,FALSE,"nuclear_terms"
"30v5","Up","Ccnl1",TRUE,FALSE,"nuclear_terms"
"30v5","Up","Ccnt2",TRUE,FALSE,"nuclear_terms"
"30v5","Up","Cdc27",TRUE,FALSE,"nuclear_terms"
"30v5","Up","Cdc73",TRUE,FALSE,"nuclear_terms"
"30v5","Up","Cenpa",TRUE,FALSE,"nuclear_terms"
"30v5","Up","Cggbp1",TRUE,FALSE,"nuclear_terms"
"30v5","Up","Chaserr",TRUE,FALSE,"nuclear_terms"
"30v5","Up","Chd1",TRUE,FALSE,"nuclear_terms"
"30v5","Up","Ciart",TRUE,FALSE,"nuclear_terms"
"30v5","Up","Clk1",TRUE,FALSE,"nuclear_terms"
"30v5","Up","Clk3",TRUE,FALSE,"nuclear_terms"
"30v5","Up","Clk4",TRUE,FALSE,"nuclear_terms"
"30v5","Up","Cnot10",TRUE,FALSE,"nuclear_terms"
"30v5","Up","Cnot6",TRUE,FALSE,"nuclear_terms"
"30v5","Up","Cnot6l",TRUE,FALSE,"nuclear_terms"
"30v5","Up","Cnot7",TRUE,FALSE,"nuclear_terms"
"30v5","Up","Cops3",TRUE,FALSE,"nuclear_terms"
"30v5","Up","Crkl",TRUE,TRUE,"nuclear_terms"
"30v5","Up","Cstf3",TRUE,FALSE,"nuclear_terms"
"30v5","Up","Cwc25",TRUE,FALSE,"nuclear_terms"
"30v5","Up","Cxcl14",TRUE,FALSE,"nuclear_terms"
"30v5","Up","Cys1",TRUE,FALSE,"nuclear_terms"
"30v5","Up","Dazl",TRUE,FALSE,"nuclear_terms"
"30v5","Up","Ddx19a",TRUE,FALSE,"nuclear_terms"
"30v5","Up","Dhx15",TRUE,FALSE,"nuclear_terms"
"30v5","Up","Dr1",TRUE,FALSE,"nuclear_terms"
"30v5","Up","Dusp1",TRUE,FALSE,"nuclear_terms"
"30v5","Up","Dusp16",TRUE,FALSE,"nuclear_terms"
"30v5","Up","Dyrk2",TRUE,TRUE,"nuclear_terms"
"30v5","Up","Egr1",TRUE,TRUE,"nuclear_terms"
"30v5","Up","Egr2",TRUE,FALSE,"nuclear_terms"
"30v5","Up","Eif3e",TRUE,FALSE,"nuclear_terms"
"30v5","Up","Ell2",TRUE,FALSE,"nuclear_terms"
"30v5","Up","Epc1",TRUE,FALSE,"nuclear_terms"
"30v5","Up","Epc2",TRUE,FALSE,"nuclear_terms"
"30v5","Up","Ercc6",TRUE,FALSE,"nuclear_terms"
"30v5","Up","Esco1",TRUE,FALSE,"nuclear_terms"
"30v5","Up","Etf1",TRUE,FALSE,"nuclear_terms"
"30v5","Up","Fam53c",TRUE,FALSE,"nuclear_terms"
"30v5","Up","Fdxacb1",TRUE,FALSE,"nuclear_terms"
"30v5","Up","Fermt2",TRUE,TRUE,"nuclear_terms"
"30v5","Up","Fos",TRUE,TRUE,"nuclear_terms"
"30v5","Up","Fzd1",TRUE,TRUE,"nuclear_terms"
"30v5","Up","Gtf3c4",TRUE,FALSE,"nuclear_terms"
"30v5","Up","Gtpbp4",TRUE,FALSE,"nuclear_terms"
"30v5","Up","H3f3b",TRUE,FALSE,"nuclear_terms"
"30v5","Up","Hexim1",TRUE,FALSE,"nuclear_terms"
"30v5","Up","Hipk3",TRUE,FALSE,"nuclear_terms"
"30v5","Up","Hnrnpf",TRUE,FALSE,"nuclear_terms"
"30v5","Up","Hnrnph1",TRUE,FALSE,"nuclear_terms"
"30v5","Up","Hnrnpll",TRUE,FALSE,"nuclear_terms"
"30v5","Up","Hnrnpu",TRUE,FALSE,"nuclear_terms"
"30v5","Up","Hspa8",TRUE,TRUE,"nuclear_terms"
"30v5","Up","Ifrd1",TRUE,FALSE,"nuclear_terms"
"30v5","Up","Ing2",TRUE,TRUE,"nuclear_terms"
"30v5","Up","Ints10",TRUE,FALSE,"nuclear_terms"
"30v5","Up","Ints13",TRUE,FALSE,"nuclear_terms"
"30v5","Up","Ints6l",TRUE,FALSE,"nuclear_terms"
"30v5","Up","Ints8",TRUE,FALSE,"nuclear_terms"
"30v5","Up","Ippk",TRUE,FALSE,"nuclear_terms"
"30v5","Up","Irs1",TRUE,TRUE,"nuclear_terms"
"30v5","Up","Ivns1abp",TRUE,FALSE,"nuclear_terms"
"30v5","Up","Jak2",TRUE,TRUE,"nuclear_terms"
"30v5","Up","Jund",TRUE,TRUE,"nuclear_terms"
"30v5","Up","Kdm3a",TRUE,TRUE,"nuclear_terms"
"30v5","Up","Kdm6b",TRUE,FALSE,"nuclear_terms"
"30v5","Up","Kpna1",TRUE,TRUE,"nuclear_terms"
"30v5","Up","Kras",TRUE,TRUE,"nuclear_terms"
"30v5","Up","Lats1",TRUE,TRUE,"nuclear_terms"
"30v5","Up","Lemd3",TRUE,TRUE,"nuclear_terms"
"30v5","Up","Lmna",TRUE,FALSE,"nuclear_terms"
"30v5","Up","Magoh",TRUE,FALSE,"nuclear_terms"
"30v5","Up","Mapk8",TRUE,TRUE,"nuclear_terms"
"30v5","Up","Mapre1",TRUE,FALSE,"nuclear_terms"
"30v5","Up","Mcl1",TRUE,TRUE,"nuclear_terms"
"30v5","Up","Mdm2",TRUE,FALSE,"nuclear_terms"
"30v5","Up","Med13",TRUE,FALSE,"nuclear_terms"
"30v5","Up","Med26",TRUE,FALSE,"nuclear_terms"
"30v5","Up","Med31",TRUE,FALSE,"nuclear_terms"
"30v5","Up","Mettl14",TRUE,TRUE,"nuclear_terms"
"30v5","Up","Mocs3",TRUE,FALSE,"nuclear_terms"
"30v5","Up","Morc2b",TRUE,FALSE,"nuclear_terms"
"30v5","Up","Msl2",TRUE,FALSE,"nuclear_terms"
"30v5","Up","Myc",TRUE,TRUE,"nuclear_terms"
"30v5","Up","Nadk2",TRUE,FALSE,"nuclear_terms"
"30v5","Up","Nampt",TRUE,FALSE,"nuclear_terms"
"30v5","Up","Nap1l5",TRUE,FALSE,"nuclear_terms"
"30v5","Up","Ncbp1",TRUE,FALSE,"nuclear_terms"
"30v5","Up","Nedd9",TRUE,TRUE,"nuclear_terms"
"30v5","Up","Nfatc1",TRUE,TRUE,"nuclear_terms"
"30v5","Up","Nfatc2",TRUE,TRUE,"nuclear_terms"
"30v5","Up","Nfkbiz",TRUE,TRUE,"nuclear_terms"
"30v5","Up","Nmd3",TRUE,FALSE,"nuclear_terms"
"30v5","Up","Nop53",TRUE,TRUE,"nuclear_terms"
"30v5","Up","Nsa2",TRUE,FALSE,"nuclear_terms"
"30v5","Up","Nup35",TRUE,FALSE,"nuclear_terms"
"30v5","Up","Nup50",TRUE,FALSE,"nuclear_terms"
"30v5","Up","Osbpl8",TRUE,TRUE,"nuclear_terms"
"30v5","Up","Oxsr1",TRUE,TRUE,"nuclear_terms"
"30v5","Up","Papola",TRUE,FALSE,"nuclear_terms"
"30v5","Up","Pcna",TRUE,FALSE,"nuclear_terms"
"30v5","Up","Pde12",TRUE,FALSE,"nuclear_terms"
"30v5","Up","Peg10",TRUE,TRUE,"nuclear_terms"
"30v5","Up","Peli1",TRUE,TRUE,"nuclear_terms"
"30v5","Up","Per1",TRUE,TRUE,"nuclear_terms"
"30v5","Up","Per2",TRUE,TRUE,"nuclear_terms"
"30v5","Up","Per3",TRUE,FALSE,"nuclear_terms"
"30v5","Up","Phf13",TRUE,FALSE,"nuclear_terms"
"30v5","Up","Phf8",TRUE,FALSE,"nuclear_terms"
"30v5","Up","Pias2",TRUE,TRUE,"nuclear_terms"
"30v5","Up","Pim1",TRUE,TRUE,"nuclear_terms"
"30v5","Up","Pold3",TRUE,FALSE,"nuclear_terms"
"30v5","Up","Polr1f",TRUE,FALSE,"nuclear_terms"
"30v5","Up","Ppm1d",TRUE,FALSE,"nuclear_terms"
"30v5","Up","Ppp1r15a",TRUE,FALSE,"nuclear_terms"
"30v5","Up","Prpf38b",TRUE,FALSE,"nuclear_terms"
"30v5","Up","Prpf39",TRUE,TRUE,"nuclear_terms"
"30v5","Up","Ptbp1",TRUE,TRUE,"nuclear_terms"
"30v5","Up","Ptcd1",TRUE,FALSE,"nuclear_terms"
"30v5","Up","Qki",TRUE,FALSE,"nuclear_terms"
"30v5","Up","Rad52",TRUE,FALSE,"nuclear_terms"
"30v5","Up","Ranbp2",TRUE,FALSE,"nuclear_terms"
"30v5","Up","Ranbp6",TRUE,FALSE,"nuclear_terms"
"30v5","Up","Rbm12b2",TRUE,FALSE,"nuclear_terms"
"30v5","Up","Rbm24",TRUE,FALSE,"nuclear_terms"
"30v5","Up","Rbm39",TRUE,FALSE,"nuclear_terms"
"30v5","Up","Rbm7",TRUE,FALSE,"nuclear_terms"
"30v5","Up","Rcl1",TRUE,FALSE,"nuclear_terms"
"30v5","Up","Rela",TRUE,TRUE,"nuclear_terms"
"30v5","Up","Rlf",TRUE,FALSE,"nuclear_terms"
"30v5","Up","Rlim",TRUE,FALSE,"nuclear_terms"
"30v5","Up","Rnf4",TRUE,FALSE,"nuclear_terms"
"30v5","Up","Rngtt",TRUE,FALSE,"nuclear_terms"
"30v5","Up","Rock1",TRUE,TRUE,"nuclear_terms"
"30v5","Up","Rora",TRUE,TRUE,"nuclear_terms"
"30v5","Up","Rpl35a",TRUE,FALSE,"nuclear_terms"
"30v5","Up","Rrn3",TRUE,FALSE,"nuclear_terms"
"30v5","Up","Runx2",TRUE,TRUE,"nuclear_terms"
"30v5","Up","Rybp",TRUE,FALSE,"nuclear_terms"
"30v5","Up","S100a10",TRUE,FALSE,"nuclear_terms"
"30v5","Up","Sap18",TRUE,FALSE,"nuclear_terms"
"30v5","Up","Sde2",TRUE,FALSE,"nuclear_terms"
"30v5","Up","Sfpq",TRUE,FALSE,"nuclear_terms"
"30v5","Up","Sik1",TRUE,FALSE,"nuclear_terms"
"30v5","Up","Sirt1",TRUE,TRUE,"nuclear_terms"
"30v5","Up","Skil",TRUE,TRUE,"nuclear_terms"
"30v5","Up","Smad1",TRUE,TRUE,"nuclear_terms"
"30v5","Up","Smad5",TRUE,TRUE,"nuclear_terms"
"30v5","Up","Smad7",TRUE,TRUE,"nuclear_terms"
"30v5","Up","Smarca5",TRUE,FALSE,"nuclear_terms"
"30v5","Up","Smg5",TRUE,FALSE,"nuclear_terms"
"30v5","Up","Smg8",TRUE,FALSE,"nuclear_terms"
"30v5","Up","Smndc1",TRUE,FALSE,"nuclear_terms"
"30v5","Up","Smurf1",TRUE,TRUE,"nuclear_terms"
"30v5","Up","Snip1",TRUE,FALSE,"nuclear_terms"
"30v5","Up","Snrnp48",TRUE,FALSE,"nuclear_terms"
"30v5","Up","Sox9",TRUE,TRUE,"nuclear_terms"
"30v5","Up","Spred1",TRUE,TRUE,"nuclear_terms"
"30v5","Up","Spred2",TRUE,TRUE,"nuclear_terms"
"30v5","Up","Spty2d1",TRUE,FALSE,"nuclear_terms"
"30v5","Up","Srf",TRUE,TRUE,"nuclear_terms"
"30v5","Up","Srsf10",TRUE,TRUE,"nuclear_terms"
"30v5","Up","Srsf3",TRUE,TRUE,"nuclear_terms"
"30v5","Up","Srsf5",TRUE,FALSE,"nuclear_terms"
"30v5","Up","Srsf6",TRUE,TRUE,"nuclear_terms"
"30v5","Up","Stat3",TRUE,TRUE,"nuclear_terms"
"30v5","Up","Strap",TRUE,TRUE,"nuclear_terms"
"30v5","Up","Styx-ps",TRUE,FALSE,"nuclear_terms"
"30v5","Up","Taf2",TRUE,FALSE,"nuclear_terms"
"30v5","Up","Taf5",TRUE,FALSE,"nuclear_terms"
"30v5","Up","Taf7",TRUE,TRUE,"nuclear_terms"
"30v5","Up","Tent5c",TRUE,FALSE,"nuclear_terms"
"30v5","Up","Thbs1",TRUE,TRUE,"nuclear_terms"
"30v5","Up","Tnpo1",TRUE,FALSE,"nuclear_terms"
"30v5","Up","Tor1aip1",TRUE,FALSE,"nuclear_terms"
"30v5","Up","Tra2a",TRUE,FALSE,"nuclear_terms"
"30v5","Up","Tra2b",TRUE,FALSE,"nuclear_terms"
"30v5","Up","Traf3",TRUE,TRUE,"nuclear_terms"
"30v5","Up","Trib1",TRUE,FALSE,"nuclear_terms"
"30v5","Up","Trmt10c",TRUE,FALSE,"nuclear_terms"
"30v5","Up","Trmt1l",TRUE,FALSE,"nuclear_terms"
"30v5","Up","Tspyl1",TRUE,FALSE,"nuclear_terms"
"30v5","Up","Ube2b",TRUE,TRUE,"nuclear_terms"
"30v5","Up","Ufm1",TRUE,TRUE,"nuclear_terms"
"30v5","Up","Usp37",TRUE,FALSE,"nuclear_terms"
"30v5","Up","Utp15",TRUE,FALSE,"nuclear_terms"
"30v5","Up","Utp25",TRUE,FALSE,"nuclear_terms"
"30v5","Up","Virma",TRUE,FALSE,"nuclear_terms"
"30v5","Up","Wdr43",TRUE,FALSE,"nuclear_terms"
"30v5","Up","Xbp1",TRUE,TRUE,"nuclear_terms"
"30v5","Up","Xpo4",TRUE,FALSE,"nuclear_terms"
"30v5","Up","Yeats2",TRUE,FALSE,"nuclear_terms"
"30v5","Up","Yrdc",TRUE,FALSE,"nuclear_terms"
"30v5","Up","Ythdc1",TRUE,TRUE,"nuclear_terms"
"30v5","Up","Ythdf3",TRUE,FALSE,"nuclear_terms"
"30v5","Up","Zbtb16",TRUE,FALSE,"nuclear_terms"
"30v5","Up","Zc3h10",TRUE,FALSE,"nuclear_terms"
"30v5","Up","Zdbf2",TRUE,FALSE,"nuclear_terms"
"30v5","Up","Zfp110",TRUE,TRUE,"nuclear_terms"
"30v5","Up","Zfp326",TRUE,FALSE,"nuclear_terms"
"30v5","Up","Zfp365",TRUE,TRUE,"nuclear_terms"
"30v5","Up","1700086L19Rik",FALSE,FALSE,"other"
"30v5","Up","2900079G21Rik",FALSE,FALSE,"other"
"30v5","Up","4930503L19Rik",FALSE,FALSE,"other"
"30v5","Up","5031439G07Rik",FALSE,FALSE,"other"
"30v5","Up","A630072M18Rik",FALSE,FALSE,"other"
"30v5","Up","AI504432",FALSE,FALSE,"other"
"30v5","Up","Abitram",FALSE,FALSE,"other"
"30v5","Up","Adnp2",FALSE,FALSE,"other"
"30v5","Up","Aff1",FALSE,FALSE,"other"
"30v5","Up","Afg2a",FALSE,FALSE,"other"
"30v5","Up","Aftph",FALSE,FALSE,"other"
"30v5","Up","Alox12b",FALSE,FALSE,"other"
"30v5","Up","Amd1",FALSE,FALSE,"other"
"30v5","Up","Ammecr1l",FALSE,FALSE,"other"
"30v5","Up","Amz2",FALSE,FALSE,"other"
"30v5","Up","Ankrd10",FALSE,FALSE,"other"
"30v5","Up","Ankrd13a",FALSE,FALSE,"other"
"30v5","Up","Ankrd28",FALSE,FALSE,"other"
"30v5","Up","Ankrd33b",FALSE,FALSE,"other"
"30v5","Up","Anks3",FALSE,FALSE,"other"
"30v5","Up","Arhgef3",FALSE,FALSE,"other"
"30v5","Up","Arih2",FALSE,FALSE,"other"
"30v5","Up","Ark2n",FALSE,FALSE,"other"
"30v5","Up","Arl13b",FALSE,FALSE,"other"
"30v5","Up","Arl15",FALSE,FALSE,"other"
"30v5","Up","Arl4a",FALSE,FALSE,"other"
"30v5","Up","Arl4d",FALSE,FALSE,"other"
"30v5","Up","Arl5a",FALSE,FALSE,"other"
"30v5","Up","Arl5b",FALSE,FALSE,"other"
"30v5","Up","Armcx5",FALSE,FALSE,"other"
"30v5","Up","Arpc5",FALSE,FALSE,"other"
"30v5","Up","Arpp19",FALSE,FALSE,"other"
"30v5","Up","Asap2",FALSE,FALSE,"other"
"30v5","Up","Atg101",FALSE,FALSE,"other"
"30v5","Up","Atp13a4",FALSE,FALSE,"other"
"30v5","Up","Avl9",FALSE,FALSE,"other"
"30v5","Up","Bach1",FALSE,FALSE,"other"
"30v5","Up","Bcas1",FALSE,FALSE,"other"
"30v5","Up","Bmt2",FALSE,FALSE,"other"
"30v5","Up","Brwd3",FALSE,FALSE,"other"
"30v5","Up","Btaf1",FALSE,FALSE,"other"
"30v5","Up","Btg3",FALSE,FALSE,"other"
"30v5","Up","Camk1g",FALSE,FALSE,"other"
"30v5","Up","Capsl",FALSE,FALSE,"other"
"30v5","Up","Castor2",FALSE,FALSE,"other"
"30v5","Up","Ccdc184",FALSE,FALSE,"other"
"30v5","Up","Ccdc6",FALSE,FALSE,"other"
"30v5","Up","Ccnc",FALSE,FALSE,"other"
"30v5","Up","Cdkn2aip",FALSE,FALSE,"other"
"30v5","Up","Cep126",FALSE,FALSE,"other"
"30v5","Up","Cep20",FALSE,FALSE,"other"
"30v5","Up","Cep85l",FALSE,FALSE,"other"
"30v5","Up","Chic1",FALSE,FALSE,"other"
"30v5","Up","Chka",FALSE,FALSE,"other"
"30v5","Up","Chordc1",FALSE,FALSE,"other"
"30v5","Up","Cldn12",FALSE,FALSE,"other"
"30v5","Up","Cnn3",FALSE,FALSE,"other"
"30v5","Up","Col22a1",FALSE,FALSE,"other"
"30v5","Up","Cops2",FALSE,FALSE,"other"
"30v5","Up","Coq10b",FALSE,FALSE,"other"
"30v5","Up","Cpeb2",FALSE,FALSE,"other"
"30v5","Up","Creb5",FALSE,FALSE,"other"
"30v5","Up","Cryab",FALSE,FALSE,"other"
"30v5","Up","Crybg3",FALSE,FALSE,"other"
"30v5","Up","Csnk1g3",FALSE,FALSE,"other"
"30v5","Up","Csrnp1",FALSE,FALSE,"other"
"30v5","Up","Csrnp2",FALSE,FALSE,"other"
"30v5","Up","Csrnp3",FALSE,FALSE,"other"
"30v5","Up","Ctdsp2",FALSE,FALSE,"other"
"30v5","Up","Ctnnd1",FALSE,FALSE,"other"
"30v5","Up","Ctxnd1",FALSE,FALSE,"other"
"30v5","Up","Dbpht2",FALSE,FALSE,"other"
"30v5","Up","Dclre1c",FALSE,FALSE,"other"
"30v5","Up","Dennd10",FALSE,FALSE,"other"
"30v5","Up","Dennd2b",FALSE,FALSE,"other"
"30v5","Up","Desi2",FALSE,FALSE,"other"
"30v5","Up","Dhtkd1",FALSE,FALSE,"other"
"30v5","Up","Dhx40",FALSE,FALSE,"other"
"30v5","Up","Dipk2a",FALSE,FALSE,"other"
"30v5","Up","Dnaaf2",FALSE,FALSE,"other"
"30v5","Up","Dnai4",FALSE,FALSE,"other"
"30v5","Up","Dnaja4",FALSE,FALSE,"other"
"30v5","Up","Dnajb1",FALSE,FALSE,"other"
"30v5","Up","Dnajb4",FALSE,FALSE,"other"
"30v5","Up","Dnajb5",FALSE,FALSE,"other"
"30v5","Up","Dstn",FALSE,FALSE,"other"
"30v5","Up","Dusp10",FALSE,FALSE,"other"
"30v5","Up","Dusp4",FALSE,FALSE,"other"
"30v5","Up","Dusp5",FALSE,FALSE,"other"
"30v5","Up","Dusp6",FALSE,FALSE,"other"
"30v5","Up","Efcab2",FALSE,FALSE,"other"
"30v5","Up","Egr3",FALSE,FALSE,"other"
"30v5","Up","Egr4",FALSE,FALSE,"other"
"30v5","Up","Eif3j1",FALSE,FALSE,"other"
"30v5","Up","Eif4a2",FALSE,FALSE,"other"
"30v5","Up","Elk4",FALSE,FALSE,"other"
"30v5","Up","Emp1",FALSE,FALSE,"other"
"30v5","Up","Enox1",FALSE,FALSE,"other"
"30v5","Up","Epb41l4aos",FALSE,FALSE,"other"
"30v5","Up","Erf",FALSE,FALSE,"other"
"30v5","Up","Etv3",FALSE,FALSE,"other"
"30v5","Up","Fam114a2",FALSE,FALSE,"other"
"30v5","Up","Fam118a",FALSE,FALSE,"other"
"30v5","Up","Fam163a",FALSE,FALSE,"other"
"30v5","Up","Fam91a1",FALSE,FALSE,"other"
"30v5","Up","Far1",FALSE,FALSE,"other"
"30v5","Up","Fbxl3",FALSE,FALSE,"other"
"30v5","Up","Fbxl5",FALSE,FALSE,"other"
"30v5","Up","Fbxo28",FALSE,FALSE,"other"
"30v5","Up","Fbxo33",FALSE,FALSE,"other"
"30v5","Up","Fbxo42",FALSE,FALSE,"other"
"30v5","Up","Fbxo8",FALSE,FALSE,"other"
"30v5","Up","Fem1c",FALSE,FALSE,"other"
"30v5","Up","Fgf1",FALSE,FALSE,"other"
"30v5","Up","Filip1l",FALSE,FALSE,"other"
"30v5","Up","Fnbp1l",FALSE,FALSE,"other"
"30v5","Up","Foxk2",FALSE,FALSE,"other"
"30v5","Up","Frmd6",FALSE,FALSE,"other"
"30v5","Up","G2e3",FALSE,FALSE,"other"
"30v5","Up","Gabpb1",FALSE,FALSE,"other"
"30v5","Up","Gadd45b",FALSE,FALSE,"other"
"30v5","Up","Garre1",FALSE,FALSE,"other"
"30v5","Up","Gas5",FALSE,FALSE,"other"
"30v5","Up","Gdap2",FALSE,FALSE,"other"
"30v5","Up","Ggps1",FALSE,FALSE,"other"
"30v5","Up","Gm21092",FALSE,FALSE,"other"
"30v5","Up","Gm3764",FALSE,FALSE,"other"
"30v5","Up","Gmeb2",FALSE,FALSE,"other"
"30v5","Up","Gnai3",FALSE,FALSE,"other"
"30v5","Up","Golph3",FALSE,FALSE,"other"
"30v5","Up","Gpbp1",FALSE,FALSE,"other"
"30v5","Up","Gpbp1l1",FALSE,FALSE,"other"
"30v5","Up","Gpt2",FALSE,FALSE,"other"
"30v5","Up","Gtf2ird2",FALSE,FALSE,"other"
"30v5","Up","H4c18",FALSE,FALSE,"other"
"30v5","Up","Hapstr1",FALSE,FALSE,"other"
"30v5","Up","Haus2",FALSE,FALSE,"other"
"30v5","Up","Heca",FALSE,FALSE,"other"
"30v5","Up","Hectd2",FALSE,FALSE,"other"
"30v5","Up","Hlf",FALSE,FALSE,"other"
"30v5","Up","Hps5",FALSE,FALSE,"other"
"30v5","Up","Ier2",FALSE,FALSE,"other"
"30v5","Up","Ier5",FALSE,FALSE,"other"
"30v5","Up","Ikzf5",FALSE,FALSE,"other"
"30v5","Up","Inka1",FALSE,FALSE,"other"
"30v5","Up","Ipmk",FALSE,FALSE,"other"
"30v5","Up","Irak1bp1",FALSE,FALSE,"other"
"30v5","Up","Irf2bp2",FALSE,FALSE,"other"
"30v5","Up","Itprid2",FALSE,FALSE,"other"
"30v5","Up","Kansl1l",FALSE,FALSE,"other"
"30v5","Up","Kdm7a",FALSE,FALSE,"other"
"30v5","Up","Kitl",FALSE,FALSE,"other"
"30v5","Up","Klf10",FALSE,FALSE,"other"
"30v5","Up","Klf6",FALSE,FALSE,"other"
"30v5","Up","Klhdc7a",FALSE,FALSE,"other"
"30v5","Up","Klhl13",FALSE,FALSE,"other"
"30v5","Up","Klhl29",FALSE,FALSE,"other"
"30v5","Up","Klhl32",FALSE,FALSE,"other"
"30v5","Up","Klhl5",FALSE,FALSE,"other"
"30v5","Up","Klhl7",FALSE,FALSE,"other"
"30v5","Up","Ldah",FALSE,FALSE,"other"
"30v5","Up","Lgalsl",FALSE,FALSE,"other"
"30v5","Up","Lonrf1",FALSE,FALSE,"other"
"30v5","Up","Lonrf3",FALSE,FALSE,"other"
"30v5","Up","Lratd1",FALSE,FALSE,"other"
"30v5","Up","Lrrc58",FALSE,FALSE,"other"
"30v5","Up","Lurap1",FALSE,FALSE,"other"
"30v5","Up","Lysmd3",FALSE,FALSE,"other"
"30v5","Up","Maff",FALSE,FALSE,"other"
"30v5","Up","Mafk",FALSE,FALSE,"other"
"30v5","Up","Maob",FALSE,FALSE,"other"
"30v5","Up","Map3k14",FALSE,FALSE,"other"
"30v5","Up","Map3k2",FALSE,FALSE,"other"
"30v5","Up","Map4k3",FALSE,FALSE,"other"
"30v5","Up","Mapk1ip1l",FALSE,FALSE,"other"
"30v5","Up","Mast4",FALSE,FALSE,"other"
"30v5","Up","Memo1",FALSE,FALSE,"other"
"30v5","Up","Mettl17",FALSE,FALSE,"other"
"30v5","Up","Mex3b",FALSE,FALSE,"other"
"30v5","Up","Mid1-ps1",FALSE,FALSE,"other"
"30v5","Up","Midn",FALSE,FALSE,"other"
"30v5","Up","Mlf1",FALSE,FALSE,"other"
"30v5","Up","Mob1b",FALSE,FALSE,"other"
"30v5","Up","Mpped1",FALSE,FALSE,"other"
"30v5","Up","Msantd1",FALSE,FALSE,"other"
"30v5","Up","Msantd7",FALSE,FALSE,"other"
"30v5","Up","Mtf1",FALSE,FALSE,"other"
"30v5","Up","Mtmr1",FALSE,FALSE,"other"
"30v5","Up","Mtmr12",FALSE,FALSE,"other"
"30v5","Up","Mul1",FALSE,FALSE,"other"
"30v5","Up","Mxi1",FALSE,FALSE,"other"
"30v5","Up","Mynn",FALSE,FALSE,"other"
"30v5","Up","Naa50",FALSE,FALSE,"other"
"30v5","Up","Ndrg2",FALSE,FALSE,"other"
"30v5","Up","Necap2",FALSE,FALSE,"other"
"30v5","Up","Nfil3",FALSE,FALSE,"other"
"30v5","Up","Nin",FALSE,FALSE,"other"
"30v5","Up","Nmt2",FALSE,FALSE,"other"
"30v5","Up","Nrbf2",FALSE,FALSE,"other"
"30v5","Up","Nsd3",FALSE,FALSE,"other"
"30v5","Up","Nuak1",FALSE,FALSE,"other"
"30v5","Up","Odc1",FALSE,FALSE,"other"
"30v5","Up","Ogfr",FALSE,FALSE,"other"
"30v5","Up","Opa3",FALSE,FALSE,"other"
"30v5","Up","Osbpl6",FALSE,FALSE,"other"
"30v5","Up","Osgin2",FALSE,FALSE,"other"
"30v5","Up","Otud1",FALSE,FALSE,"other"
"30v5","Up","P4ha1",FALSE,FALSE,"other"
"30v5","Up","Palmd",FALSE,FALSE,"other"
"30v5","Up","Parp8",FALSE,FALSE,"other"
"30v5","Up","Pcolce2",FALSE,FALSE,"other"
"30v5","Up","Pcyt2",FALSE,FALSE,"other"
"30v5","Up","Phf6",FALSE,FALSE,"other"
"30v5","Up","Phlda1",FALSE,FALSE,"other"
"30v5","Up","Phospho2",FALSE,FALSE,"other"
"30v5","Up","Piga",FALSE,FALSE,"other"
"30v5","Up","Pim3",FALSE,FALSE,"other"
"30v5","Up","Pip4p2",FALSE,FALSE,"other"
"30v5","Up","Pip5k1a",FALSE,FALSE,"other"
"30v5","Up","Pkn2",FALSE,FALSE,"other"
"30v5","Up","Plch1",FALSE,FALSE,"other"
"30v5","Up","Plk3",FALSE,FALSE,"other"
"30v5","Up","Plpbp",FALSE,FALSE,"other"
"30v5","Up","Plscr4",FALSE,FALSE,"other"
"30v5","Up","Pon2",FALSE,FALSE,"other"
"30v5","Up","Pou3f3",FALSE,FALSE,"other"
"30v5","Up","Ppat",FALSE,FALSE,"other"
"30v5","Up","Ppm1b",FALSE,FALSE,"other"
"30v5","Up","Ppp1r15b",FALSE,FALSE,"other"
"30v5","Up","Ppp2r1b",FALSE,FALSE,"other"
"30v5","Up","Ppp2r2a",FALSE,FALSE,"other"
"30v5","Up","Ppp4r3a",FALSE,FALSE,"other"
"30v5","Up","Prdm2",FALSE,FALSE,"other"
"30v5","Up","Prkag2",FALSE,FALSE,"other"
"30v5","Up","Prkx",FALSE,FALSE,"other"
"30v5","Up","Prr16",FALSE,FALSE,"other"
"30v5","Up","Ptchd4",FALSE,FALSE,"other"
"30v5","Up","Ptp4a1",FALSE,FALSE,"other"
"30v5","Up","Pwwp4a",FALSE,FALSE,"other"
"30v5","Up","Pwwp4b",FALSE,FALSE,"other"
"30v5","Up","Rab27b",FALSE,FALSE,"other"
"30v5","Up","Rab28",FALSE,FALSE,"other"
"30v5","Up","Rab43",FALSE,FALSE,"other"
"30v5","Up","Rab6a",FALSE,FALSE,"other"
"30v5","Up","Rab8b",FALSE,FALSE,"other"
"30v5","Up","Rabl2",FALSE,FALSE,"other"
"30v5","Up","Rai2",FALSE,FALSE,"other"
"30v5","Up","Rassf1",FALSE,FALSE,"other"
"30v5","Up","Rchy1",FALSE,FALSE,"other"
"30v5","Up","Rcor1",FALSE,FALSE,"other"
"30v5","Up","Rel",FALSE,FALSE,"other"
"30v5","Up","Rfx2",FALSE,FALSE,"other"
"30v5","Up","Rmnd5a",FALSE,FALSE,"other"
"30v5","Up","Rnd3",FALSE,FALSE,"other"
"30v5","Up","Rnf166",FALSE,FALSE,"other"
"30v5","Up","Rnf19a",FALSE,FALSE,"other"
"30v5","Up","Rnf217",FALSE,FALSE,"other"
"30v5","Up","Rnf32",FALSE,FALSE,"other"
"30v5","Up","Rnft1",FALSE,FALSE,"other"
"30v5","Up","Rpgr",FALSE,FALSE,"other"
"30v5","Up","Rps15a",FALSE,FALSE,"other"
"30v5","Up","Rps6kb2",FALSE,FALSE,"other"
"30v5","Up","Rras2",FALSE,FALSE,"other"
"30v5","Up","Rsbn1",FALSE,FALSE,"other"
"30v5","Up","Rsph4a",FALSE,FALSE,"other"
"30v5","Up","Rtl3",FALSE,FALSE,"other"
"30v5","Up","Rundc1",FALSE,FALSE,"other"
"30v5","Up","Rwdd4a",FALSE,FALSE,"other"
"30v5","Up","Sacm1l",FALSE,FALSE,"other"
"30v5","Up","Sbf2",FALSE,FALSE,"other"
"30v5","Up","Sbk1",FALSE,FALSE,"other"
"30v5","Up","Sec24a",FALSE,FALSE,"other"
"30v5","Up","Sertad1",FALSE,FALSE,"other"
"30v5","Up","Sertm1",FALSE,FALSE,"other"
"30v5","Up","Siah2",FALSE,FALSE,"other"
"30v5","Up","Slc25a25",FALSE,FALSE,"other"
"30v5","Up","Slc25a40",FALSE,FALSE,"other"
"30v5","Up","Slc38a6",FALSE,FALSE,"other"
"30v5","Up","Slc7a6os",FALSE,FALSE,"other"
"30v5","Up","Snhg5",FALSE,FALSE,"other"
"30v5","Up","Sowahc",FALSE,FALSE,"other"
"30v5","Up","Spata2l",FALSE,FALSE,"other"
"30v5","Up","Spry4",FALSE,FALSE,"other"
"30v5","Up","Ssh2",FALSE,FALSE,"other"
"30v5","Up","St7",FALSE,FALSE,"other"
"30v5","Up","Stk26",FALSE,FALSE,"other"
"30v5","Up","Stk35",FALSE,FALSE,"other"
"30v5","Up","Stox2",FALSE,FALSE,"other"
"30v5","Up","Strn",FALSE,FALSE,"other"
"30v5","Up","Surf6",FALSE,FALSE,"other"
"30v5","Up","Synpo2",FALSE,FALSE,"other"
"30v5","Up","Tbce",FALSE,FALSE,"other"
"30v5","Up","Tfdp2",FALSE,FALSE,"other"
"30v5","Up","Timm21",FALSE,FALSE,"other"
"30v5","Up","Tiparp",FALSE,FALSE,"other"
"30v5","Up","Tjp1",FALSE,FALSE,"other"
"30v5","Up","Tle1",FALSE,FALSE,"other"
"30v5","Up","Tmem263",FALSE,FALSE,"other"
"30v5","Up","Tnfaip8",FALSE,FALSE,"other"
"30v5","Up","Tppp3",FALSE,FALSE,"other"
"30v5","Up","Trp53inp2",FALSE,FALSE,"other"
"30v5","Up","Tsc22d2",FALSE,FALSE,"other"
"30v5","Up","Tstd2",FALSE,FALSE,"other"
"30v5","Up","Ube2d3",FALSE,FALSE,"other"
"30v5","Up","Ube2e3",FALSE,FALSE,"other"
"30v5","Up","Ube2g2",FALSE,FALSE,"other"
"30v5","Up","Ube2h",FALSE,FALSE,"other"
"30v5","Up","Usp25",FALSE,FALSE,"other"
"30v5","Up","Usp38",FALSE,FALSE,"other"
"30v5","Up","Vamp3",FALSE,FALSE,"other"
"30v5","Up","Vcl",FALSE,FALSE,"other"
"30v5","Up","Vezf1",FALSE,FALSE,"other"
"30v5","Up","Vti1b",FALSE,FALSE,"other"
"30v5","Up","Vxn",FALSE,FALSE,"other"
"30v5","Up","Wdr91",FALSE,FALSE,"other"
"30v5","Up","Wsb1",FALSE,FALSE,"other"
"30v5","Up","Ykt6",FALSE,FALSE,"other"
"30v5","Up","Zbtb10",FALSE,FALSE,"other"
"30v5","Up","Zbtb11",FALSE,FALSE,"other"
"30v5","Up","Zbtb2",FALSE,FALSE,"other"
"30v5","Up","Zbtb21",FALSE,FALSE,"other"
"30v5","Up","Zbtb33",FALSE,FALSE,"other"
"30v5","Up","Zbtb41",FALSE,FALSE,"other"
"30v5","Up","Zc3h12c",FALSE,FALSE,"other"
"30v5","Up","Zcchc9",FALSE,FALSE,"other"
"30v5","Up","Zfand2a",FALSE,FALSE,"other"
"30v5","Up","Zfand5",FALSE,FALSE,"other"
"30v5","Up","Zfat",FALSE,FALSE,"other"
"30v5","Up","Zfp24",FALSE,FALSE,"other"
"30v5","Up","Zfp26",FALSE,FALSE,"other"
"30v5","Up","Zfp266",FALSE,FALSE,"other"
"30v5","Up","Zfp27",FALSE,FALSE,"other"
"30v5","Up","Zfp275",FALSE,FALSE,"other"
"30v5","Up","Zfp281",FALSE,FALSE,"other"
"30v5","Up","Zfp329",FALSE,FALSE,"other"
"30v5","Up","Zfp397",FALSE,FALSE,"other"
"30v5","Up","Zfp426",FALSE,FALSE,"other"
"30v5","Up","Zfp516",FALSE,FALSE,"other"
"30v5","Up","Zfp607b",FALSE,FALSE,"other"
"30v5","Up","Zfp608",FALSE,FALSE,"other"
"30v5","Up","Zfp622",FALSE,FALSE,"other"
"30v5","Up","Zfp654",FALSE,FALSE,"other"
"30v5","Up","Zfp655",FALSE,FALSE,"other"
"30v5","Up","Zfp711",FALSE,FALSE,"other"
"30v5","Up","Zfp788",FALSE,FALSE,"other"
"30v5","Up","Zfp868",FALSE,FALSE,"other"
"30v5","Up","Zfp869",FALSE,FALSE,"other"
"30v5","Up","Zfp954",FALSE,FALSE,"other"
"30v5","Up","Zkscan1",FALSE,FALSE,"other"
"30v5","Up","Zmym5",FALSE,FALSE,"other"
"30v5","Up","Zswim4",FALSE,FALSE,"other"
"30v5","Up","Zswim6",FALSE,FALSE,"other"
"30v5","Up","Zup1",FALSE,FALSE,"other"
"30v5","Up","Amigo3",FALSE,TRUE,"synaptic_terms"
"30v5","Up","Arf4",FALSE,TRUE,"synaptic_terms"
"30v5","Up","Arf6",FALSE,TRUE,"synaptic_terms"
"30v5","Up","Atp7a",FALSE,TRUE,"synaptic_terms"
"30v5","Up","Casz1",FALSE,TRUE,"synaptic_terms"
"30v5","Up","Ccn1",FALSE,TRUE,"synaptic_terms"
"30v5","Up","Cfap20",FALSE,TRUE,"synaptic_terms"
"30v5","Up","Cpeb4",FALSE,TRUE,"synaptic_terms"
"30v5","Up","Cpne3",FALSE,TRUE,"synaptic_terms"
"30v5","Up","Cpne8",FALSE,TRUE,"synaptic_terms"
"30v5","Up","Csnk1a1",FALSE,TRUE,"synaptic_terms"
"30v5","Up","Dnaja1",FALSE,TRUE,"synaptic_terms"
"30v5","Up","Errfi1",FALSE,TRUE,"synaptic_terms"
"30v5","Up","Etv5",FALSE,TRUE,"synaptic_terms"
"30v5","Up","Fosb",FALSE,TRUE,"synaptic_terms"
"30v5","Up","Fosl2",FALSE,TRUE,"synaptic_terms"
"30v5","Up","Gabra2",FALSE,TRUE,"synaptic_terms"
"30v5","Up","Gpr3",FALSE,TRUE,"synaptic_terms"
"30v5","Up","Homer1",FALSE,TRUE,"synaptic_terms"
"30v5","Up","Hsph1",FALSE,TRUE,"synaptic_terms"
"30v5","Up","Iqgap1",FALSE,TRUE,"synaptic_terms"
"30v5","Up","Irs2",FALSE,TRUE,"synaptic_terms"
"30v5","Up","Junb",FALSE,TRUE,"synaptic_terms"
"30v5","Up","Lin7c",FALSE,TRUE,"synaptic_terms"
"30v5","Up","Lins1",FALSE,TRUE,"synaptic_terms"
"30v5","Up","Meis2",FALSE,TRUE,"synaptic_terms"
"30v5","Up","Mt2",FALSE,TRUE,"synaptic_terms"
"30v5","Up","Ncoa5",FALSE,TRUE,"synaptic_terms"
"30v5","Up","Nptx2",FALSE,TRUE,"synaptic_terms"
"30v5","Up","Nr4a1",FALSE,TRUE,"synaptic_terms"
"30v5","Up","Nr4a2",FALSE,TRUE,"synaptic_terms"
"30v5","Up","Nr4a3",FALSE,TRUE,"synaptic_terms"
"30v5","Up","Pde4b",FALSE,TRUE,"synaptic_terms"
"30v5","Up","Pde5a",FALSE,TRUE,"synaptic_terms"
"30v5","Up","Plk2",FALSE,TRUE,"synaptic_terms"
"30v5","Up","Prkaa1",FALSE,TRUE,"synaptic_terms"
"30v5","Up","Ptchd1",FALSE,TRUE,"synaptic_terms"
"30v5","Up","Ptpn1",FALSE,TRUE,"synaptic_terms"
"30v5","Up","Ptpn12",FALSE,TRUE,"synaptic_terms"
"30v5","Up","Rab5a",FALSE,TRUE,"synaptic_terms"
"30v5","Up","Rap1a",FALSE,TRUE,"synaptic_terms"
"30v5","Up","Rap1b",FALSE,TRUE,"synaptic_terms"
"30v5","Up","Rap2a",FALSE,TRUE,"synaptic_terms"
"30v5","Up","Rasd1",FALSE,TRUE,"synaptic_terms"
"30v5","Up","Rasl11b",FALSE,TRUE,"synaptic_terms"
"30v5","Up","Rgs4",FALSE,TRUE,"synaptic_terms"
"30v5","Up","Rnf111",FALSE,TRUE,"synaptic_terms"
"30v5","Up","Scyl2",FALSE,TRUE,"synaptic_terms"
"30v5","Up","Sgk1",FALSE,TRUE,"synaptic_terms"
"30v5","Up","Shoc2",FALSE,TRUE,"synaptic_terms"
"30v5","Up","Smurf2",FALSE,TRUE,"synaptic_terms"
"30v5","Up","Sos1",FALSE,TRUE,"synaptic_terms"
"30v5","Up","Specc1",FALSE,TRUE,"synaptic_terms"
"30v5","Up","Spry1",FALSE,TRUE,"synaptic_terms"
"30v5","Up","Spry2",FALSE,TRUE,"synaptic_terms"
"30v5","Up","Stk38",FALSE,TRUE,"synaptic_terms"
"30v5","Up","Stk38l",FALSE,TRUE,"synaptic_terms"
"30v5","Up","Strn3",FALSE,TRUE,"synaptic_terms"
"30v5","Up","Stxbp3",FALSE,TRUE,"synaptic_terms"
"30v5","Up","Tcf12",FALSE,TRUE,"synaptic_terms"
"30v5","Up","Tlr7",FALSE,TRUE,"synaptic_terms"
"30v5","Up","Tnfaip6",FALSE,TRUE,"synaptic_terms"
"5v0","Down","Abt1",TRUE,TRUE,"nuclear_terms"
"5v0","Down","Ahr",TRUE,TRUE,"nuclear_terms"
"5v0","Down","Akirin1",TRUE,FALSE,"nuclear_terms"
"5v0","Down","Arid4b",TRUE,TRUE,"nuclear_terms"
"5v0","Down","Arid5b",TRUE,FALSE,"nuclear_terms"
"5v0","Down","Bdnf",TRUE,TRUE,"nuclear_terms"
"5v0","Down","Bhlhe40",TRUE,FALSE,"nuclear_terms"
"5v0","Down","Bmal1",TRUE,TRUE,"nuclear_terms"
"5v0","Down","Btaf1",TRUE,FALSE,"nuclear_terms"
"5v0","Down","Casp3",TRUE,TRUE,"nuclear_terms"
"5v0","Down","Ccnd1",TRUE,FALSE,"nuclear_terms"
"5v0","Down","Ccnk",TRUE,FALSE,"nuclear_terms"
"5v0","Down","Cct2",TRUE,TRUE,"nuclear_terms"
"5v0","Down","Cct3",TRUE,TRUE,"nuclear_terms"
"5v0","Down","Cenpa",TRUE,FALSE,"nuclear_terms"
"5v0","Down","Chd1",TRUE,FALSE,"nuclear_terms"
"5v0","Down","Clk1",TRUE,FALSE,"nuclear_terms"
"5v0","Down","Clk4",TRUE,FALSE,"nuclear_terms"
"5v0","Down","Cmtr1",TRUE,FALSE,"nuclear_terms"
"5v0","Down","Cwc25",TRUE,FALSE,"nuclear_terms"
"5v0","Down","Cxcl14",TRUE,FALSE,"nuclear_terms"
"5v0","Down","Dab2ip",TRUE,TRUE,"nuclear_terms"
"5v0","Down","Ddx19a",TRUE,FALSE,"nuclear_terms"
"5v0","Down","Dmd",TRUE,TRUE,"nuclear_terms"
"5v0","Down","Drosha",TRUE,FALSE,"nuclear_terms"
"5v0","Down","Dusp1",TRUE,FALSE,"nuclear_terms"
"5v0","Down","Dusp16",TRUE,FALSE,"nuclear_terms"
"5v0","Down","Dyrk2",TRUE,FALSE,"nuclear_terms"
"5v0","Down","Dyrk3",TRUE,FALSE,"nuclear_terms"
"5v0","Down","Eif3e",TRUE,FALSE,"nuclear_terms"
"5v0","Down","Ell2",TRUE,FALSE,"nuclear_terms"
"5v0","Down","Fam53b",TRUE,FALSE,"nuclear_terms"
"5v0","Down","Fam53c",TRUE,FALSE,"nuclear_terms"
"5v0","Down","Far1",TRUE,FALSE,"nuclear_terms"
"5v0","Down","Far2",TRUE,FALSE,"nuclear_terms"
"5v0","Down","Fbh1",TRUE,FALSE,"nuclear_terms"
"5v0","Down","Fbxw7",TRUE,FALSE,"nuclear_terms"
"5v0","Down","Fdxacb1",TRUE,FALSE,"nuclear_terms"
"5v0","Down","Fermt2",TRUE,TRUE,"nuclear_terms"
"5v0","Down","Fosl2",TRUE,TRUE,"nuclear_terms"
"5v0","Down","Gda",TRUE,FALSE,"nuclear_terms"
"5v0","Down","Gtpbp4",TRUE,FALSE,"nuclear_terms"
"5v0","Down","Hat1",TRUE,FALSE,"nuclear_terms"
"5v0","Down","Hipk3",TRUE,FALSE,"nuclear_terms"
"5v0","Down","Hnrnpf",TRUE,FALSE,"nuclear_terms"
"5v0","Down","Hr",TRUE,FALSE,"nuclear_terms"
"5v0","Down","Hrh3",TRUE,TRUE,"nuclear_terms"
"5v0","Down","Ints13",TRUE,FALSE,"nuclear_terms"
"5v0","Down","Ints8",TRUE,FALSE,"nuclear_terms"
"5v0","Down","Irs1",TRUE,TRUE,"nuclear_terms"
"5v0","Down","Ivns1abp",TRUE,FALSE,"nuclear_terms"
"5v0","Down","Jade2",TRUE,TRUE,"nuclear_terms"
"5v0","Down","Jak1",TRUE,TRUE,"nuclear_terms"
"5v0","Down","Jund",TRUE,TRUE,"nuclear_terms"
"5v0","Down","Kcnab2",TRUE,TRUE,"nuclear_terms"
"5v0","Down","Kitl",TRUE,FALSE,"nuclear_terms"
"5v0","Down","Kpna1",TRUE,FALSE,"nuclear_terms"
"5v0","Down","Lats1",TRUE,TRUE,"nuclear_terms"
"5v0","Down","Ldhb",TRUE,FALSE,"nuclear_terms"
"5v0","Down","Lmna",TRUE,FALSE,"nuclear_terms"
"5v0","Down","Luc7l",TRUE,FALSE,"nuclear_terms"
"5v0","Down","Mdm2",TRUE,TRUE,"nuclear_terms"
"5v0","Down","Med14",TRUE,FALSE,"nuclear_terms"
"5v0","Down","Mfn1",TRUE,TRUE,"nuclear_terms"
"5v0","Down","Mlxip",TRUE,FALSE,"nuclear_terms"
"5v0","Down","Mturn",TRUE,FALSE,"nuclear_terms"
"5v0","Down","Mul1",TRUE,TRUE,"nuclear_terms"
"5v0","Down","Myc",TRUE,TRUE,"nuclear_terms"
"5v0","Down","Nadk2",TRUE,FALSE,"nuclear_terms"
"5v0","Down","Nampt",TRUE,FALSE,"nuclear_terms"
"5v0","Down","Nap1l5",TRUE,FALSE,"nuclear_terms"
"5v0","Down","Ndufs1",TRUE,FALSE,"nuclear_terms"
"5v0","Down","Ndufs2",TRUE,FALSE,"nuclear_terms"
"5v0","Down","Nedd9",TRUE,TRUE,"nuclear_terms"
"5v0","Down","Nemf",TRUE,FALSE,"nuclear_terms"
"5v0","Down","Nfatc2",TRUE,TRUE,"nuclear_terms"
"5v0","Down","Nfkb1",TRUE,TRUE,"nuclear_terms"
"5v0","Down","Noct",TRUE,FALSE,"nuclear_terms"
"5v0","Down","Nos1",TRUE,TRUE,"nuclear_terms"
"5v0","Down","Npas2",TRUE,TRUE,"nuclear_terms"
"5v0","Down","Nr1d1",TRUE,TRUE,"nuclear_terms"
"5v0","Down","Nup50",TRUE,FALSE,"nuclear_terms"
"5v0","Down","Pde12",TRUE,FALSE,"nuclear_terms"
"5v0","Down","Pde1a",TRUE,FALSE,"nuclear_terms"
"5v0","Down","Pde2a",TRUE,FALSE,"nuclear_terms"
"5v0","Down","Peli1",TRUE,TRUE,"nuclear_terms"
"5v0","Down","Per2",TRUE,TRUE,"nuclear_terms"
"5v0","Down","Phf8",TRUE,FALSE,"nuclear_terms"
"5v0","Down","Pid1",TRUE,TRUE,"nuclear_terms"
"5v0","Down","Pikfyve",TRUE,FALSE,"nuclear_terms"
"5v0","Down","Plcl2",TRUE,TRUE,"nuclear_terms"
"5v0","Down","Ppat",TRUE,FALSE,"nuclear_terms"
"5v0","Down","Ppm1d",TRUE,FALSE,"nuclear_terms"
"5v0","Down","Ppp1r15a",TRUE,FALSE,"nuclear_terms"
"5v0","Down","Prkcb",TRUE,TRUE,"nuclear_terms"
"5v0","Down","Prmt2",TRUE,TRUE,"nuclear_terms"
"5v0","Down","Prmt9",TRUE,FALSE,"nuclear_terms"
"5v0","Down","Prpf8",TRUE,FALSE,"nuclear_terms"
"5v0","Down","Ptk2",TRUE,TRUE,"nuclear_terms"
"5v0","Down","Ralgapa1",TRUE,FALSE,"nuclear_terms"
"5v0","Down","Ranbp6",TRUE,FALSE,"nuclear_terms"
"5v0","Down","Rara",TRUE,TRUE,"nuclear_terms"
"5v0","Down","Rasgrp1",TRUE,FALSE,"nuclear_terms"
"5v0","Down","Rbm22",TRUE,FALSE,"nuclear_terms"
"5v0","Down","Rbm39",TRUE,FALSE,"nuclear_terms"
"5v0","Down","Rc3h1",TRUE,TRUE,"nuclear_terms"
"5v0","Down","Ripor2",TRUE,FALSE,"nuclear_terms"
"5v0","Down","Rlf",TRUE,FALSE,"nuclear_terms"
"5v0","Down","Rngtt",TRUE,FALSE,"nuclear_terms"
"5v0","Down","Rnmt",TRUE,FALSE,"nuclear_terms"
"5v0","Down","Rora",TRUE,TRUE,"nuclear_terms"
"5v0","Down","Rps19",TRUE,FALSE,"nuclear_terms"
"5v0","Down","Rps6ka6",TRUE,FALSE,"nuclear_terms"
"5v0","Down","Runx1t1",TRUE,FALSE,"nuclear_terms"
"5v0","Down","S100a10",TRUE,FALSE,"nuclear_terms"
"5v0","Down","Satb2",TRUE,TRUE,"nuclear_terms"
"5v0","Down","Sde2",TRUE,FALSE,"nuclear_terms"
"5v0","Down","Skil",TRUE,TRUE,"nuclear_terms"
"5v0","Down","Slc25a25",TRUE,FALSE,"nuclear_terms"
"5v0","Down","Slirp",TRUE,FALSE,"nuclear_terms"
"5v0","Down","Smad1",TRUE,TRUE,"nuclear_terms"
"5v0","Down","Smad7",TRUE,TRUE,"nuclear_terms"
"5v0","Down","Smarca1",TRUE,FALSE,"nuclear_terms"
"5v0","Down","Smg7",TRUE,FALSE,"nuclear_terms"
"5v0","Down","Smurf1",TRUE,TRUE,"nuclear_terms"
"5v0","Down","Snrpb2",TRUE,FALSE,"nuclear_terms"
"5v0","Down","Sos1",TRUE,TRUE,"nuclear_terms"
"5v0","Down","Sox9",TRUE,TRUE,"nuclear_terms"
"5v0","Down","Spop",TRUE,FALSE,"nuclear_terms"
"5v0","Down","Spred1",TRUE,TRUE,"nuclear_terms"
"5v0","Down","Spty2d1",TRUE,FALSE,"nuclear_terms"
"5v0","Down","Srf",TRUE,TRUE,"nuclear_terms"
"5v0","Down","Sub1",TRUE,TRUE,"nuclear_terms"
"5v0","Down","Tnfaip3",TRUE,TRUE,"nuclear_terms"
"5v0","Down","Tox",TRUE,TRUE,"nuclear_terms"
"5v0","Down","Tra2a",TRUE,FALSE,"nuclear_terms"
"5v0","Down","Tra2b",TRUE,FALSE,"nuclear_terms"
"5v0","Down","Trib1",TRUE,FALSE,"nuclear_terms"
"5v0","Down","Trnt1",TRUE,FALSE,"nuclear_terms"
"5v0","Down","Trub2",TRUE,FALSE,"nuclear_terms"
"5v0","Down","Usp4",TRUE,FALSE,"nuclear_terms"
"5v0","Down","Usp47",TRUE,FALSE,"nuclear_terms"
"5v0","Down","Usp49",TRUE,FALSE,"nuclear_terms"
"5v0","Down","Utp15",TRUE,FALSE,"nuclear_terms"
"5v0","Down","Utp6",TRUE,FALSE,"nuclear_terms"
"5v0","Down","Xpo5",TRUE,FALSE,"nuclear_terms"
"5v0","Down","Ybx1",TRUE,FALSE,"nuclear_terms"
"5v0","Down","Yrdc",TRUE,FALSE,"nuclear_terms"
"5v0","Down","Zbtb16",TRUE,FALSE,"nuclear_terms"
"5v0","Down","Zfp462",TRUE,FALSE,"nuclear_terms"
"5v0","Down","Zswim8",TRUE,FALSE,"nuclear_terms"
"5v0","Down","1700086L19Rik",FALSE,FALSE,"other"
"5v0","Down","2900079G21Rik",FALSE,FALSE,"other"
"5v0","Down","5031439G07Rik",FALSE,FALSE,"other"
"5v0","Down","Adnp2",FALSE,FALSE,"other"
"5v0","Down","Aff1",FALSE,FALSE,"other"
"5v0","Down","Aldh7a1",FALSE,FALSE,"other"
"5v0","Down","Alox12b",FALSE,FALSE,"other"
"5v0","Down","Ankrd28",FALSE,FALSE,"other"
"5v0","Down","Ankrd33b",FALSE,FALSE,"other"
"5v0","Down","Apaf1",FALSE,FALSE,"other"
"5v0","Down","Arf2",FALSE,FALSE,"other"
"5v0","Down","Arhgef3",FALSE,FALSE,"other"
"5v0","Down","Arid5a",FALSE,FALSE,"other"
"5v0","Down","Arl13b",FALSE,FALSE,"other"
"5v0","Down","Arl4a",FALSE,FALSE,"other"
"5v0","Down","Arl5a",FALSE,FALSE,"other"
"5v0","Down","Armcx5",FALSE,FALSE,"other"
"5v0","Down","Arxes1",FALSE,FALSE,"other"
"5v0","Down","Asap2",FALSE,FALSE,"other"
"5v0","Down","Atp5mk",FALSE,FALSE,"other"
"5v0","Down","Avl9",FALSE,FALSE,"other"
"5v0","Down","Bcr",FALSE,FALSE,"other"
"5v0","Down","Brwd3",FALSE,FALSE,"other"
"5v0","Down","Btbd10",FALSE,FALSE,"other"
"5v0","Down","Btg3",FALSE,FALSE,"other"
"5v0","Down","C2cd4b",FALSE,FALSE,"other"
"5v0","Down","Camk1g",FALSE,FALSE,"other"
"5v0","Down","Ccdc120",FALSE,FALSE,"other"
"5v0","Down","Ccdc184",FALSE,FALSE,"other"
"5v0","Down","Ccdc85a",FALSE,FALSE,"other"
"5v0","Down","Cdk17",FALSE,FALSE,"other"
"5v0","Down","Cdkl4",FALSE,FALSE,"other"
"5v0","Down","Cfap69",FALSE,FALSE,"other"
"5v0","Down","Cfap97",FALSE,FALSE,"other"
"5v0","Down","Chka",FALSE,FALSE,"other"
"5v0","Down","Ckb",FALSE,FALSE,"other"
"5v0","Down","Cntln",FALSE,FALSE,"other"
"5v0","Down","Col22a1",FALSE,FALSE,"other"
"5v0","Down","Copb2",FALSE,FALSE,"other"
"5v0","Down","Cops2",FALSE,FALSE,"other"
"5v0","Down","Cpeb2",FALSE,FALSE,"other"
"5v0","Down","Crym",FALSE,FALSE,"other"
"5v0","Down","Csrnp1",FALSE,FALSE,"other"
"5v0","Down","Csrnp3",FALSE,FALSE,"other"
"5v0","Down","Ctdsp2",FALSE,FALSE,"other"
"5v0","Down","Ctxnd1",FALSE,FALSE,"other"
"5v0","Down","Cul2",FALSE,FALSE,"other"
"5v0","Down","Cul9",FALSE,FALSE,"other"
"5v0","Down","Dbpht2",FALSE,FALSE,"other"
"5v0","Down","Dcaf6",FALSE,FALSE,"other"
"5v0","Down","Dennd5b",FALSE,FALSE,"other"
"5v0","Down","Depdc5",FALSE,FALSE,"other"
"5v0","Down","Dhx40",FALSE,FALSE,"other"
"5v0","Down","Dnah9",FALSE,FALSE,"other"
"5v0","Down","Dnaja2",FALSE,FALSE,"other"
"5v0","Down","Dnajb4",FALSE,FALSE,"other"
"5v0","Down","Dnajb5",FALSE,FALSE,"other"
"5v0","Down","Dock4",FALSE,FALSE,"other"
"5v0","Down","Dock9",FALSE,FALSE,"other"
"5v0","Down","Dusp10",FALSE,FALSE,"other"
"5v0","Down","Dusp5",FALSE,FALSE,"other"
"5v0","Down","Dusp6",FALSE,FALSE,"other"
"5v0","Down","Dzip1",FALSE,FALSE,"other"
"5v0","Down","Eif3j2",FALSE,FALSE,"other"
"5v0","Down","Eif4a2",FALSE,FALSE,"other"
"5v0","Down","Epm2aip1",FALSE,FALSE,"other"
"5v0","Down","Erf",FALSE,FALSE,"other"
"5v0","Down","Etv1",FALSE,FALSE,"other"
"5v0","Down","Etv3",FALSE,FALSE,"other"
"5v0","Down","Fam118b",FALSE,FALSE,"other"
"5v0","Down","Fam81a",FALSE,FALSE,"other"
"5v0","Down","Fbxo28",FALSE,FALSE,"other"
"5v0","Down","Fbxo33",FALSE,FALSE,"other"
"5v0","Down","Fkbpl",FALSE,FALSE,"other"
"5v0","Down","Frmd6",FALSE,FALSE,"other"
"5v0","Down","Fscn1",FALSE,FALSE,"other"
"5v0","Down","Gabra3",FALSE,FALSE,"other"
"5v0","Down","Gadd45b",FALSE,FALSE,"other"
"5v0","Down","Gfm1",FALSE,FALSE,"other"
"5v0","Down","Gpt2",FALSE,FALSE,"other"
"5v0","Down","Herc3",FALSE,FALSE,"other"
"5v0","Down","Hexim1",FALSE,FALSE,"other"
"5v0","Down","Hivep3",FALSE,FALSE,"other"
"5v0","Down","Hspa12a",FALSE,FALSE,"other"
"5v0","Down","Hunk",FALSE,FALSE,"other"
"5v0","Down","Ifi203",FALSE,FALSE,"other"
"5v0","Down","Ift140",FALSE,FALSE,"other"
"5v0","Down","Ip6k2",FALSE,FALSE,"other"
"5v0","Down","Ipmk",FALSE,FALSE,"other"
"5v0","Down","Ipw",FALSE,FALSE,"other"
"5v0","Down","Iqgap2",FALSE,FALSE,"other"
"5v0","Down","Klf6",FALSE,FALSE,"other"
"5v0","Down","Klhl13",FALSE,FALSE,"other"
"5v0","Down","Ldb2",FALSE,FALSE,"other"
"5v0","Down","Lonrf1",FALSE,FALSE,"other"
"5v0","Down","Lratd1",FALSE,FALSE,"other"
"5v0","Down","Lurap1",FALSE,FALSE,"other"
"5v0","Down","Lxn",FALSE,FALSE,"other"
"5v0","Down","Lztfl1",FALSE,FALSE,"other"
"5v0","Down","Lztr1",FALSE,FALSE,"other"
"5v0","Down","Mafk",FALSE,FALSE,"other"
"5v0","Down","Mapk1ip1l",FALSE,FALSE,"other"
"5v0","Down","Mapre1",FALSE,FALSE,"other"
"5v0","Down","Mast4",FALSE,FALSE,"other"
"5v0","Down","Mex3b",FALSE,FALSE,"other"
"5v0","Down","Micos10",FALSE,FALSE,"other"
"5v0","Down","Midn",FALSE,FALSE,"other"
"5v0","Down","Mir22hg",FALSE,FALSE,"other"
"5v0","Down","Mpped1",FALSE,FALSE,"other"
"5v0","Down","Msantd1",FALSE,FALSE,"other"
"5v0","Down","Msantd7",FALSE,FALSE,"other"
"5v0","Down","Mt2",FALSE,FALSE,"other"
"5v0","Down","Mtf1",FALSE,FALSE,"other"
"5v0","Down","Mtmr1",FALSE,FALSE,"other"
"5v0","Down","Myo16",FALSE,FALSE,"other"
"5v0","Down","Ndst3",FALSE,FALSE,"other"
"5v0","Down","Necab1",FALSE,FALSE,"other"
"5v0","Down","Necap2",FALSE,FALSE,"other"
"5v0","Down","Net1",FALSE,FALSE,"other"
"5v0","Down","Nfil3",FALSE,FALSE,"other"
"5v0","Down","Nkiras1",FALSE,FALSE,"other"
"5v0","Down","Nmt2",FALSE,FALSE,"other"
"5v0","Down","Nnat",FALSE,FALSE,"other"
"5v0","Down","Npepps",FALSE,FALSE,"other"
"5v0","Down","Npr3",FALSE,FALSE,"other"
"5v0","Down","Nr6a1",FALSE,FALSE,"other"
"5v0","Down","Nsmce3",FALSE,FALSE,"other"
"5v0","Down","Nuak1",FALSE,FALSE,"other"
"5v0","Down","Odc1",FALSE,FALSE,"other"
"5v0","Down","Opa3",FALSE,FALSE,"other"
"5v0","Down","Osbpl6",FALSE,FALSE,"other"
"5v0","Down","Osgin2",FALSE,FALSE,"other"
"5v0","Down","Oxct1",FALSE,FALSE,"other"
"5v0","Down","Pak4",FALSE,FALSE,"other"
"5v0","Down","Palmd",FALSE,FALSE,"other"
"5v0","Down","Pcdhgb1",FALSE,FALSE,"other"
"5v0","Down","Pcsk1",FALSE,FALSE,"other"
"5v0","Down","Pde11a",FALSE,FALSE,"other"
"5v0","Down","Pgm2l1",FALSE,FALSE,"other"
"5v0","Down","Phf13",FALSE,FALSE,"other"
"5v0","Down","Phf3",FALSE,FALSE,"other"
"5v0","Down","Phf6",FALSE,FALSE,"other"
"5v0","Down","Phlda1",FALSE,FALSE,"other"
"5v0","Down","Phospho2",FALSE,FALSE,"other"
"5v0","Down","Pi4ka",FALSE,FALSE,"other"
"5v0","Down","Piga",FALSE,FALSE,"other"
"5v0","Down","Pik3c2b",FALSE,FALSE,"other"
"5v0","Down","Pip5k1a",FALSE,FALSE,"other"
"5v0","Down","Pkn2",FALSE,FALSE,"other"
"5v0","Down","Ppig",FALSE,FALSE,"other"
"5v0","Down","Ppp1r3c",FALSE,FALSE,"other"
"5v0","Down","Ppp2r2a",FALSE,FALSE,"other"
"5v0","Down","Ppp4r4",FALSE,FALSE,"other"
"5v0","Down","Prkx",FALSE,FALSE,"other"
"5v0","Down","Ptp4a1",FALSE,FALSE,"other"
"5v0","Down","Pwwp4a",FALSE,FALSE,"other"
"5v0","Down","Pwwp4b",FALSE,FALSE,"other"
"5v0","Down","R3hcc1l",FALSE,FALSE,"other"
"5v0","Down","Rab27b",FALSE,FALSE,"other"
"5v0","Down","Rab3c",FALSE,FALSE,"other"
"5v0","Down","Rab3gap2",FALSE,FALSE,"other"
"5v0","Down","Rab6a",FALSE,FALSE,"other"
"5v0","Down","Rel",FALSE,FALSE,"other"
"5v0","Down","Rfx2",FALSE,FALSE,"other"
"5v0","Down","Rgp1",FALSE,FALSE,"other"
"5v0","Down","Rnf123",FALSE,FALSE,"other"
"5v0","Down","Rnf19a",FALSE,FALSE,"other"
"5v0","Down","Rnf217",FALSE,FALSE,"other"
"5v0","Down","Rnft1",FALSE,FALSE,"other"
"5v0","Down","Rpgr",FALSE,FALSE,"other"
"5v0","Down","Rpl31",FALSE,FALSE,"other"
"5v0","Down","Rpl39",FALSE,FALSE,"other"
"5v0","Down","Rundc1",FALSE,FALSE,"other"
"5v0","Down","Rwdd4a",FALSE,FALSE,"other"
"5v0","Down","Sbk1",FALSE,FALSE,"other"
"5v0","Down","Sec24a",FALSE,FALSE,"other"
"5v0","Down","Septin6",FALSE,FALSE,"other"
"5v0","Down","Sertad1",FALSE,FALSE,"other"
"5v0","Down","Sertm1",FALSE,FALSE,"other"
"5v0","Down","Sesn1",FALSE,FALSE,"other"
"5v0","Down","Setbp1",FALSE,FALSE,"other"
"5v0","Down","Sh3bp4",FALSE,FALSE,"other"
"5v0","Down","Siah2",FALSE,FALSE,"other"
"5v0","Down","Slc25a3",FALSE,FALSE,"other"
"5v0","Down","Smpd4",FALSE,FALSE,"other"
"5v0","Down","Snrk",FALSE,FALSE,"other"
"5v0","Down","Sowaha",FALSE,FALSE,"other"
"5v0","Down","Spata2l",FALSE,FALSE,"other"
"5v0","Down","Spry4",FALSE,FALSE,"other"
"5v0","Down","Srgap1",FALSE,FALSE,"other"
"5v0","Down","Stk35",FALSE,FALSE,"other"
"5v0","Down","Stk40",FALSE,FALSE,"other"
"5v0","Down","Stmn4",FALSE,FALSE,"other"
"5v0","Down","Strip2",FALSE,FALSE,"other"
"5v0","Down","Thop1",FALSE,FALSE,"other"
"5v0","Down","Tiparp",FALSE,FALSE,"other"
"5v0","Down","Tle3",FALSE,FALSE,"other"
"5v0","Down","Top3b",FALSE,FALSE,"other"
"5v0","Down","Tppp3",FALSE,FALSE,"other"
"5v0","Down","Trp53inp2",FALSE,FALSE,"other"
"5v0","Down","Tsc22d2",FALSE,FALSE,"other"
"5v0","Down","Ttc27",FALSE,FALSE,"other"
"5v0","Down","Ttc39b",FALSE,FALSE,"other"
"5v0","Down","Ttc9",FALSE,FALSE,"other"
"5v0","Down","Ube2g2",FALSE,FALSE,"other"
"5v0","Down","Ube2j2",FALSE,FALSE,"other"
"5v0","Down","Usp13",FALSE,FALSE,"other"
"5v0","Down","Usp27x",FALSE,FALSE,"other"
"5v0","Down","Usp38",FALSE,FALSE,"other"
"5v0","Down","Vps50",FALSE,FALSE,"other"
"5v0","Down","Vps51",FALSE,FALSE,"other"
"5v0","Down","Vps53",FALSE,FALSE,"other"
"5v0","Down","Vstm2b",FALSE,FALSE,"other"
"5v0","Down","Vxn",FALSE,FALSE,"other"
"5v0","Down","Wdfy3",FALSE,FALSE,"other"
"5v0","Down","Wdr17",FALSE,FALSE,"other"
"5v0","Down","Wsb1",FALSE,FALSE,"other"
"5v0","Down","Zbtb21",FALSE,FALSE,"other"
"5v0","Down","Zbtb33",FALSE,FALSE,"other"
"5v0","Down","Zc3h12c",FALSE,FALSE,"other"
"5v0","Down","Zfand2a",FALSE,FALSE,"other"
"5v0","Down","Zfand5",FALSE,FALSE,"other"
"5v0","Down","Zfhx4",FALSE,FALSE,"other"
"5v0","Down","Zfp24",FALSE,FALSE,"other"
"5v0","Down","Zfp275",FALSE,FALSE,"other"
"5v0","Down","Zfp516",FALSE,FALSE,"other"
"5v0","Down","Zfp532",FALSE,FALSE,"other"
"5v0","Down","Zfp608",FALSE,FALSE,"other"
"5v0","Down","Zfp655",FALSE,FALSE,"other"
"5v0","Down","Zfp68",FALSE,FALSE,"other"
"5v0","Down","Zfp868",FALSE,FALSE,"other"
"5v0","Down","Zfp87",FALSE,FALSE,"other"
"5v0","Down","Zfp950",FALSE,FALSE,"other"
"5v0","Down","Zup1",FALSE,FALSE,"other"
"5v0","Down","Zyg11b",FALSE,FALSE,"other"
"5v0","Down","Actr2",FALSE,TRUE,"synaptic_terms"
"5v0","Down","Anapc2",FALSE,TRUE,"synaptic_terms"
"5v0","Down","Ankrd13a",FALSE,TRUE,"synaptic_terms"
"5v0","Down","Arhgap33",FALSE,TRUE,"synaptic_terms"
"5v0","Down","Arhgap39",FALSE,TRUE,"synaptic_terms"
"5v0","Down","Bex3",FALSE,TRUE,"synaptic_terms"
"5v0","Down","Bloc1s4",FALSE,TRUE,"synaptic_terms"
"5v0","Down","Cadps2",FALSE,TRUE,"synaptic_terms"
"5v0","Down","Cep85l",FALSE,TRUE,"synaptic_terms"
"5v0","Down","Cfap20",FALSE,TRUE,"synaptic_terms"
"5v0","Down","Cpne2",FALSE,TRUE,"synaptic_terms"
"5v0","Down","Cpne7",FALSE,TRUE,"synaptic_terms"
"5v0","Down","Cpne8",FALSE,TRUE,"synaptic_terms"
"5v0","Down","Csnk1a1",FALSE,TRUE,"synaptic_terms"
"5v0","Down","Ctnnd1",FALSE,TRUE,"synaptic_terms"
"5v0","Down","Cttnbp2",FALSE,TRUE,"synaptic_terms"
"5v0","Down","Cyfip2",FALSE,TRUE,"synaptic_terms"
"5v0","Down","Dapk1",FALSE,TRUE,"synaptic_terms"
"5v0","Down","Dcdc2a",FALSE,TRUE,"synaptic_terms"
"5v0","Down","Dnaja1",FALSE,TRUE,"synaptic_terms"
"5v0","Down","Dpp10",FALSE,TRUE,"synaptic_terms"
"5v0","Down","Dpysl3",FALSE,TRUE,"synaptic_terms"
"5v0","Down","Efnb2",FALSE,TRUE,"synaptic_terms"
"5v0","Down","Etv5",FALSE,TRUE,"synaptic_terms"
"5v0","Down","Fam120b",FALSE,TRUE,"synaptic_terms"
"5v0","Down","Farp1",FALSE,TRUE,"synaptic_terms"
"5v0","Down","Fezf2",FALSE,TRUE,"synaptic_terms"
"5v0","Down","Fgf11",FALSE,TRUE,"synaptic_terms"
"5v0","Down","Filip1",FALSE,TRUE,"synaptic_terms"
"5v0","Down","Fxyd6",FALSE,TRUE,"synaptic_terms"
"5v0","Down","Gap43",FALSE,TRUE,"synaptic_terms"
"5v0","Down","Grp",FALSE,TRUE,"synaptic_terms"
"5v0","Down","Hk1",FALSE,TRUE,"synaptic_terms"
"5v0","Down","Homer1",FALSE,TRUE,"synaptic_terms"
"5v0","Down","Ide",FALSE,TRUE,"synaptic_terms"
"5v0","Down","Kdm3a",FALSE,TRUE,"synaptic_terms"
"5v0","Down","Mkln1",FALSE,TRUE,"synaptic_terms"
"5v0","Down","Ngef",FALSE,TRUE,"synaptic_terms"
"5v0","Down","Nos1ap",FALSE,TRUE,"synaptic_terms"
"5v0","Down","Nptx2",FALSE,TRUE,"synaptic_terms"
"5v0","Down","Nr4a1",FALSE,TRUE,"synaptic_terms"
"5v0","Down","Nr4a2",FALSE,TRUE,"synaptic_terms"
"5v0","Down","Nr4a3",FALSE,TRUE,"synaptic_terms"
"5v0","Down","Pde4b",FALSE,TRUE,"synaptic_terms"
"5v0","Down","Phf21a",FALSE,TRUE,"synaptic_terms"
"5v0","Down","Pld2",FALSE,TRUE,"synaptic_terms"
"5v0","Down","Plk2",FALSE,TRUE,"synaptic_terms"
"5v0","Down","Ptchd1",FALSE,TRUE,"synaptic_terms"
"5v0","Down","Ptpn1",FALSE,TRUE,"synaptic_terms"
"5v0","Down","Ptpn12",FALSE,TRUE,"synaptic_terms"
"5v0","Down","Rab8a",FALSE,TRUE,"synaptic_terms"
"5v0","Down","Rap1gap",FALSE,TRUE,"synaptic_terms"
"5v0","Down","Rap2a",FALSE,TRUE,"synaptic_terms"
"5v0","Down","Rasl11b",FALSE,TRUE,"synaptic_terms"
"5v0","Down","Rgs4",FALSE,TRUE,"synaptic_terms"
"5v0","Down","Rpl34",FALSE,TRUE,"synaptic_terms"
"5v0","Down","Rpl36",FALSE,TRUE,"synaptic_terms"
"5v0","Down","Rpl9",FALSE,TRUE,"synaptic_terms"
"5v0","Down","Rps27a",FALSE,TRUE,"synaptic_terms"
"5v0","Down","Sgk1",FALSE,TRUE,"synaptic_terms"
"5v0","Down","Sh3glb1",FALSE,TRUE,"synaptic_terms"
"5v0","Down","Stk38l",FALSE,TRUE,"synaptic_terms"
"5v0","Down","Synj1",FALSE,TRUE,"synaptic_terms"
"5v0","Down","Syt4",FALSE,TRUE,"synaptic_terms"
"5v0","Down","Tesc",FALSE,TRUE,"synaptic_terms"
"5v0","Down","Tiam2",FALSE,TRUE,"synaptic_terms"
"5v0","Down","Timp2",FALSE,TRUE,"synaptic_terms"
"5v0","Down","Trerf1",FALSE,TRUE,"synaptic_terms"
"5v0","Down","Unc79",FALSE,TRUE,"synaptic_terms"
"5v0","Down","Vcl",FALSE,TRUE,"synaptic_terms"
"5v0","Down","Zfp365",FALSE,TRUE,"synaptic_terms"
"5v0","Down","Zswim6",FALSE,TRUE,"synaptic_terms"
"5v0","Up","Amfr",TRUE,FALSE,"nuclear_terms"
"5v0","Up","Calr",TRUE,FALSE,"nuclear_terms"
"5v0","Up","Cd200",TRUE,FALSE,"nuclear_terms"
"5v0","Up","Clmn",TRUE,FALSE,"nuclear_terms"
"5v0","Up","Csf1",TRUE,FALSE,"nuclear_terms"
"5v0","Up","Golm1",TRUE,FALSE,"nuclear_terms"
"5v0","Up","Insig1",TRUE,FALSE,"nuclear_terms"
"5v0","Up","Ndc1",TRUE,FALSE,"nuclear_terms"
"5v0","Up","Srebf2",TRUE,FALSE,"nuclear_terms"
"5v0","Up","Sun2",TRUE,FALSE,"nuclear_terms"
"5v0","Up","Tlk2",TRUE,FALSE,"nuclear_terms"
"5v0","Up","Tmed2",TRUE,FALSE,"nuclear_terms"
"5v0","Up","Tmem43",TRUE,FALSE,"nuclear_terms"
"5v0","Up","1700017B05Rik",FALSE,FALSE,"other"
"5v0","Up","2510039O18Rik",FALSE,FALSE,"other"
"5v0","Up","AI593442",FALSE,FALSE,"other"
"5v0","Up","Abcb10",FALSE,FALSE,"other"
"5v0","Up","Abcb6",FALSE,FALSE,"other"
"5v0","Up","Abhd16a",FALSE,FALSE,"other"
"5v0","Up","Acp2",FALSE,FALSE,"other"
"5v0","Up","Adam23",FALSE,FALSE,"other"
"5v0","Up","Adamts3",FALSE,FALSE,"other"
"5v0","Up","Adck2",FALSE,FALSE,"other"
"5v0","Up","Agpat1",FALSE,FALSE,"other"
"5v0","Up","Ahcyl2",FALSE,FALSE,"other"
"5v0","Up","Alg9",FALSE,FALSE,"other"
"5v0","Up","Amer3",FALSE,FALSE,"other"
"5v0","Up","Apcdd1",FALSE,FALSE,"other"
"5v0","Up","Aqp11",FALSE,FALSE,"other"
"5v0","Up","Arhgef26",FALSE,FALSE,"other"
"5v0","Up","Arl4d",FALSE,FALSE,"other"
"5v0","Up","Armh4",FALSE,FALSE,"other"
"5v0","Up","Asns",FALSE,FALSE,"other"
"5v0","Up","Atg9a",FALSE,FALSE,"other"
"5v0","Up","Atrnl1",FALSE,FALSE,"other"
"5v0","Up","B3galnt1",FALSE,FALSE,"other"
"5v0","Up","B3galt5",FALSE,FALSE,"other"
"5v0","Up","B3gat2",FALSE,FALSE,"other"
"5v0","Up","BC004004",FALSE,FALSE,"other"
"5v0","Up","Bpnt2",FALSE,FALSE,"other"
"5v0","Up","Bri3bp",FALSE,FALSE,"other"
"5v0","Up","Bscl2",FALSE,FALSE,"other"
"5v0","Up","C1qtnf4",FALSE,FALSE,"other"
"5v0","Up","C2cd4c",FALSE,FALSE,"other"
"5v0","Up","Cadm2",FALSE,FALSE,"other"
"5v0","Up","Cadm3",FALSE,FALSE,"other"
"5v0","Up","Car12",FALSE,FALSE,"other"
"5v0","Up","Carmil1",FALSE,FALSE,"other"
"5v0","Up","Cars1",FALSE,FALSE,"other"
"5v0","Up","Ccbe1",FALSE,FALSE,"other"
"5v0","Up","Cdc42ep4",FALSE,FALSE,"other"
"5v0","Up","Cdipt",FALSE,FALSE,"other"
"5v0","Up","Cds2",FALSE,FALSE,"other"
"5v0","Up","Cers6",FALSE,FALSE,"other"
"5v0","Up","Chac1",FALSE,FALSE,"other"
"5v0","Up","Chpf2",FALSE,FALSE,"other"
"5v0","Up","Chst1",FALSE,FALSE,"other"
"5v0","Up","Chst12",FALSE,FALSE,"other"
"5v0","Up","Chst15",FALSE,FALSE,"other"
"5v0","Up","Ckap4",FALSE,FALSE,"other"
"5v0","Up","Clcn4",FALSE,FALSE,"other"
"5v0","Up","Clcn6",FALSE,FALSE,"other"
"5v0","Up","Clcn7",FALSE,FALSE,"other"
"5v0","Up","Clptm1l",FALSE,FALSE,"other"
"5v0","Up","Cntnap5b",FALSE,FALSE,"other"
"5v0","Up","Cntnap5c",FALSE,FALSE,"other"
"5v0","Up","Col11a2",FALSE,FALSE,"other"
"5v0","Up","Cpd",FALSE,FALSE,"other"
"5v0","Up","Creld1",FALSE,FALSE,"other"
"5v0","Up","Csmd2",FALSE,FALSE,"other"
"5v0","Up","Ctsa",FALSE,FALSE,"other"
"5v0","Up","Ctsf",FALSE,FALSE,"other"
"5v0","Up","Cxxc5",FALSE,FALSE,"other"
"5v0","Up","Cyb561d1",FALSE,FALSE,"other"
"5v0","Up","Cyb5r1",FALSE,FALSE,"other"
"5v0","Up","Dchs1",FALSE,FALSE,"other"
"5v0","Up","Ddost",FALSE,FALSE,"other"
"5v0","Up","Derl1",FALSE,FALSE,"other"
"5v0","Up","Dhcr24",FALSE,FALSE,"other"
"5v0","Up","Dhcr7",FALSE,FALSE,"other"
"5v0","Up","Disp2",FALSE,FALSE,"other"
"5v0","Up","Disp3",FALSE,FALSE,"other"
"5v0","Up","Dnajb14",FALSE,FALSE,"other"
"5v0","Up","Dnajc10",FALSE,FALSE,"other"
"5v0","Up","Dolpp1",FALSE,FALSE,"other"
"5v0","Up","Dram2",FALSE,FALSE,"other"
"5v0","Up","Edil3",FALSE,FALSE,"other"
"5v0","Up","Elapor1",FALSE,FALSE,"other"
"5v0","Up","Elovl4",FALSE,FALSE,"other"
"5v0","Up","Emc1",FALSE,FALSE,"other"
"5v0","Up","Emc7",FALSE,FALSE,"other"
"5v0","Up","Enpp5",FALSE,FALSE,"other"
"5v0","Up","Epdr1",FALSE,FALSE,"other"
"5v0","Up","Erg28",FALSE,FALSE,"other"
"5v0","Up","Ermp1",FALSE,FALSE,"other"
"5v0","Up","Exph5",FALSE,FALSE,"other"
"5v0","Up","Ext2",FALSE,FALSE,"other"
"5v0","Up","Extl2",FALSE,FALSE,"other"
"5v0","Up","Fam20c",FALSE,FALSE,"other"
"5v0","Up","Fam234b",FALSE,FALSE,"other"
"5v0","Up","Fbxo32",FALSE,FALSE,"other"
"5v0","Up","Fdft1",FALSE,FALSE,"other"
"5v0","Up","Fndc10",FALSE,FALSE,"other"
"5v0","Up","Foxred2",FALSE,FALSE,"other"
"5v0","Up","Frzb",FALSE,FALSE,"other"
"5v0","Up","Fzd8",FALSE,FALSE,"other"
"5v0","Up","G6pc3",FALSE,FALSE,"other"
"5v0","Up","Galnt14",FALSE,FALSE,"other"
"5v0","Up","Galnt16",FALSE,FALSE,"other"
"5v0","Up","Galnt17",FALSE,FALSE,"other"
"5v0","Up","Ganab",FALSE,FALSE,"other"
"5v0","Up","Gdf1",FALSE,FALSE,"other"
"5v0","Up","Gdf10",FALSE,FALSE,"other"
"5v0","Up","Gfra2",FALSE,FALSE,"other"
"5v0","Up","Ggt7",FALSE,FALSE,"other"
"5v0","Up","Glce",FALSE,FALSE,"other"
"5v0","Up","Glmp",FALSE,FALSE,"other"
"5v0","Up","Gm10778",FALSE,FALSE,"other"
"5v0","Up","Gnptg",FALSE,FALSE,"other"
"5v0","Up","Gns",FALSE,FALSE,"other"
"5v0","Up","Gpaa1",FALSE,FALSE,"other"
"5v0","Up","Gpnmb",FALSE,FALSE,"other"
"5v0","Up","Gpr162",FALSE,FALSE,"other"
"5v0","Up","Gpr68",FALSE,FALSE,"other"
"5v0","Up","Gpr85",FALSE,FALSE,"other"
"5v0","Up","Gsr",FALSE,FALSE,"other"
"5v0","Up","H2ac20",FALSE,FALSE,"other"
"5v0","Up","H3c10",FALSE,FALSE,"other"
"5v0","Up","H3c6",FALSE,FALSE,"other"
"5v0","Up","H4c14",FALSE,FALSE,"other"
"5v0","Up","Hacd3",FALSE,FALSE,"other"
"5v0","Up","Hgsnat",FALSE,FALSE,"other"
"5v0","Up","Igf2r",FALSE,FALSE,"other"
"5v0","Up","Igfbp5",FALSE,FALSE,"other"
"5v0","Up","Iglon5",FALSE,FALSE,"other"
"5v0","Up","Igsf8",FALSE,FALSE,"other"
"5v0","Up","Islr",FALSE,FALSE,"other"
"5v0","Up","Itfg1",FALSE,FALSE,"other"
"5v0","Up","Itga7",FALSE,FALSE,"other"
"5v0","Up","Jkamp",FALSE,FALSE,"other"
"5v0","Up","Kdelr2",FALSE,FALSE,"other"
"5v0","Up","Kdsr",FALSE,FALSE,"other"
"5v0","Up","Kirrel2",FALSE,FALSE,"other"
"5v0","Up","Krtcap2",FALSE,FALSE,"other"
"5v0","Up","Lamp1",FALSE,FALSE,"other"
"5v0","Up","Laptm4a",FALSE,FALSE,"other"
"5v0","Up","Laptm4b",FALSE,FALSE,"other"
"5v0","Up","Leprotl1",FALSE,FALSE,"other"
"5v0","Up","Lgi3",FALSE,FALSE,"other"
"5v0","Up","Lhfpl2",FALSE,FALSE,"other"
"5v0","Up","Lingo3",FALSE,FALSE,"other"
"5v0","Up","Lmln",FALSE,FALSE,"other"
"5v0","Up","Loxl1",FALSE,FALSE,"other"
"5v0","Up","Lpcat3",FALSE,FALSE,"other"
"5v0","Up","Lpl",FALSE,FALSE,"other"
"5v0","Up","Lrp10",FALSE,FALSE,"other"
"5v0","Up","Lrrn2",FALSE,FALSE,"other"
"5v0","Up","M6pr",FALSE,FALSE,"other"
"5v0","Up","Magi1",FALSE,FALSE,"other"
"5v0","Up","Maneal",FALSE,FALSE,"other"
"5v0","Up","Mansc1",FALSE,FALSE,"other"
"5v0","Up","Marchf6",FALSE,FALSE,"other"
"5v0","Up","Mas1",FALSE,FALSE,"other"
"5v0","Up","Mboat7",FALSE,FALSE,"other"
"5v0","Up","Mfsd10",FALSE,FALSE,"other"
"5v0","Up","Mfsd11",FALSE,FALSE,"other"
"5v0","Up","Mfsd4a",FALSE,FALSE,"other"
"5v0","Up","Mfsd5",FALSE,FALSE,"other"
"5v0","Up","Mfsd6",FALSE,FALSE,"other"
"5v0","Up","Mfsd8",FALSE,FALSE,"other"
"5v0","Up","Mgat1",FALSE,FALSE,"other"
"5v0","Up","Mgat4c",FALSE,FALSE,"other"
"5v0","Up","Mgat5b",FALSE,FALSE,"other"
"5v0","Up","Mlec",FALSE,FALSE,"other"
"5v0","Up","Mogs",FALSE,FALSE,"other"
"5v0","Up","Mrm1",FALSE,FALSE,"other"
"5v0","Up","Mthfd2",FALSE,FALSE,"other"
"5v0","Up","Nectin3",FALSE,FALSE,"other"
"5v0","Up","Nectin4",FALSE,FALSE,"other"
"5v0","Up","Nell1",FALSE,FALSE,"other"
"5v0","Up","Nipa1",FALSE,FALSE,"other"
"5v0","Up","Nipal3",FALSE,FALSE,"other"
"5v0","Up","Nkain3",FALSE,FALSE,"other"
"5v0","Up","Nomo1",FALSE,FALSE,"other"
"5v0","Up","Npdc1",FALSE,FALSE,"other"
"5v0","Up","Nrip3",FALSE,FALSE,"other"
"5v0","Up","Nxpe3",FALSE,FALSE,"other"
"5v0","Up","Ogn",FALSE,FALSE,"other"
"5v0","Up","Opcml",FALSE,FALSE,"other"
"5v0","Up","Os9",FALSE,FALSE,"other"
"5v0","Up","Ostm1",FALSE,FALSE,"other"
"5v0","Up","Pabpc4",FALSE,FALSE,"other"
"5v0","Up","Paqr4",FALSE,FALSE,"other"
"5v0","Up","Paqr7",FALSE,FALSE,"other"
"5v0","Up","Paqr9",FALSE,FALSE,"other"
"5v0","Up","Parvg",FALSE,FALSE,"other"
"5v0","Up","Patz1",FALSE,FALSE,"other"
"5v0","Up","Pcdh10",FALSE,FALSE,"other"
"5v0","Up","Pcdh20",FALSE,FALSE,"other"
"5v0","Up","Pcdhb17",FALSE,FALSE,"other"
"5v0","Up","Pcdhb18",FALSE,FALSE,"other"
"5v0","Up","Pcdhb3",FALSE,FALSE,"other"
"5v0","Up","Pcdhb7",FALSE,FALSE,"other"
"5v0","Up","Pcdhga1",FALSE,FALSE,"other"
"5v0","Up","Pcdhga3",FALSE,FALSE,"other"
"5v0","Up","Pcdhgb2",FALSE,FALSE,"other"
"5v0","Up","Pdia4",FALSE,FALSE,"other"
"5v0","Up","Pgap3",FALSE,FALSE,"other"
"5v0","Up","Pgrmc2",FALSE,FALSE,"other"
"5v0","Up","Phgdh",FALSE,FALSE,"other"
"5v0","Up","Pigg",FALSE,FALSE,"other"
"5v0","Up","Pigh",FALSE,FALSE,"other"
"5v0","Up","Pigu",FALSE,FALSE,"other"
"5v0","Up","Plbd2",FALSE,FALSE,"other"
"5v0","Up","Plcxd2",FALSE,FALSE,"other"
"5v0","Up","Pld3",FALSE,FALSE,"other"
"5v0","Up","Plppr1",FALSE,FALSE,"other"
"5v0","Up","Plppr2",FALSE,FALSE,"other"
"5v0","Up","Podxl",FALSE,FALSE,"other"
"5v0","Up","Ppib",FALSE,FALSE,"other"
"5v0","Up","Prox1os",FALSE,FALSE,"other"
"5v0","Up","Prrc1",FALSE,FALSE,"other"
"5v0","Up","Prrt3",FALSE,FALSE,"other"
"5v0","Up","Prune2",FALSE,FALSE,"other"
"5v0","Up","Psat1",FALSE,FALSE,"other"
"5v0","Up","Psph",FALSE,FALSE,"other"
"5v0","Up","Pura",FALSE,FALSE,"other"
"5v0","Up","Qsox2",FALSE,FALSE,"other"
"5v0","Up","Rabac1",FALSE,FALSE,"other"
"5v0","Up","Recql",FALSE,FALSE,"other"
"5v0","Up","Reep2",FALSE,FALSE,"other"
"5v0","Up","Reep5",FALSE,FALSE,"other"
"5v0","Up","Relt",FALSE,FALSE,"other"
"5v0","Up","Retreg2",FALSE,FALSE,"other"
"5v0","Up","Rfx3",FALSE,FALSE,"other"
"5v0","Up","Rhbdd1",FALSE,FALSE,"other"
"5v0","Up","Rhbdd3",FALSE,FALSE,"other"
"5v0","Up","Rnf128",FALSE,FALSE,"other"
"5v0","Up","Rnf145",FALSE,FALSE,"other"
"5v0","Up","Rnf26",FALSE,FALSE,"other"
"5v0","Up","Rnft2",FALSE,FALSE,"other"
"5v0","Up","Rpn1",FALSE,FALSE,"other"
"5v0","Up","Rpn2",FALSE,FALSE,"other"
"5v0","Up","Rtn3",FALSE,FALSE,"other"
"5v0","Up","Scamp1",FALSE,FALSE,"other"
"5v0","Up","Scamp3",FALSE,FALSE,"other"
"5v0","Up","Scd2",FALSE,FALSE,"other"
"5v0","Up","Scpep1",FALSE,FALSE,"other"
"5v0","Up","Scube1",FALSE,FALSE,"other"
"5v0","Up","Sel1l",FALSE,FALSE,"other"
"5v0","Up","Selenoi",FALSE,FALSE,"other"
"5v0","Up","Serinc1",FALSE,FALSE,"other"
"5v0","Up","Serinc3",FALSE,FALSE,"other"
"5v0","Up","Serpina3n",FALSE,FALSE,"other"
"5v0","Up","Sgpp1",FALSE,FALSE,"other"
"5v0","Up","Shisal1",FALSE,FALSE,"other"
"5v0","Up","Shmt2",FALSE,FALSE,"other"
"5v0","Up","Sidt1",FALSE,FALSE,"other"
"5v0","Up","Slc16a13",FALSE,FALSE,"other"
"5v0","Up","Slc16a14",FALSE,FALSE,"other"
"5v0","Up","Slc22a17",FALSE,FALSE,"other"
"5v0","Up","Slc2a13",FALSE,FALSE,"other"
"5v0","Up","Slc2a6",FALSE,FALSE,"other"
"5v0","Up","Slc35f2",FALSE,FALSE,"other"
"5v0","Up","Slc44a5",FALSE,FALSE,"other"
"5v0","Up","Slc48a1",FALSE,FALSE,"other"
"5v0","Up","Slc49a4",FALSE,FALSE,"other"
"5v0","Up","Slc7a14",FALSE,FALSE,"other"
"5v0","Up","Slc7a4",FALSE,FALSE,"other"
"5v0","Up","Slco2a1",FALSE,FALSE,"other"
"5v0","Up","Slco3a1",FALSE,FALSE,"other"
"5v0","Up","Smoc2",FALSE,FALSE,"other"
"5v0","Up","Spcs2",FALSE,FALSE,"other"
"5v0","Up","Spns1",FALSE,FALSE,"other"
"5v0","Up","Spock2",FALSE,FALSE,"other"
"5v0","Up","Spock3",FALSE,FALSE,"other"
"5v0","Up","Sprn",FALSE,FALSE,"other"
"5v0","Up","Sqle",FALSE,FALSE,"other"
"5v0","Up","Srprb",FALSE,FALSE,"other"
"5v0","Up","Ssr1",FALSE,FALSE,"other"
"5v0","Up","Ssr2",FALSE,FALSE,"other"
"5v0","Up","Ssr3",FALSE,FALSE,"other"
"5v0","Up","St6gal2",FALSE,FALSE,"other"
"5v0","Up","Stard4",FALSE,FALSE,"other"
"5v0","Up","Stard5",FALSE,FALSE,"other"
"5v0","Up","Stt3a",FALSE,FALSE,"other"
"5v0","Up","Surf4",FALSE,FALSE,"other"
"5v0","Up","Synpr",FALSE,FALSE,"other"
"5v0","Up","Syvn1",FALSE,FALSE,"other"
"5v0","Up","Tecr",FALSE,FALSE,"other"
"5v0","Up","Tgfa",FALSE,FALSE,"other"
"5v0","Up","Tgoln1",FALSE,FALSE,"other"
"5v0","Up","Them6",FALSE,FALSE,"other"
"5v0","Up","Thsd7a",FALSE,FALSE,"other"
"5v0","Up","Tigar",FALSE,FALSE,"other"
"5v0","Up","Tlcd4",FALSE,FALSE,"other"
"5v0","Up","Tm9sf2",FALSE,FALSE,"other"
"5v0","Up","Tm9sf3",FALSE,FALSE,"other"
"5v0","Up","Tmed7",FALSE,FALSE,"other"
"5v0","Up","Tmed9",FALSE,FALSE,"other"
"5v0","Up","Tmeff2",FALSE,FALSE,"other"
"5v0","Up","Tmem131",FALSE,FALSE,"other"
"5v0","Up","Tmem132a",FALSE,FALSE,"other"
"5v0","Up","Tmem132b",FALSE,FALSE,"other"
"5v0","Up","Tmem145",FALSE,FALSE,"other"
"5v0","Up","Tmem147",FALSE,FALSE,"other"
"5v0","Up","Tmem161a",FALSE,FALSE,"other"
"5v0","Up","Tmem179",FALSE,FALSE,"other"
"5v0","Up","Tmem184b",FALSE,FALSE,"other"
"5v0","Up","Tmem19",FALSE,FALSE,"other"
"5v0","Up","Tmem245",FALSE,FALSE,"other"
"5v0","Up","Tmem259",FALSE,FALSE,"other"
"5v0","Up","Tmem50a",FALSE,FALSE,"other"
"5v0","Up","Tmem59l",FALSE,FALSE,"other"
"5v0","Up","Tmem68",FALSE,FALSE,"other"
"5v0","Up","Tmem87b",FALSE,FALSE,"other"
"5v0","Up","Tmem9",FALSE,FALSE,"other"
"5v0","Up","Tmppe",FALSE,FALSE,"other"
"5v0","Up","Tmub1",FALSE,FALSE,"other"
"5v0","Up","Tmx2",FALSE,FALSE,"other"
"5v0","Up","Tpp1",FALSE,FALSE,"other"
"5v0","Up","Tpra1",FALSE,FALSE,"other"
"5v0","Up","Tpst1",FALSE,FALSE,"other"
"5v0","Up","Tram1l1",FALSE,FALSE,"other"
"5v0","Up","Trhde",FALSE,FALSE,"other"
"5v0","Up","Trim66",FALSE,FALSE,"other"
"5v0","Up","Tspan3",FALSE,FALSE,"other"
"5v0","Up","Tspan5",FALSE,FALSE,"other"
"5v0","Up","Tspan7",FALSE,FALSE,"other"
"5v0","Up","Txndc5",FALSE,FALSE,"other"
"5v0","Up","Vgll4",FALSE,FALSE,"other"
"5v0","Up","Vkorc1l1",FALSE,FALSE,"other"
"5v0","Up","Vstm2a",FALSE,FALSE,"other"
"5v0","Up","Wnt9a",FALSE,FALSE,"other"
"5v0","Up","Wscd1",FALSE,FALSE,"other"
"5v0","Up","Wscd2",FALSE,FALSE,"other"
"5v0","Up","Xylt2",FALSE,FALSE,"other"
"5v0","Up","Yars1",FALSE,FALSE,"other"
"5v0","Up","Yipf3",FALSE,FALSE,"other"
"5v0","Up","Zbtb18",FALSE,FALSE,"other"
"5v0","Up","Zfp113",FALSE,FALSE,"other"
"5v0","Up","Zfp536",FALSE,FALSE,"other"
"5v0","Up","AU040320",FALSE,TRUE,"synaptic_terms"
"5v0","Up","Aars1",FALSE,TRUE,"synaptic_terms"
"5v0","Up","Abca1",FALSE,TRUE,"synaptic_terms"
"5v0","Up","Abca2",FALSE,TRUE,"synaptic_terms"
"5v0","Up","Abcc8",FALSE,TRUE,"synaptic_terms"
"5v0","Up","Abhd12",FALSE,TRUE,"synaptic_terms"
"5v0","Up","Ache",FALSE,TRUE,"synaptic_terms"
"5v0","Up","Acsl5",FALSE,TRUE,"synaptic_terms"
"5v0","Up","Acvr1b",FALSE,TRUE,"synaptic_terms"
"5v0","Up","Adam11",FALSE,TRUE,"synaptic_terms"
"5v0","Up","Adam15",FALSE,TRUE,"synaptic_terms"
"5v0","Up","Adgrl1",FALSE,TRUE,"synaptic_terms"
"5v0","Up","Adra1d",FALSE,TRUE,"synaptic_terms"
"5v0","Up","Agrn",FALSE,TRUE,"synaptic_terms"
"5v0","Up","Alg2",FALSE,TRUE,"synaptic_terms"
"5v0","Up","Amigo1",FALSE,TRUE,"synaptic_terms"
"5v0","Up","Anxa11",FALSE,TRUE,"synaptic_terms"
"5v0","Up","Aplp1",FALSE,TRUE,"synaptic_terms"
"5v0","Up","Aplp2",FALSE,TRUE,"synaptic_terms"
"5v0","Up","Arl6ip1",FALSE,TRUE,"synaptic_terms"
"5v0","Up","Arl6ip5",FALSE,TRUE,"synaptic_terms"
"5v0","Up","Arrdc3",FALSE,TRUE,"synaptic_terms"
"5v0","Up","Arsa",FALSE,TRUE,"synaptic_terms"
"5v0","Up","Arsb",FALSE,TRUE,"synaptic_terms"
"5v0","Up","Asph",FALSE,TRUE,"synaptic_terms"
"5v0","Up","Atf5",FALSE,TRUE,"synaptic_terms"
"5v0","Up","Atp1a1",FALSE,TRUE,"synaptic_terms"
"5v0","Up","Atp1a3",FALSE,TRUE,"synaptic_terms"
"5v0","Up","Atp1b1",FALSE,TRUE,"synaptic_terms"
"5v0","Up","Atp1b2",FALSE,TRUE,"synaptic_terms"
"5v0","Up","Atp2a2",TRUE,TRUE,"synaptic_terms"
"5v0","Up","Atp2b2",FALSE,TRUE,"synaptic_terms"
"5v0","Up","Atp2b3",FALSE,TRUE,"synaptic_terms"
"5v0","Up","Atp6ap1",FALSE,TRUE,"synaptic_terms"
"5v0","Up","Atp6v0b",FALSE,TRUE,"synaptic_terms"
"5v0","Up","Atp6v0c",FALSE,TRUE,"synaptic_terms"
"5v0","Up","Atrn",FALSE,TRUE,"synaptic_terms"
"5v0","Up","B4galnt1",FALSE,TRUE,"synaptic_terms"
"5v0","Up","B4galt6",FALSE,TRUE,"synaptic_terms"
"5v0","Up","B4gat1",FALSE,TRUE,"synaptic_terms"
"5v0","Up","Bace1",FALSE,TRUE,"synaptic_terms"
"5v0","Up","Bbc3",FALSE,TRUE,"synaptic_terms"
"5v0","Up","Bsg",FALSE,TRUE,"synaptic_terms"
"5v0","Up","Btg2",FALSE,TRUE,"synaptic_terms"
"5v0","Up","Cachd1",FALSE,TRUE,"synaptic_terms"
"5v0","Up","Cacna1b",FALSE,TRUE,"synaptic_terms"
"5v0","Up","Cacna1c",FALSE,TRUE,"synaptic_terms"
"5v0","Up","Cacna1e",FALSE,TRUE,"synaptic_terms"
"5v0","Up","Cacna2d1",FALSE,TRUE,"synaptic_terms"
"5v0","Up","Cacng8",FALSE,TRUE,"synaptic_terms"
"5v0","Up","Canx",FALSE,TRUE,"synaptic_terms"
"5v0","Up","Carf",FALSE,TRUE,"synaptic_terms"
"5v0","Up","Cd47",TRUE,TRUE,"synaptic_terms"
"5v0","Up","Cd81",TRUE,TRUE,"synaptic_terms"
"5v0","Up","Cdh2",FALSE,TRUE,"synaptic_terms"
"5v0","Up","Chrm1",TRUE,TRUE,"synaptic_terms"
"5v0","Up","Chrnb2",TRUE,TRUE,"synaptic_terms"
"5v0","Up","Chst11",FALSE,TRUE,"synaptic_terms"
"5v0","Up","Clcn3",FALSE,TRUE,"synaptic_terms"
"5v0","Up","Cln6",FALSE,TRUE,"synaptic_terms"
"5v0","Up","Clptm1",FALSE,TRUE,"synaptic_terms"
"5v0","Up","Clstn1",FALSE,TRUE,"synaptic_terms"
"5v0","Up","Clstn2",FALSE,TRUE,"synaptic_terms"
"5v0","Up","Clstn3",FALSE,TRUE,"synaptic_terms"
"5v0","Up","Cnih3",FALSE,TRUE,"synaptic_terms"
"5v0","Up","Cntn1",FALSE,TRUE,"synaptic_terms"
"5v0","Up","Cntnap2",FALSE,TRUE,"synaptic_terms"
"5v0","Up","Crim1",FALSE,TRUE,"synaptic_terms"
"5v0","Up","Csmd1",FALSE,TRUE,"synaptic_terms"
"5v0","Up","Ctsb",FALSE,TRUE,"synaptic_terms"
"5v0","Up","Ctsd",FALSE,TRUE,"synaptic_terms"
"5v0","Up","Dact2",FALSE,TRUE,"synaptic_terms"
"5v0","Up","Dagla",FALSE,TRUE,"synaptic_terms"
"5v0","Up","Dbn1",FALSE,TRUE,"synaptic_terms"
"5v0","Up","Dcc",FALSE,TRUE,"synaptic_terms"
"5v0","Up","Dgcr2",FALSE,TRUE,"synaptic_terms"
"5v0","Up","Dpp6",FALSE,TRUE,"synaptic_terms"
"5v0","Up","Drd1",TRUE,TRUE,"synaptic_terms"
"5v0","Up","Drd5",FALSE,TRUE,"synaptic_terms"
"5v0","Up","Efna5",FALSE,TRUE,"synaptic_terms"
"5v0","Up","Elavl2",FALSE,TRUE,"synaptic_terms"
"5v0","Up","Epha4",FALSE,TRUE,"synaptic_terms"
"5v0","Up","Epha7",FALSE,TRUE,"synaptic_terms"
"5v0","Up","Ephb2",TRUE,TRUE,"synaptic_terms"
"5v0","Up","Faim2",FALSE,TRUE,"synaptic_terms"
"5v0","Up","Fbn1",FALSE,TRUE,"synaptic_terms"
"5v0","Up","Fgfr1",TRUE,TRUE,"synaptic_terms"
"5v0","Up","Fkrp",FALSE,TRUE,"synaptic_terms"
"5v0","Up","Fstl5",FALSE,TRUE,"synaptic_terms"
"5v0","Up","Fzd3",FALSE,TRUE,"synaptic_terms"
"5v0","Up","Gaa",FALSE,TRUE,"synaptic_terms"
"5v0","Up","Gabbr1",FALSE,TRUE,"synaptic_terms"
"5v0","Up","Gabrb1",FALSE,TRUE,"synaptic_terms"
"5v0","Up","Gabrb3",FALSE,TRUE,"synaptic_terms"
"5v0","Up","Gabrd",FALSE,TRUE,"synaptic_terms"
"5v0","Up","Gabrg2",FALSE,TRUE,"synaptic_terms"
"5v0","Up","Glg1",FALSE,TRUE,"synaptic_terms"
"5v0","Up","Gpc1",FALSE,TRUE,"synaptic_terms"
"5v0","Up","Gpc4",FALSE,TRUE,"synaptic_terms"
"5v0","Up","Gpm6a",FALSE,TRUE,"synaptic_terms"
"5v0","Up","Gpm6b",FALSE,TRUE,"synaptic_terms"
"5v0","Up","Gpr12",FALSE,TRUE,"synaptic_terms"
"5v0","Up","Gpr155",FALSE,TRUE,"synaptic_terms"
"5v0","Up","Gpr158",FALSE,TRUE,"synaptic_terms"
"5v0","Up","Gpr26",FALSE,TRUE,"synaptic_terms"
"5v0","Up","Gpr61",FALSE,TRUE,"synaptic_terms"
"5v0","Up","Gpr83",FALSE,TRUE,"synaptic_terms"
"5v0","Up","Gprc5b",FALSE,TRUE,"synaptic_terms"
"5v0","Up","Gria1",FALSE,TRUE,"synaptic_terms"
"5v0","Up","Grid1",FALSE,TRUE,"synaptic_terms"
"5v0","Up","Grik3",FALSE,TRUE,"synaptic_terms"
"5v0","Up","Grin1",FALSE,TRUE,"synaptic_terms"
"5v0","Up","Grin2a",FALSE,TRUE,"synaptic_terms"
"5v0","Up","Grina",FALSE,TRUE,"synaptic_terms"
"5v0","Up","Grm2",FALSE,TRUE,"synaptic_terms"
"5v0","Up","Grn",FALSE,TRUE,"synaptic_terms"
"5v0","Up","H2-D1",TRUE,TRUE,"synaptic_terms"
"5v0","Up","Hapln4",FALSE,TRUE,"synaptic_terms"
"5v0","Up","Homer3",FALSE,TRUE,"synaptic_terms"
"5v0","Up","Hrk",FALSE,TRUE,"synaptic_terms"
"5v0","Up","Hsp90b1",FALSE,TRUE,"synaptic_terms"
"5v0","Up","Htr4",TRUE,TRUE,"synaptic_terms"
"5v0","Up","Hyou1",FALSE,TRUE,"synaptic_terms"
"5v0","Up","Icam5",FALSE,TRUE,"synaptic_terms"
"5v0","Up","Il16",FALSE,TRUE,"synaptic_terms"
"5v0","Up","Il1rap",FALSE,TRUE,"synaptic_terms"
"5v0","Up","Il6st",TRUE,TRUE,"synaptic_terms"
"5v0","Up","Insr",FALSE,TRUE,"synaptic_terms"
"5v0","Up","Islr2",FALSE,TRUE,"synaptic_terms"
"5v0","Up","Itm2c",FALSE,TRUE,"synaptic_terms"
"5v0","Up","Kcna1",FALSE,TRUE,"synaptic_terms"
"5v0","Up","Kcnc1",FALSE,TRUE,"synaptic_terms"
"5v0","Up","Kcng2",FALSE,TRUE,"synaptic_terms"
"5v0","Up","Kcnj11",FALSE,TRUE,"synaptic_terms"
"5v0","Up","Kcnj4",FALSE,TRUE,"synaptic_terms"
"5v0","Up","Kcnk1",FALSE,TRUE,"synaptic_terms"
"5v0","Up","Kcnq5",FALSE,TRUE,"synaptic_terms"
"5v0","Up","Kndc1",FALSE,TRUE,"synaptic_terms"
"5v0","Up","Ldlr",FALSE,TRUE,"synaptic_terms"
"5v0","Up","Lgi1",FALSE,TRUE,"synaptic_terms"
"5v0","Up","Lmbrd1",FALSE,TRUE,"synaptic_terms"
"5v0","Up","Lnpep",FALSE,TRUE,"synaptic_terms"
"5v0","Up","Lrfn4",FALSE,TRUE,"synaptic_terms"
"5v0","Up","Lrp1",FALSE,TRUE,"synaptic_terms"
"5v0","Up","Lrrc4b",FALSE,TRUE,"synaptic_terms"
"5v0","Up","Lrrc55",FALSE,TRUE,"synaptic_terms"
"5v0","Up","Lrtm2",FALSE,TRUE,"synaptic_terms"
"5v0","Up","Lsamp",FALSE,TRUE,"synaptic_terms"
"5v0","Up","Ly6e",FALSE,TRUE,"synaptic_terms"
"5v0","Up","Ly6h",FALSE,TRUE,"synaptic_terms"
"5v0","Up","Man2b1",FALSE,TRUE,"synaptic_terms"
"5v0","Up","Mctp1",FALSE,TRUE,"synaptic_terms"
"5v0","Up","Mdga1",FALSE,TRUE,"synaptic_terms"
"5v0","Up","Megf8",FALSE,TRUE,"synaptic_terms"
"5v0","Up","Megf9",FALSE,TRUE,"synaptic_terms"
"5v0","Up","Mfsd12",FALSE,TRUE,"synaptic_terms"
"5v0","Up","Mgat3",FALSE,TRUE,"synaptic_terms"
"5v0","Up","Mmp17",FALSE,TRUE,"synaptic_terms"
"5v0","Up","Mycl",FALSE,TRUE,"synaptic_terms"
"5v0","Up","Mycn",FALSE,TRUE,"synaptic_terms"
"5v0","Up","Ncam1",FALSE,TRUE,"synaptic_terms"
"5v0","Up","Ncan",FALSE,TRUE,"synaptic_terms"
"5v0","Up","Nceh1",FALSE,TRUE,"synaptic_terms"
"5v0","Up","Ncstn",FALSE,TRUE,"synaptic_terms"
"5v0","Up","Nectin1",FALSE,TRUE,"synaptic_terms"
"5v0","Up","Negr1",FALSE,TRUE,"synaptic_terms"
"5v0","Up","Nell2",FALSE,TRUE,"synaptic_terms"
"5v0","Up","Nfasc",FALSE,TRUE,"synaptic_terms"
"5v0","Up","Nfe2l1",TRUE,TRUE,"synaptic_terms"
"5v0","Up","Nlgn1",FALSE,TRUE,"synaptic_terms"
"5v0","Up","Nlgn3",FALSE,TRUE,"synaptic_terms"
"5v0","Up","Npnt",FALSE,TRUE,"synaptic_terms"
"5v0","Up","Nptn",FALSE,TRUE,"synaptic_terms"
"5v0","Up","Nptx1",FALSE,TRUE,"synaptic_terms"
"5v0","Up","Nptxr",FALSE,TRUE,"synaptic_terms"
"5v0","Up","Npy2r",FALSE,TRUE,"synaptic_terms"
"5v0","Up","Nrcam",FALSE,TRUE,"synaptic_terms"
"5v0","Up","Nrp1",FALSE,TRUE,"synaptic_terms"
"5v0","Up","Nrp2",FALSE,TRUE,"synaptic_terms"
"5v0","Up","Nrxn1",FALSE,TRUE,"synaptic_terms"
"5v0","Up","Nrxn2",FALSE,TRUE,"synaptic_terms"
"5v0","Up","Ntrk3",FALSE,TRUE,"synaptic_terms"
"5v0","Up","P4hb",FALSE,TRUE,"synaptic_terms"
"5v0","Up","Pacc1",FALSE,TRUE,"synaptic_terms"
"5v0","Up","Pcdh1",FALSE,TRUE,"synaptic_terms"
"5v0","Up","Pcdhga12",FALSE,TRUE,"synaptic_terms"
"5v0","Up","Pcsk5",FALSE,TRUE,"synaptic_terms"
"5v0","Up","Pcyox1",FALSE,TRUE,"synaptic_terms"
"5v0","Up","Pigt",FALSE,TRUE,"synaptic_terms"
"5v0","Up","Plec",TRUE,TRUE,"synaptic_terms"
"5v0","Up","Plxna1",FALSE,TRUE,"synaptic_terms"
"5v0","Up","Plxnb2",FALSE,TRUE,"synaptic_terms"
"5v0","Up","Pomgnt2",FALSE,TRUE,"synaptic_terms"
"5v0","Up","Porcn",FALSE,TRUE,"synaptic_terms"
"5v0","Up","Ppm1l",FALSE,TRUE,"synaptic_terms"
"5v0","Up","Prkcsh",FALSE,TRUE,"synaptic_terms"
"5v0","Up","Prox1",FALSE,TRUE,"synaptic_terms"
"5v0","Up","Psap",FALSE,TRUE,"synaptic_terms"
"5v0","Up","Ptprj",TRUE,TRUE,"synaptic_terms"
"5v0","Up","Ptpro",TRUE,TRUE,"synaptic_terms"
"5v0","Up","Ptprs",FALSE,TRUE,"synaptic_terms"
"5v0","Up","Ric3",FALSE,TRUE,"synaptic_terms"
"5v0","Up","Rnf167",FALSE,TRUE,"synaptic_terms"
"5v0","Up","Robo1",FALSE,TRUE,"synaptic_terms"
"5v0","Up","Robo2",FALSE,TRUE,"synaptic_terms"
"5v0","Up","Rtn4r",FALSE,TRUE,"synaptic_terms"
"5v0","Up","Rtn4rl1",FALSE,TRUE,"synaptic_terms"
"5v0","Up","Scamp5",FALSE,TRUE,"synaptic_terms"
"5v0","Up","Scarb2",FALSE,TRUE,"synaptic_terms"
"5v0","Up","Scn2a",FALSE,TRUE,"synaptic_terms"
"5v0","Up","Scn2b",FALSE,TRUE,"synaptic_terms"
"5v0","Up","Sema4f",FALSE,TRUE,"synaptic_terms"
"5v0","Up","Sema5a",FALSE,TRUE,"synaptic_terms"
"5v0","Up","Sema6b",FALSE,TRUE,"synaptic_terms"
"5v0","Up","Sema7a",FALSE,TRUE,"synaptic_terms"
"5v0","Up","Sesn2",FALSE,TRUE,"synaptic_terms"
"5v0","Up","Sez6l",FALSE,TRUE,"synaptic_terms"
"5v0","Up","Sez6l2",FALSE,TRUE,"synaptic_terms"
"5v0","Up","Sigmar1",FALSE,TRUE,"synaptic_terms"
"5v0","Up","Sirpa",TRUE,TRUE,"synaptic_terms"
"5v0","Up","Slc12a5",FALSE,TRUE,"synaptic_terms"
"5v0","Up","Slc12a9",FALSE,TRUE,"synaptic_terms"
"5v0","Up","Slc16a2",FALSE,TRUE,"synaptic_terms"
"5v0","Up","Slc17a7",FALSE,TRUE,"synaptic_terms"
"5v0","Up","Slc18b1",FALSE,TRUE,"synaptic_terms"
"5v0","Up","Slc1a2",FALSE,TRUE,"synaptic_terms"
"5v0","Up","Slc1a4",FALSE,TRUE,"synaptic_terms"
"5v0","Up","Slc23a2",FALSE,TRUE,"synaptic_terms"
"5v0","Up","Slc24a2",FALSE,TRUE,"synaptic_terms"
"5v0","Up","Slc29a2",FALSE,TRUE,"synaptic_terms"
"5v0","Up","Slc2a1",FALSE,TRUE,"synaptic_terms"
"5v0","Up","Slc30a5",FALSE,TRUE,"synaptic_terms"
"5v0","Up","Slc33a1",TRUE,TRUE,"synaptic_terms"
"5v0","Up","Slc35b2",TRUE,TRUE,"synaptic_terms"
"5v0","Up","Slc37a3",FALSE,TRUE,"synaptic_terms"
"5v0","Up","Slc37a4",FALSE,TRUE,"synaptic_terms"
"5v0","Up","Slc38a1",FALSE,TRUE,"synaptic_terms"
"5v0","Up","Slc38a2",FALSE,TRUE,"synaptic_terms"
"5v0","Up","Slc38a7",FALSE,TRUE,"synaptic_terms"
"5v0","Up","Slc39a13",FALSE,TRUE,"synaptic_terms"
"5v0","Up","Slc39a6",FALSE,TRUE,"synaptic_terms"
"5v0","Up","Slc39a7",FALSE,TRUE,"synaptic_terms"
"5v0","Up","Slc3a2",FALSE,TRUE,"synaptic_terms"
"5v0","Up","Slc43a2",FALSE,TRUE,"synaptic_terms"
"5v0","Up","Slc4a10",FALSE,TRUE,"synaptic_terms"
"5v0","Up","Slc4a7",FALSE,TRUE,"synaptic_terms"
"5v0","Up","Slc6a15",FALSE,TRUE,"synaptic_terms"
"5v0","Up","Slc6a17",FALSE,TRUE,"synaptic_terms"
"5v0","Up","Slc6a7",FALSE,TRUE,"synaptic_terms"
"5v0","Up","Slc6a9",FALSE,TRUE,"synaptic_terms"
"5v0","Up","Slc7a1",TRUE,TRUE,"synaptic_terms"
"5v0","Up","Slc7a3",FALSE,TRUE,"synaptic_terms"
"5v0","Up","Slc7a5",FALSE,TRUE,"synaptic_terms"
"5v0","Up","Slc7a8",FALSE,TRUE,"synaptic_terms"
"5v0","Up","Slc9a4",FALSE,TRUE,"synaptic_terms"
"5v0","Up","Slc9a6",FALSE,TRUE,"synaptic_terms"
"5v0","Up","Slc9a7",FALSE,TRUE,"synaptic_terms"
"5v0","Up","Slit1",TRUE,TRUE,"synaptic_terms"
"5v0","Up","Slit2",TRUE,TRUE,"synaptic_terms"
"5v0","Up","Slit3",FALSE,TRUE,"synaptic_terms"
"5v0","Up","Smpd1",FALSE,TRUE,"synaptic_terms"
"5v0","Up","Sorcs2",FALSE,TRUE,"synaptic_terms"
"5v0","Up","Sorl1",FALSE,TRUE,"synaptic_terms"
"5v0","Up","Sort1",FALSE,TRUE,"synaptic_terms"
"5v0","Up","Spock1",FALSE,TRUE,"synaptic_terms"
"5v0","Up","Sstr2",FALSE,TRUE,"synaptic_terms"
"5v0","Up","Stc2",FALSE,TRUE,"synaptic_terms"
"5v0","Up","Sv2a",FALSE,TRUE,"synaptic_terms"
"5v0","Up","Sv2b",FALSE,TRUE,"synaptic_terms"
"5v0","Up","Syngr1",FALSE,TRUE,"synaptic_terms"
"5v0","Up","Syp",FALSE,TRUE,"synaptic_terms"
"5v0","Up","Sypl2",FALSE,TRUE,"synaptic_terms"
"5v0","Up","Syt1",FALSE,TRUE,"synaptic_terms"
"5v0","Up","Syt11",FALSE,TRUE,"synaptic_terms"
"5v0","Up","Syt13",FALSE,TRUE,"synaptic_terms"
"5v0","Up","Syt3",FALSE,TRUE,"synaptic_terms"
"5v0","Up","Tab1",FALSE,TRUE,"synaptic_terms"
"5v0","Up","Tafa2",FALSE,TRUE,"synaptic_terms"
"5v0","Up","Tfrc",TRUE,TRUE,"synaptic_terms"
"5v0","Up","Tmbim6",TRUE,TRUE,"synaptic_terms"
"5v0","Up","Tmco1",TRUE,TRUE,"synaptic_terms"
"5v0","Up","Tmem109",FALSE,TRUE,"synaptic_terms"
"5v0","Up","Tmem178",FALSE,TRUE,"synaptic_terms"
"5v0","Up","Tmem25",FALSE,TRUE,"synaptic_terms"
"5v0","Up","Tmem30a",FALSE,TRUE,"synaptic_terms"
"5v0","Up","Tnfrsf21",FALSE,TRUE,"synaptic_terms"
"5v0","Up","Tnr",FALSE,TRUE,"synaptic_terms"
"5v0","Up","Tspan18",FALSE,TRUE,"synaptic_terms"
"5v0","Up","Unc5c",FALSE,TRUE,"synaptic_terms"
"5v0","Up","Vegfa",TRUE,TRUE,"synaptic_terms"
"5v0","Up","Vldlr",FALSE,TRUE,"synaptic_terms"
"5v0","Up","Vmp1",FALSE,TRUE,"synaptic_terms"
"5v0","Up","Xk",FALSE,TRUE,"synaptic_terms"
"5v0","Up","Zdhhc8",FALSE,TRUE,"synaptic_terms"
"5v0","Up","Zmpste24",TRUE,TRUE,"synaptic_terms"
