"gene_name","comparison","log2FC","pvalue","significance_status","labeled","label_direction"
"1110002L01Rik","5v0",-0.469026806583328,0.230696699522356,"NS","No","Not_labeled"
"1110004F10Rik","5v0",-3.50473679636659,0.0432261322307975,"CLIP_Down","No","Not_labeled"
"1700008O03Rik","5v0",-0.400708877401269,0.424482493977691,"NS","No","Not_labeled"
"2210408I21Rik","5v0",0.410355287495945,0.247809999573638,"NS","No","Not_labeled"
"2900026A02Rik","5v0",-0.247130472114176,0.348231303621907,"NS","No","Not_labeled"
"4833420G17Rik","5v0",1.57674637938899,0.125263996963297,"NS","No","Not_labeled"
"4833439L19Rik","5v0",-0.540399874488511,0.470975793466366,"NS","No","Not_labeled"
"5031439G07Rik","5v0",-0.55570624198689,0.0513833255180238,"NS","No","Not_labeled"
"5730455P16Rik","5v0",2.0436418968746,0.206350857577032,"NS","No","Not_labeled"
"6430548M08Rik","5v0",0.474214756005614,0.00955098609501244,"CLIP_Up","No","Not_labeled"
"9330159F19Rik","5v0",1.69550571669723,0.267391753709821,"NS","No","Not_labeled"
"9530068E07Rik","5v0",2.7886909652072,0.184996080881188,"NS","No","Not_labeled"
"9930021J03Rik","5v0",-0.278536578922158,0.474025730067594,"NS","No","Not_labeled"
"A830018L16Rik","5v0",-0.671991723116601,0.444700882550456,"NS","No","Not_labeled"
"Aak1","5v0",-0.117897714919144,0.348735711590525,"NS","No","Not_labeled"
"Aamp","5v0",5.74558618808492,0.00903370293412095,"CLIP_Up","No","Not_labeled"
"Aatk","5v0",0.880649475165637,0.145171927892666,"NS","No","Not_labeled"
"Abat","5v0",0.46139849080191,0.413646944774392,"NS","No","Not_labeled"
"Abca1","5v0",0.235728535828013,0.521183826375273,"NS","No","Not_labeled"
"Abca2","5v0",-0.415335802419126,0.0974561671220569,"NS","No","Not_labeled"
"Abca3","5v0",1.10404480605811,0.43462377885752,"NS","No","Not_labeled"
"Abca5","5v0",-1.6537372833021,0.0213201935256772,"CLIP_Down","No","Not_labeled"
"Abcb7","5v0",1.04238411001925,0.28186858092402,"NS","No","Not_labeled"
"Abcc5","5v0",1.14698613351438,0.237297567397602,"NS","No","Not_labeled"
"Abcd2","5v0",0.911936837107621,0.466465831096067,"NS","No","Not_labeled"
"Abcd3","5v0",1.37735222887577,0.217246959712058,"NS","No","Not_labeled"
"Abce1","5v0",0.0856863497724527,0.866224469622788,"NS","No","Not_labeled"
"Abcg1","5v0",-0.00585491051543685,0.99285756591961,"NS","No","Not_labeled"
"Abhd12","5v0",-0.0945772888720809,0.907014604451486,"NS","No","Not_labeled"
"Abhd17a","5v0",-0.361224514163677,0.271736296189952,"NS","No","Not_labeled"
"Abhd17c","5v0",1.14271224586869,0.335044096316968,"NS","No","Not_labeled"
"Abhd2","5v0",0.833347101343186,0.209399015346451,"NS","No","Not_labeled"
"Abhd8","5v0",-0.0320407451769507,0.908476737924018,"NS","No","Not_labeled"
"Abi2","5v0",-0.339253231299401,0.139023690699248,"NS","No","Not_labeled"
"Abitram","5v0",-0.331876498862491,0.710913375197501,"NS","No","Not_labeled"
"Abl1","5v0",-0.0570901504116108,0.889673747400872,"NS","No","Not_labeled"
"Abl2","5v0",-0.260000774453645,0.11319884920944,"NS","No","Not_labeled"
"Ablim1","5v0",0.089949591535645,0.760032325678388,"NS","No","Not_labeled"
"Ablim3","5v0",-1.33587034421656,0.182535761599744,"NS","No","Not_labeled"
"Abr","5v0",0.119772303865417,0.563857293386507,"NS","No","Not_labeled"
"Acaca","5v0",0.300652748175804,0.516363162680554,"NS","No","Not_labeled"
"Acadsb","5v0",-0.6044422106211,0.0489561265925985,"CLIP_Down","No","Not_labeled"
"Acadvl","5v0",2.45608995519695,0.124538414340425,"NS","No","Not_labeled"
"Acap2","5v0",-0.130282783202339,0.780325797245393,"NS","No","Not_labeled"
"Acap3","5v0",-0.35964715626601,0.447979856388601,"NS","No","Not_labeled"
"Acbd5","5v0",0.153781524128004,0.636687956450363,"NS","No","Not_labeled"
"Ace","5v0",0.405945231339053,0.796878334930254,"NS","No","Not_labeled"
"Acer3","5v0",0.901629008074938,0.451368814829163,"NS","No","Not_labeled"
"Acin1","5v0",1.61161051069516,0.208208073933751,"NS","No","Not_labeled"
"Acly","5v0",0.214239006413408,0.642504335550678,"NS","No","Not_labeled"
"Aco2","5v0",-0.267254171191311,0.264710659000799,"NS","No","Not_labeled"
"Acox1","5v0",-0.302701701722611,0.356666008029713,"NS","No","Not_labeled"
"Acp1","5v0",3.06423944139769,0.045070332303266,"CLIP_Up","No","Not_labeled"
"Acsbg1","5v0",1.1993468640836,0.375384935571197,"NS","No","Not_labeled"
"Acsl1","5v0",0.197840275251344,0.718727365972836,"NS","No","Not_labeled"
"Acsl3","5v0",0.425328550634121,0.544477569534808,"NS","No","Not_labeled"
"Acsl4","5v0",-0.241030910308474,0.746246711420412,"NS","No","Not_labeled"
"Acsl5","5v0",-1.4642554109931,0.229711776110698,"NS","No","Not_labeled"
"Acsl6","5v0",2.64984954974685,0.0834619696703935,"NS","No","Not_labeled"
"Actb","5v0",-0.19177836214988,0.532398327375104,"NS","No","Not_labeled"
"Actg1","5v0",-0.411887521509132,0.0281291024557194,"CLIP_Down","Yes","Decreased"
"Actn1","5v0",-1.14226541661448,0.0485704450272288,"CLIP_Down","No","Not_labeled"
"Actn4","5v0",-1.49827036775357,0.0650485756941244,"NS","No","Not_labeled"
"Actr10","5v0",-1.39934450620255,0.295760842786798,"NS","No","Not_labeled"
"Actr1a","5v0",-0.244053278941733,0.590105637010621,"NS","No","Not_labeled"
"Actr1b","5v0",-0.271191144073323,0.442674532057154,"NS","No","Not_labeled"
"Actr2","5v0",-0.25053199824644,0.508733518979865,"NS","No","Not_labeled"
"Actr3","5v0",0.102296449559199,0.702217230007945,"NS","No","Not_labeled"
"Actr3b","5v0",-0.0363570925563991,0.900464569901067,"NS","No","Not_labeled"
"Acvr1b","5v0",-1.01689871583315,0.0509720589741511,"NS","No","Not_labeled"
"Adam10","5v0",0.767396072948075,0.535030674815956,"NS","No","Not_labeled"
"Adam11","5v0",-1.02515880892,0.105643325403813,"NS","No","Not_labeled"
"Adam23","5v0",0.081390571606385,0.798085017815759,"NS","No","Not_labeled"
"Adam9","5v0",0.696551083514322,0.304587406344544,"NS","No","Not_labeled"
"Adamts4","5v0",0.16184583036995,0.736922710834016,"NS","No","Not_labeled"
"Adap1","5v0",-0.826239604261771,0.402972964324369,"NS","No","Not_labeled"
"Adar","5v0",-1.47523839154306,0.396216497780287,"NS","No","Not_labeled"
"Adarb2","5v0",0.355337077495499,0.624658185347612,"NS","No","Not_labeled"
"Adcy1","5v0",-0.37749362846724,0.23679334186498,"NS","No","Not_labeled"
"Adcy2","5v0",0.708527238464713,0.373648526262697,"NS","No","Not_labeled"
"Adcy5","5v0",-0.59603242314671,0.254658264233198,"NS","No","Not_labeled"
"Adcy8","5v0",-1.06703520204191,0.0801926268744518,"NS","No","Not_labeled"
"Adcy9","5v0",-0.646157137874138,0.0962780282055723,"NS","No","Not_labeled"
"Add1","5v0",0.250785644041045,0.662100914685597,"NS","No","Not_labeled"
"Add2","5v0",0.170779610434103,0.404859332454416,"NS","No","Not_labeled"
"Add3","5v0",-0.0855167066019664,0.818439043607382,"NS","No","Not_labeled"
"Adgrb1","5v0",-0.218070205800023,0.715161501527414,"NS","No","Not_labeled"
"Adgrb3","5v0",0.495709127066476,0.329831153975627,"NS","No","Not_labeled"
"Adgrg1","5v0",-4.77869423839776,2.93457392387007e-06,"CLIP_Down","No","Not_labeled"
"Adgrl1","5v0",-0.0357883512722781,0.878794841390536,"NS","No","Not_labeled"
"Adgrl2","5v0",-0.0785575838267452,0.799762064648006,"NS","No","Not_labeled"
"Adipor1","5v0",1.45761170380527,0.360499084500281,"NS","No","Not_labeled"
"Adnp","5v0",0.297561360550926,0.370987710716307,"NS","No","Not_labeled"
"Adnp2","5v0",-0.594335035363147,0.370879004050661,"NS","No","Not_labeled"
"Ado","5v0",0.00444001057598076,0.991128413714195,"NS","No","Not_labeled"
"Adora1","5v0",-0.078907783135846,0.658516699698392,"NS","No","Not_labeled"
"Aebp2","5v0",1.12159829069536,0.402594128461643,"NS","No","Not_labeled"
"Afdn","5v0",-0.228947058811103,0.637762117828109,"NS","No","Not_labeled"
"Aff1","5v0",1.38003660756002,0.269846601561853,"NS","No","Not_labeled"
"Aff3","5v0",0.159634696125433,0.493149019932689,"NS","No","Not_labeled"
"Aff4","5v0",-0.0449172387477352,0.8648505917018,"NS","No","Not_labeled"
"Afg2a","5v0",-0.0668399025466069,0.941064029563987,"NS","No","Not_labeled"
"Afg3l1","5v0",2.36377346592708,0.15787297634132,"NS","No","Not_labeled"
"Aftph","5v0",-0.0935572488075658,0.655934992829696,"NS","No","Not_labeled"
"Agap1","5v0",-0.151663494545504,0.556882377223035,"NS","No","Not_labeled"
"Agap2","5v0",-0.366126431807324,0.41532040039481,"NS","No","Not_labeled"
"Agap3","5v0",-1.11535151025963,0.0634449060746195,"NS","No","Not_labeled"
"Agfg1","5v0",1.2396072085241,0.386069909854635,"NS","No","Not_labeled"
"Aggf1","5v0",-0.291015569934884,0.514102104232822,"NS","No","Not_labeled"
"Agl","5v0",0.407913594574809,0.595844860688325,"NS","No","Not_labeled"
"Ago1","5v0",-0.1202859040628,0.687987574030901,"NS","No","Not_labeled"
"Ago2","5v0",-0.0758905624056183,0.807365079888553,"NS","No","Not_labeled"
"Ago3","5v0",0.410429243889402,0.491027936565258,"NS","No","Not_labeled"
"Agpat3","5v0",-0.872468120741641,0.199116880384393,"NS","No","Not_labeled"
"Agpat5","5v0",1.19094333160191,0.339897728388814,"NS","No","Not_labeled"
"Agps","5v0",0.674104196819313,0.503443531711464,"NS","No","Not_labeled"
"Agtpbp1","5v0",-0.391887102148187,0.430457191845829,"NS","No","Not_labeled"
"Ahctf1","5v0",-0.243262444790916,0.462679838978999,"NS","No","Not_labeled"
"Ahcyl1","5v0",1.70606438201872,0.372842981387266,"NS","No","Not_labeled"
"Ahcyl2","5v0",-0.644525630381332,0.032795711830531,"CLIP_Down","No","Not_labeled"
"Ahdc1","5v0",-0.459081167164864,0.0453781494180846,"CLIP_Down","No","Not_labeled"
"Ahi1","5v0",-0.195682795220402,0.54930561944042,"NS","No","Not_labeled"
"Ahnak","5v0",0.446446663535033,0.289346617325314,"NS","No","Not_labeled"
"Ahsa1","5v0",4.01609651453771,0.0373623250091524,"CLIP_Up","No","Not_labeled"
"AI593442","5v0",-0.204264154470618,0.625708337406566,"NS","No","Not_labeled"
"Ajap1","5v0",0.217629299307412,0.315756748924919,"NS","No","Not_labeled"
"Ajm1","5v0",-0.238302779425693,0.422343804331994,"NS","No","Not_labeled"
"Ak3","5v0",0.966515745063502,0.493054243261366,"NS","No","Not_labeled"
"Ak4","5v0",-1.09463577518451,0.224261106781837,"NS","No","Not_labeled"
"Ak5","5v0",-0.512926864577234,0.0773045772307143,"NS","No","Not_labeled"
"Akap1","5v0",-4.17969361601202,0.0209072144392491,"CLIP_Down","No","Not_labeled"
"Akap10","5v0",-2.31861267549509,0.12019781316297,"NS","No","Not_labeled"
"Akap11","5v0",-0.0877250512945054,0.708194298955198,"NS","No","Not_labeled"
"Akap13","5v0",0.580946401919537,0.0365197965527339,"CLIP_Up","Yes","Increased"
"Akap5","5v0",0.765627411083083,0.149671149105167,"NS","No","Not_labeled"
"Akap6","5v0",-0.275889704554028,0.165217228015504,"NS","No","Not_labeled"
"Akap9","5v0",0.368817422176039,0.342790288488433,"NS","No","Not_labeled"
"Akirin1","5v0",1.56852128055499,0.267482148769597,"NS","No","Not_labeled"
"Akt1","5v0",0.0313413245152949,0.951323201963297,"NS","No","Not_labeled"
"Akt3","5v0",-0.351582982223598,0.228589837650912,"NS","No","Not_labeled"
"Aktip","5v0",0.771721037405579,0.0838218950261001,"NS","No","Not_labeled"
"Alas1","5v0",1.85364615031301,0.301442182007776,"NS","No","Not_labeled"
"Alcam","5v0",-0.566597561505065,0.294500510813179,"NS","No","Not_labeled"
"Aldh1l1","5v0",1.20689238659859,0.254957638513741,"NS","No","Not_labeled"
"Aldh2","5v0",1.59671088059026,0.135145540497501,"NS","No","Not_labeled"
"Aldh6a1","5v0",0.451172947566221,0.159991309935724,"NS","No","Not_labeled"
"Aldoa","5v0",-0.353115484439558,0.608169732265934,"NS","No","Not_labeled"
"Aldoc","5v0",1.92142010293407,0.432525414061563,"NS","No","Not_labeled"
"Alg9","5v0",1.92897752280142,0.0500662334238732,"NS","No","Not_labeled"
"Alkbh5","5v0",-1.79653589626933,0.287899382240195,"NS","No","Not_labeled"
"Alkbh8","5v0",1.16007537606783,0.385138701837339,"NS","No","Not_labeled"
"Als2","5v0",-0.394376567009575,0.104868201751985,"NS","No","Not_labeled"
"Amd1","5v0",1.88955160539617,0.221092773314891,"NS","No","Not_labeled"
"Amer2","5v0",-0.550841604943849,0.400813496865513,"NS","No","Not_labeled"
"Amfr","5v0",-0.453255002396416,0.33151981376482,"NS","No","Not_labeled"
"Amigo1","5v0",-0.73993853293408,0.299474188588098,"NS","No","Not_labeled"
"Amot","5v0",-0.193410016709173,0.745864831740446,"NS","No","Not_labeled"
"Ampd2","5v0",-1.80080139127911,0.0180543280669981,"CLIP_Down","No","Not_labeled"
"Amph","5v0",-0.442383931893593,0.264949463900761,"NS","No","Not_labeled"
"Amz1","5v0",1.79007417492279,0.136875891163334,"NS","No","Not_labeled"
"Amz2","5v0",-1.29339947422923,0.3533476623823,"NS","No","Not_labeled"
"Anapc1","5v0",-0.152309933249063,0.625134022350754,"NS","No","Not_labeled"
"Anapc4","5v0",1.70938376289497,0.167311952675897,"NS","No","Not_labeled"
"Anapc5","5v0",0.489747213826242,0.208382990250204,"NS","No","Not_labeled"
"Anapc7","5v0",-0.732085691413986,0.270357380038891,"NS","No","Not_labeled"
"Ank","5v0",-0.762695638760969,0.223119272061549,"NS","No","Not_labeled"
"Ank2","5v0",0.228073917665057,0.447213756197124,"NS","No","Not_labeled"
"Ank3","5v0",-0.235505071804945,0.285565722710411,"NS","No","Not_labeled"
"Ankfy1","5v0",-0.0553652471802302,0.707771802069425,"NS","No","Not_labeled"
"Ankhd1","5v0",0.0891254857836916,0.811648887565985,"NS","No","Not_labeled"
"Ankib1","5v0",0.260133014540034,0.383238038672475,"NS","No","Not_labeled"
"Ankle2","5v0",0.12012965157854,0.854897621411428,"NS","No","Not_labeled"
"Ankrd11","5v0",-0.119101747842562,0.510036219884587,"NS","No","Not_labeled"
"Ankrd12","5v0",0.205759929454259,0.376237971354909,"NS","No","Not_labeled"
"Ankrd13a","5v0",1.25624006398665,0.365477870809503,"NS","No","Not_labeled"
"Ankrd13b","5v0",1.98549520427176,0.21278267100311,"NS","No","Not_labeled"
"Ankrd13c","5v0",0.032041371682952,0.903547586528556,"NS","No","Not_labeled"
"Ankrd17","5v0",-0.140531156712194,0.199400878300527,"NS","No","Not_labeled"
"Ankrd27","5v0",-1.23961751417382,0.0618546728627845,"NS","No","Not_labeled"
"Ankrd28","5v0",0.833964853819589,0.0705600618818793,"NS","No","Not_labeled"
"Ankrd33b","5v0",0.497066830416323,0.539679408898895,"NS","No","Not_labeled"
"Ankrd45","5v0",-0.303940392538331,0.745185500962503,"NS","No","Not_labeled"
"Ankrd46","5v0",1.12950684417912,0.424759952567853,"NS","No","Not_labeled"
"Ankrd50","5v0",0.16138935248656,0.55610878167367,"NS","No","Not_labeled"
"Ankrd52","5v0",-0.441439862819903,0.0917237316001894,"NS","No","Not_labeled"
"Ankrd6","5v0",0.735276815116854,0.481611588970722,"NS","No","Not_labeled"
"Anks1","5v0",1.66295831926364,0.0963329996625098,"NS","No","Not_labeled"
"Anks1b","5v0",-0.358480896265079,0.710623696196131,"NS","No","Not_labeled"
"Anln","5v0",-0.516805456003491,0.193540361551718,"NS","No","Not_labeled"
"Ano3","5v0",-1.01316453988753,0.229403169814342,"NS","No","Not_labeled"
"Anp32e","5v0",-0.381912763436482,0.407328259937427,"NS","No","Not_labeled"
"Anxa6","5v0",1.42280018372818,0.249207988964883,"NS","No","Not_labeled"
"Anxa7","5v0",-1.1971864382094,0.0924360433848056,"NS","No","Not_labeled"
"Ap1ar","5v0",1.43108229322911,0.210789705423998,"NS","No","Not_labeled"
"Ap1b1","5v0",-0.164509600719708,0.669448873928439,"NS","No","Not_labeled"
"Ap1g1","5v0",-0.709837031635375,0.156148692905292,"NS","No","Not_labeled"
"Ap1s1","5v0",-1.52433449192823,0.400149781733499,"NS","No","Not_labeled"
"Ap2a1","5v0",0.115054201601139,0.853948492958866,"NS","No","Not_labeled"
"Ap2a2","5v0",-0.248961756885528,0.305792156291099,"NS","No","Not_labeled"
"Ap2b1","5v0",0.0465429860202491,0.896213050094459,"NS","No","Not_labeled"
"Ap2m1","5v0",-0.554259215069929,0.447007447119158,"NS","No","Not_labeled"
"Ap3b2","5v0",0.685486980994086,0.641287495187686,"NS","No","Not_labeled"
"Ap3d1","5v0",0.126161477283087,0.405585045622555,"NS","No","Not_labeled"
"Ap3m1","5v0",-0.499304439850627,0.522945354684774,"NS","No","Not_labeled"
"Ap3s2","5v0",0.40454006380672,0.76267826303353,"NS","No","Not_labeled"
"Apba1","5v0",-0.392154296567999,0.110597168329695,"NS","No","Not_labeled"
"Apba2","5v0",0.0496637986168156,0.734514154695834,"NS","No","Not_labeled"
"Apc","5v0",-0.179478469489369,0.514334665967962,"NS","No","Not_labeled"
"Apc2","5v0",-0.682977728756748,0.223514958423976,"NS","No","Not_labeled"
"Aph1b","5v0",-1.05825695375374,0.48765420302527,"NS","No","Not_labeled"
"Api5","5v0",-0.230459713490836,0.719076662738778,"NS","No","Not_labeled"
"Aplp1","5v0",-0.663029829185741,0.0206068990009803,"CLIP_Down","No","Not_labeled"
"Aplp2","5v0",-0.293588029340626,0.548878579260329,"NS","No","Not_labeled"
"Apoe","5v0",-0.116089269235386,0.874138165975208,"NS","No","Not_labeled"
"App","5v0",-0.170287271971823,0.472005411331127,"NS","No","Not_labeled"
"Appbp2","5v0",-0.193572798416767,0.633934537479455,"NS","No","Not_labeled"
"Appl1","5v0",0.521222814396612,0.00910661273661804,"CLIP_Up","Yes","Increased"
"Aqp4","5v0",0.486652508900288,0.496735955522277,"NS","No","Not_labeled"
"Aqr","5v0",-0.910187289747262,0.108139546573112,"NS","No","Not_labeled"
"Ar","5v0",0.642289379162501,0.160740903118041,"NS","No","Not_labeled"
"Araf","5v0",0.61626670017193,0.561644225772386,"NS","No","Not_labeled"
"Arap2","5v0",0.439606321285032,0.113577486347787,"NS","No","Not_labeled"
"Arc","5v0",-0.273368249489231,0.667108240145315,"NS","No","Not_labeled"
"Arcn1","5v0",0.192229197393285,0.56169987812481,"NS","No","Not_labeled"
"Arel1","5v0",-0.222888698870513,0.425468298043213,"NS","No","Not_labeled"
"Arf1","5v0",-0.0172320375612864,0.964413564110326,"NS","No","Not_labeled"
"Arf3","5v0",-0.484457318502496,0.263083194924699,"NS","No","Not_labeled"
"Arf4","5v0",-2.27500933401634,0.175162783337261,"NS","No","Not_labeled"
"Arf6","5v0",-0.00130378869771341,0.998448631648189,"NS","No","Not_labeled"
"Arfgef1","5v0",-0.189728012402594,0.423464972227254,"NS","No","Not_labeled"
"Arfgef2","5v0",1.37882864084023,0.26310887884874,"NS","No","Not_labeled"
"Arfgef3","5v0",-0.215586030998078,0.125460771932721,"NS","No","Not_labeled"
"Arfip1","5v0",-0.260836478255179,0.309506025154734,"NS","No","Not_labeled"
"Arhgap12","5v0",1.179224328865,0.351331224017427,"NS","No","Not_labeled"
"Arhgap20","5v0",-0.0954703251946647,0.693855292178748,"NS","No","Not_labeled"
"Arhgap21","5v0",-0.173957693053477,0.328629883326674,"NS","No","Not_labeled"
"Arhgap23","5v0",0.521397699105832,0.160328070323881,"NS","No","Not_labeled"
"Arhgap26","5v0",-0.405395584941877,0.444275286097905,"NS","No","Not_labeled"
"Arhgap29","5v0",1.22418736668858,0.204260139521912,"NS","No","Not_labeled"
"Arhgap31","5v0",0.945178949160794,0.363247676571273,"NS","No","Not_labeled"
"Arhgap32","5v0",0.0132313009649048,0.930008408783065,"NS","No","Not_labeled"
"Arhgap35","5v0",0.0975798458791175,0.373556083535742,"NS","No","Not_labeled"
"Arhgap39","5v0",-0.138108801583077,0.644218103451734,"NS","No","Not_labeled"
"Arhgap44","5v0",-0.180953843314426,0.43444618251626,"NS","No","Not_labeled"
"Arhgap5","5v0",0.151572882245384,0.686481641085557,"NS","No","Not_labeled"
"Arhgdia","5v0",2.18221826672948,0.265752955840878,"NS","No","Not_labeled"
"Arhgef10","5v0",0.415054579399564,0.503283172755389,"NS","No","Not_labeled"
"Arhgef11","5v0",0.0165942174051343,0.916094550521211,"NS","No","Not_labeled"
"Arhgef12","5v0",0.30420844580132,0.124840928903701,"NS","No","Not_labeled"
"Arhgef17","5v0",-0.189432265652633,0.493458364336366,"NS","No","Not_labeled"
"Arhgef18","5v0",-1.2547125312651,0.0101999376126105,"CLIP_Down","No","Not_labeled"
"Arhgef2","5v0",0.252649519345046,0.755517676706754,"NS","No","Not_labeled"
"Arhgef25","5v0",-0.468293911159535,0.573990725631709,"NS","No","Not_labeled"
"Arhgef26","5v0",-0.304175421512777,0.594942191650658,"NS","No","Not_labeled"
"Arhgef28","5v0",-0.0136442699844628,0.936080823007814,"NS","No","Not_labeled"
"Arhgef4","5v0",-0.363374186023365,0.119651280060348,"NS","No","Not_labeled"
"Arhgef6","5v0",-0.192408423913176,0.502062003353524,"NS","No","Not_labeled"
"Arhgef7","5v0",-2.39656655439743,0.101314600399716,"NS","No","Not_labeled"
"Arhgef9","5v0",1.50941056953727,0.169894205095331,"NS","No","Not_labeled"
"Arid1a","5v0",-0.30541012010826,0.303226320123969,"NS","No","Not_labeled"
"Arid1b","5v0",0.126964924438878,0.575020850131365,"NS","No","Not_labeled"
"Arid2","5v0",-0.0661427285176193,0.682731603225078,"NS","No","Not_labeled"
"Arid4a","5v0",0.846271347495137,0.408157617899004,"NS","No","Not_labeled"
"Arid4b","5v0",0.351718863305278,0.618868725561099,"NS","No","Not_labeled"
"Arid5b","5v0",-0.276488517240003,0.26690357957952,"NS","No","Not_labeled"
"Arih1","5v0",1.21341770632459,0.279327236401156,"NS","No","Not_labeled"
"Arih2","5v0",-1.95139268447371,0.143583019535722,"NS","No","Not_labeled"
"Ark2c","5v0",-0.505641639605362,0.337274283703974,"NS","No","Not_labeled"
"Arl14ep","5v0",3.56679370455633,0.032516407982723,"CLIP_Up","No","Not_labeled"
"Arl15","5v0",-1.03615013526113,0.299875208483796,"NS","No","Not_labeled"
"Arl2bp","5v0",1.86158695480264,0.316314392964584,"NS","No","Not_labeled"
"Arl3","5v0",1.2092924930208,0.272990836781991,"NS","No","Not_labeled"
"Arl5a","5v0",-0.00656328302813058,0.985078508201517,"NS","No","Not_labeled"
"Arl6ip1","5v0",0.775727997705578,0.0482809736562045,"CLIP_Up","No","Not_labeled"
"Arl8a","5v0",-3.02442767892912,0.110855004598178,"NS","No","Not_labeled"
"Arl8b","5v0",0.700445326263131,0.586027091237948,"NS","No","Not_labeled"
"Armc1","5v0",0.191648113248083,0.70723183835923,"NS","No","Not_labeled"
"Armc8","5v0",-0.731288529932046,0.210386768462937,"NS","No","Not_labeled"
"Armcx2","5v0",-2.90422177757517,0.270247500254208,"NS","No","Not_labeled"
"Armcx3","5v0",2.01611637417532,0.350422907418193,"NS","No","Not_labeled"
"Armcx4","5v0",-0.0894994149258386,0.824706744919607,"NS","No","Not_labeled"
"Armcx5","5v0",-0.123019090717532,0.852175725179153,"NS","No","Not_labeled"
"Armh4","5v0",0.959974369669244,0.372738310175563,"NS","No","Not_labeled"
"Arnt2","5v0",-0.253827784698355,0.167100738430428,"NS","No","Not_labeled"
"Arpc1a","5v0",-0.300174376550712,0.378232379154933,"NS","No","Not_labeled"
"Arpc2","5v0",-0.635089127000673,0.167398637572406,"NS","No","Not_labeled"
"Arpc4","5v0",1.75681230523914,0.34465590148201,"NS","No","Not_labeled"
"Arpc5","5v0",-0.92415781431175,0.257100066744111,"NS","No","Not_labeled"
"Arpp21","5v0",-0.040870343988314,0.958586325088516,"NS","No","Not_labeled"
"Arrb1","5v0",0.239942347201712,0.278954722642041,"NS","No","Not_labeled"
"Arrdc3","5v0",0.93663805743877,0.596535478893311,"NS","No","Not_labeled"
"Arsb","5v0",-0.137305499975267,0.816213025182293,"NS","No","Not_labeled"
"Asap2","5v0",1.52877411835884,0.189955535498934,"NS","No","Not_labeled"
"Ascc3","5v0",0.254064623783318,0.0591464549843992,"NS","No","Not_labeled"
"Ash1l","5v0",0.0415717491938512,0.776327640632558,"NS","No","Not_labeled"
"Asic2","5v0",0.145960975451764,0.780048018588355,"NS","No","Not_labeled"
"Asns","5v0",0.886619576989353,0.610568156072277,"NS","No","Not_labeled"
"Asph","5v0",0.513830103366173,0.358226169753358,"NS","No","Not_labeled"
"Asphd2","5v0",-0.793923848317146,0.100327902402952,"NS","No","Not_labeled"
"Astn1","5v0",0.242976643067946,0.549474339591975,"NS","No","Not_labeled"
"Astn2","5v0",-0.173203355997396,0.680805528417138,"NS","No","Not_labeled"
"Asxl2","5v0",1.11292929049329,0.107142293991696,"NS","No","Not_labeled"
"Asxl3","5v0",-0.635955857424854,0.234020179904045,"NS","No","Not_labeled"
"Atad2b","5v0",1.503052886052,0.0883716718059411,"NS","No","Not_labeled"
"Atcay","5v0",-0.331808099678971,0.378885990559602,"NS","No","Not_labeled"
"Ate1","5v0",0.410893692829949,0.731432046874186,"NS","No","Not_labeled"
"Atf3","5v0",-2.86445951057596,0.0422456517393646,"CLIP_Down","No","Not_labeled"
"Atf4","5v0",2.21323291891705,0.240824823741703,"NS","No","Not_labeled"
"Atf6","5v0",-0.84954902204364,0.00764014795029243,"CLIP_Down","No","Not_labeled"
"Atf7","5v0",0.374320098748585,0.624530896307322,"NS","No","Not_labeled"
"Atf7ip","5v0",0.0157604397929823,0.94707237935347,"NS","No","Not_labeled"
"Atg13","5v0",-0.70751562501961,0.107845150343736,"NS","No","Not_labeled"
"Atg16l1","5v0",3.04373116886709,0.0145707910381884,"CLIP_Up","No","Not_labeled"
"Atg2a","5v0",-0.683229124414733,0.211099945236819,"NS","No","Not_labeled"
"Atg2b","5v0",-0.0919032414803249,0.566596002468492,"NS","No","Not_labeled"
"Atg4c","5v0",0.855175478453583,0.504454491996518,"NS","No","Not_labeled"
"Atg7","5v0",-0.603142659362149,0.551700621279232,"NS","No","Not_labeled"
"Atl1","5v0",0.17993075226019,0.730983359669538,"NS","No","Not_labeled"
"Atl2","5v0",2.00256922986455,0.100419610634838,"NS","No","Not_labeled"
"Atm","5v0",-0.446505773938343,0.0859986699646321,"NS","No","Not_labeled"
"Atmin","5v0",-0.576558320703561,0.0630766967420725,"NS","No","Not_labeled"
"Atn1","5v0",-0.708505735526112,0.178100445887212,"NS","No","Not_labeled"
"Atosa","5v0",-0.189524077018967,0.732033682955989,"NS","No","Not_labeled"
"Atp11a","5v0",-0.0232856420650847,0.972751280452513,"NS","No","Not_labeled"
"Atp11b","5v0",-0.945124972762273,0.143913655413859,"NS","No","Not_labeled"
"Atp11c","5v0",1.14234147880548,0.109905947826668,"NS","No","Not_labeled"
"Atp13a2","5v0",1.93653971739638,0.207125845520569,"NS","No","Not_labeled"
"Atp13a3","5v0",0.0548809177617886,0.837875767639595,"NS","No","Not_labeled"
"Atp1a1","5v0",-0.30105020311746,0.663680977399035,"NS","No","Not_labeled"
"Atp1a2","5v0",0.271967946273802,0.571885312525903,"NS","No","Not_labeled"
"Atp1a3","5v0",-0.443216263612483,0.17953131356912,"NS","No","Not_labeled"
"Atp1b1","5v0",0.134824846963745,0.583787157719758,"NS","No","Not_labeled"
"Atp1b2","5v0",-0.733724359678773,0.184671477968782,"NS","No","Not_labeled"
"Atp1b3","5v0",0.132945438320048,0.818466742730597,"NS","No","Not_labeled"
"Atp2a2","5v0",-0.0153749850153826,0.912803494743069,"NS","No","Not_labeled"
"Atp2b1","5v0",-0.138161920533803,0.761433915010402,"NS","No","Not_labeled"
"Atp2b2","5v0",-0.387375178003306,0.161215095028642,"NS","No","Not_labeled"
"Atp2b3","5v0",-0.932619956366298,0.00510221912399715,"CLIP_Down","No","Not_labeled"
"Atp2b4","5v0",-0.754067367256537,0.257818592856553,"NS","No","Not_labeled"
"Atp2c1","5v0",-0.0613385542153519,0.905202686248644,"NS","No","Not_labeled"
"Atp5f1a","5v0",-0.549149727408082,0.081241398351032,"NS","No","Not_labeled"
"Atp5f1b","5v0",-0.120249671254021,0.603104125012874,"NS","No","Not_labeled"
"Atp5mc1","5v0",5.32680349917405,0.0101713945498138,"CLIP_Up","No","Not_labeled"
"Atp5mc3","5v0",-2.86742842461484,0.184151768345653,"NS","No","Not_labeled"
"Atp5pb","5v0",-0.560059641505799,0.304103888491817,"NS","No","Not_labeled"
"Atp5po","5v0",-0.510677391834019,0.623881794087566,"NS","No","Not_labeled"
"Atp6ap1","5v0",0.267982014016992,0.594760632794108,"NS","No","Not_labeled"
"Atp6ap2","5v0",-0.459859139609315,0.22085896715462,"NS","No","Not_labeled"
"Atp6v0a1","5v0",-0.452065192618504,0.135437564360458,"NS","No","Not_labeled"
"Atp6v0c","5v0",-0.488338848659291,0.379288831820365,"NS","No","Not_labeled"
"Atp6v0d1","5v0",-0.0737657297023078,0.874902201700209,"NS","No","Not_labeled"
"Atp6v1a","5v0",0.0696577609361504,0.789774689669274,"NS","No","Not_labeled"
"Atp6v1b2","5v0",-0.227884350638422,0.20543321838433,"NS","No","Not_labeled"
"Atp6v1c1","5v0",-0.14839016125769,0.760978943564414,"NS","No","Not_labeled"
"Atp6v1d","5v0",1.16337539125287,0.432568048628244,"NS","No","Not_labeled"
"Atp6v1e1","5v0",-0.303738025512484,0.276397840483704,"NS","No","Not_labeled"
"Atp6v1h","5v0",-0.855332467269609,0.508223139013262,"NS","No","Not_labeled"
"ATP8","5v0",0.562602564529506,0.283368997504911,"NS","No","Not_labeled"
"Atp8a1","5v0",-0.309649602692601,0.312804288288142,"NS","No","Not_labeled"
"Atp8b2","5v0",0.961698191794909,0.0951657321052204,"NS","No","Not_labeled"
"Atp9a","5v0",-0.0613714658064201,0.934962521448665,"NS","No","Not_labeled"
"Atp9b","5v0",0.143058964414308,0.812576517106692,"NS","No","Not_labeled"
"Atrip","5v0",3.68877948266259,0.0238842757369259,"CLIP_Up","No","Not_labeled"
"Atrn","5v0",0.107851703787861,0.758020562581293,"NS","No","Not_labeled"
"Atrnl1","5v0",-0.173325242122794,0.471674947997821,"NS","No","Not_labeled"
"Atrx","5v0",-0.296949679730439,0.372936022176907,"NS","No","Not_labeled"
"Atxn1","5v0",0.00175463261287323,0.994152955663818,"NS","No","Not_labeled"
"Atxn10","5v0",-0.0904120849951031,0.83981726296386,"NS","No","Not_labeled"
"Atxn1l","5v0",2.73051496344628,0.0656373155857957,"NS","No","Not_labeled"
"Atxn2","5v0",-0.0237704260027565,0.923376752247606,"NS","No","Not_labeled"
"Atxn2l","5v0",-0.347875609699748,0.22171629247266,"NS","No","Not_labeled"
"Atxn7","5v0",0.613703486928267,0.163738196140748,"NS","No","Not_labeled"
"Atxn7l3","5v0",1.08578543383574,0.585117552379278,"NS","No","Not_labeled"
"Atxn7l3b","5v0",-0.175723300251291,0.670034692191043,"NS","No","Not_labeled"
"Auts2","5v0",-0.860385511397848,0.0618002042262783,"NS","No","Not_labeled"
"Avl9","5v0",0.160682406750033,0.729695239456417,"NS","No","Not_labeled"
"Axin1","5v0",0.717485823876854,0.519789829358135,"NS","No","Not_labeled"
"Azin1","5v0",0.683859674494934,0.679423300857877,"NS","No","Not_labeled"
"B230219D22Rik","5v0",-0.133635313295876,0.583368549480971,"NS","No","Not_labeled"
"B2m","5v0",0.224704048752167,0.746448679631723,"NS","No","Not_labeled"
"B3galt1","5v0",-0.0657190135586805,0.892009911296339,"NS","No","Not_labeled"
"B3galt2","5v0",0.0913869606637254,0.851764813843795,"NS","No","Not_labeled"
"B3galt5","5v0",-0.12728010576317,0.841150311840129,"NS","No","Not_labeled"
"B3gat1","5v0",-0.145155319802029,0.807771119956984,"NS","No","Not_labeled"
"B3gnt2","5v0",0.403333854070192,0.563598481546647,"NS","No","Not_labeled"
"B4galt2","5v0",1.51680642732786,0.381908877462146,"NS","No","Not_labeled"
"B4galt6","5v0",-0.33268625570219,0.537576789263838,"NS","No","Not_labeled"
"Bace1","5v0",1.92544982544207,0.254272446750412,"NS","No","Not_labeled"
"Bach1","5v0",-0.292519873522416,0.680400480228776,"NS","No","Not_labeled"
"Bach2","5v0",-0.778894679552916,0.383049957310419,"NS","No","Not_labeled"
"Bag1","5v0",3.10153262654535,0.133698813324723,"NS","No","Not_labeled"
"Bag4","5v0",0.0302552008369239,0.951655330768568,"NS","No","Not_labeled"
"Bag5","5v0",2.691067510817,0.15004157938804,"NS","No","Not_labeled"
"Bahcc1","5v0",0.302350392062448,0.498422378998887,"NS","No","Not_labeled"
"Bahd1","5v0",-0.63320196881401,0.32909878226193,"NS","No","Not_labeled"
"Baiap2","5v0",0.288866501905144,0.592029709902037,"NS","No","Not_labeled"
"Bap1","5v0",0.121982647462201,0.52794725468794,"NS","No","Not_labeled"
"Basp1","5v0",0.0923386543186115,0.741186865329444,"NS","No","Not_labeled"
"Baz1b","5v0",1.16923721805546,0.389188521266076,"NS","No","Not_labeled"
"Baz2a","5v0",0.476523561544587,0.178860606019012,"NS","No","Not_labeled"
"Baz2b","5v0",-0.296564380484369,0.582677096256496,"NS","No","Not_labeled"
"Bbs4","5v0",-0.537299713438899,0.415927090951764,"NS","No","Not_labeled"
"Bbs7","5v0",2.32757736899488,0.0341011756598913,"CLIP_Up","No","Not_labeled"
"Bbx","5v0",-0.454686070254569,0.53293396911994,"NS","No","Not_labeled"
"BC005537","5v0",0.0446688552227252,0.881630523722514,"NS","No","Not_labeled"
"Bcar1","5v0",0.116111337940063,0.778553962125126,"NS","No","Not_labeled"
"Bcas1","5v0",1.62334735457295,0.321650982515065,"NS","No","Not_labeled"
"Bcl11a","5v0",0.528760355915985,0.32190534566999,"NS","No","Not_labeled"
"Bcl11b","5v0",-0.60817171403804,0.257002601117321,"NS","No","Not_labeled"
"Bcl2l1","5v0",-1.71255665412307,0.20714956151055,"NS","No","Not_labeled"
"Bcl2l2","5v0",1.80860561752606,0.373802056961926,"NS","No","Not_labeled"
"Bcl6","5v0",0.411587220602165,0.568541185229811,"NS","No","Not_labeled"
"Bcl7a","5v0",0.75333735956734,0.643066962196272,"NS","No","Not_labeled"
"Bcl9","5v0",-0.776930681979478,0.0637750526448768,"NS","No","Not_labeled"
"Bcl9l","5v0",-1.16913692953814,0.119403423445793,"NS","No","Not_labeled"
"Bclaf1","5v0",-0.821546001280526,0.0390634160003728,"CLIP_Down","No","Not_labeled"
"Bclaf3","5v0",-0.85221731025824,0.429860010132087,"NS","No","Not_labeled"
"Bcorl1","5v0",-1.4215564356421,0.265515815789563,"NS","No","Not_labeled"
"Bcr","5v0",-0.199853340427627,0.401307558515892,"NS","No","Not_labeled"
"Bdp1","5v0",0.198111425480124,0.509541909762611,"NS","No","Not_labeled"
"Begain","5v0",-0.142891199747382,0.64415736199968,"NS","No","Not_labeled"
"Bend3","5v0",-1.20816884664141,0.381185348200686,"NS","No","Not_labeled"
"Bend6","5v0",-0.365665892049905,0.55286948744847,"NS","No","Not_labeled"
"Bex1","5v0",5.04749342778396,0.0457483240115678,"CLIP_Up","No","Not_labeled"
"Bex2","5v0",-0.063249576180481,0.88255093576433,"NS","No","Not_labeled"
"Bex3","5v0",0.315652961722476,0.457243038299852,"NS","No","Not_labeled"
"Bhlhb9","5v0",2.90649878864429,0.121282475863249,"NS","No","Not_labeled"
"Bhlhe22","5v0",-1.00267555516753,0.170223184714289,"NS","No","Not_labeled"
"Bhlhe40","5v0",0.167756013262513,0.782405826512735,"NS","No","Not_labeled"
"Bhlhe41","5v0",1.8232062703946,0.364113942348689,"NS","No","Not_labeled"
"Bicc1","5v0",-0.238826053958309,0.780626188185793,"NS","No","Not_labeled"
"Bicd1","5v0",-0.889411912645036,0.118612167024351,"NS","No","Not_labeled"
"Bicd2","5v0",0.114109277863053,0.731530810984508,"NS","No","Not_labeled"
"Bicdl1","5v0",1.86814948525586,0.192118625842458,"NS","No","Not_labeled"
"Bicra","5v0",-0.565486441087271,0.336557041936756,"NS","No","Not_labeled"
"Bicral","5v0",0.0879100955372483,0.760696789225801,"NS","No","Not_labeled"
"Bin1","5v0",-0.603995682475889,0.318856270694042,"NS","No","Not_labeled"
"Birc2","5v0",0.810217758359092,0.31044232329726,"NS","No","Not_labeled"
"Birc6","5v0",-0.109014086879905,0.839145732308182,"NS","No","Not_labeled"
"Bivm","5v0",-1.38848657854136,0.297870669472187,"NS","No","Not_labeled"
"Blcap","5v0",-3.38328673754003,0.070276387095964,"NS","No","Not_labeled"
"Blm","5v0",-1.00614986433023,0.297748286986871,"NS","No","Not_labeled"
"Bltp1","5v0",-0.293487899982761,0.247441442211001,"NS","No","Not_labeled"
"Bltp2","5v0",0.047954208361233,0.690830880188174,"NS","No","Not_labeled"
"Bltp3b","5v0",0.350004278463475,0.18885423754465,"NS","No","Not_labeled"
"Bmerb1","5v0",1.19672559176107,0.0603592120889936,"NS","No","Not_labeled"
"Bmi1","5v0",-0.0119700144565194,0.949679383464598,"NS","No","Not_labeled"
"Bmp2k","5v0",-0.525838605672268,0.454394154255158,"NS","No","Not_labeled"
"Bmpr1a","5v0",0.269235816669716,0.770087721723529,"NS","No","Not_labeled"
"Bmpr1b","5v0",1.14479505924475,0.020278032754072,"CLIP_Up","No","Not_labeled"
"Bmpr2","5v0",0.0816216254169682,0.506083951690412,"NS","No","Not_labeled"
"Bnip3l","5v0",1.2793354932859,0.40642662297208,"NS","No","Not_labeled"
"Bod1l","5v0",0.411516775125618,0.271953494472832,"NS","No","Not_labeled"
"Bpnt1","5v0",-2.99790648627789,0.0427173312366643,"CLIP_Down","No","Not_labeled"
"Bpnt2","5v0",-0.343516559195196,0.484087138743814,"NS","No","Not_labeled"
"Bptf","5v0",-0.00543731111354795,0.983235865565899,"NS","No","Not_labeled"
"Braf","5v0",-0.099132909439251,0.625029690870121,"NS","No","Not_labeled"
"Brap","5v0",0.117323500687249,0.85985370553481,"NS","No","Not_labeled"
"Brd1","5v0",-0.34363654299376,0.538970823736624,"NS","No","Not_labeled"
"Brd2","5v0",0.173388099224608,0.369113949166547,"NS","No","Not_labeled"
"Brd3","5v0",0.920837664825464,0.469238036935549,"NS","No","Not_labeled"
"Brd4","5v0",-0.364729426327895,0.300487077904114,"NS","No","Not_labeled"
"Brd7","5v0",0.201305617464074,0.61908879414513,"NS","No","Not_labeled"
"Brd8","5v0",0.881997724010208,0.580547193508165,"NS","No","Not_labeled"
"Bri3bp","5v0",-0.370439556338991,0.414675215836574,"NS","No","Not_labeled"
"Brinp1","5v0",-0.0428911681619999,0.746745322729971,"NS","No","Not_labeled"
"Brinp2","5v0",-0.97182832377836,0.0127664197285844,"CLIP_Down","No","Not_labeled"
"Brms1l","5v0",1.36441833911826,0.179200328959132,"NS","No","Not_labeled"
"Brox","5v0",-0.374089760928216,0.507642414410603,"NS","No","Not_labeled"
"Brpf1","5v0",3.21196017389525,0.156189914377476,"NS","No","Not_labeled"
"Brpf3","5v0",-0.369401756564758,0.191778072354689,"NS","No","Not_labeled"
"Brsk1","5v0",-0.442332454287374,0.363918539193928,"NS","No","Not_labeled"
"Brsk2","5v0",0.0797181831978748,0.813689922965181,"NS","No","Not_labeled"
"Brwd1","5v0",1.3182770148603,0.253282252088704,"NS","No","Not_labeled"
"Brwd3","5v0",0.977607142999785,0.464278593219607,"NS","No","Not_labeled"
"Bsdc1","5v0",1.04457712349654,0.356225170790808,"NS","No","Not_labeled"
"Bsg","5v0",-1.91652156174405,0.336709392026053,"NS","No","Not_labeled"
"Bsn","5v0",-0.463511915526556,0.0629826822916602,"NS","No","Not_labeled"
"Btaf1","5v0",0.620900253601252,0.0692715381420422,"NS","No","Not_labeled"
"Btbd1","5v0",-0.498717883941424,0.333039356403585,"NS","No","Not_labeled"
"Btbd2","5v0",0.348367889273627,0.323050701520476,"NS","No","Not_labeled"
"Btbd3","5v0",-0.295629174766942,0.449911227828548,"NS","No","Not_labeled"
"Btbd6","5v0",-2.95304591625748,0.170050447749456,"NS","No","Not_labeled"
"Btbd7","5v0",-0.767600709684795,0.137787498683399,"NS","No","Not_labeled"
"Btbd9","5v0",-0.18257066867059,0.580499536643317,"NS","No","Not_labeled"
"Btg1","5v0",0.121901807560879,0.84405247732002,"NS","No","Not_labeled"
"Btg2","5v0",-0.57002467534777,0.333514851582927,"NS","No","Not_labeled"
"Btrc","5v0",1.01847840804007,0.10210694339112,"NS","No","Not_labeled"
"Bzw1","5v0",2.31121295834568,0.207326740137473,"NS","No","Not_labeled"
"C1ql3","5v0",-0.452281304401002,0.584143824336543,"NS","No","Not_labeled"
"C2cd2l","5v0",-0.955497875017745,0.149136311626388,"NS","No","Not_labeled"
"C2cd3","5v0",-0.348186918971532,0.268299519170775,"NS","No","Not_labeled"
"C2cd5","5v0",0.211834423976249,0.503690483108979,"NS","No","Not_labeled"
"C9orf72","5v0",0.924904037499649,0.475155711752938,"NS","No","Not_labeled"
"Cab39","5v0",-0.0311441195593267,0.904808364304248,"NS","No","Not_labeled"
"Cab39l","5v0",1.11637238906053,0.215404898164646,"NS","No","Not_labeled"
"Cabin1","5v0",-0.566981205443631,0.174519404850674,"NS","No","Not_labeled"
"Cabp7","5v0",-0.37914535825895,0.29300673656521,"NS","No","Not_labeled"
"Cachd1","5v0",-0.291661816489561,0.381259162294753,"NS","No","Not_labeled"
"Cacna1a","5v0",-0.154258776499592,0.437085111042045,"NS","No","Not_labeled"
"Cacna1b","5v0",-0.693295316980309,0.100732190604543,"NS","No","Not_labeled"
"Cacna1c","5v0",-0.407989347938041,0.504808756728427,"NS","No","Not_labeled"
"Cacna1d","5v0",-1.03562576744095,0.170367355560168,"NS","No","Not_labeled"
"Cacna1e","5v0",-0.385317781473599,0.0426490075328141,"CLIP_Down","Yes","Decreased"
"Cacna1h","5v0",-0.356327324636766,0.413790478302802,"NS","No","Not_labeled"
"Cacna1i","5v0",0.189204721504773,0.53951234989474,"NS","No","Not_labeled"
"Cacna2d3","5v0",0.707960621460282,0.0634497300323806,"NS","No","Not_labeled"
"Cacnb1","5v0",1.9439909261864,0.208193643412988,"NS","No","Not_labeled"
"Cacnb3","5v0",-0.229087552368556,0.575276923879455,"NS","No","Not_labeled"
"Cacnb4","5v0",0.188862539029436,0.510792091792728,"NS","No","Not_labeled"
"Cacng2","5v0",0.0903014162490186,0.843398105743359,"NS","No","Not_labeled"
"Cacng8","5v0",0.0155214439412332,0.979289397518743,"NS","No","Not_labeled"
"Cacul1","5v0",-0.972379375763472,0.066922364568003,"NS","No","Not_labeled"
"Cadm1","5v0",0.26156491891041,0.734944967639106,"NS","No","Not_labeled"
"Cadm2","5v0",0.395474192969836,0.232991520780769,"NS","No","Not_labeled"
"Cadm3","5v0",-0.0565977277063807,0.86052500355775,"NS","No","Not_labeled"
"Cadm4","5v0",2.07532060141908,0.0950782203531648,"NS","No","Not_labeled"
"Cadps","5v0",-0.245425036215964,0.465563898232642,"NS","No","Not_labeled"
"Calcoco1","5v0",3.42260695527917,0.0324050258087273,"CLIP_Up","No","Not_labeled"
"Calm1","5v0",-0.159132499206712,0.663843615415272,"NS","No","Not_labeled"
"Calm2","5v0",-0.172688496462456,0.587088828079644,"NS","No","Not_labeled"
"Calm3","5v0",-0.0550407508601793,0.917472608816078,"NS","No","Not_labeled"
"Caln1","5v0",-0.846695606716134,0.283032266663126,"NS","No","Not_labeled"
"Calr","5v0",1.98365512424623,0.266172572712678,"NS","No","Not_labeled"
"Calu","5v0",2.51459706010486,0.140837983369107,"NS","No","Not_labeled"
"Caly","5v0",-0.554099034202738,0.561660200809746,"NS","No","Not_labeled"
"Camk1d","5v0",-0.0847288196056823,0.834311927015792,"NS","No","Not_labeled"
"Camk2a","5v0",-0.0466900392548171,0.880590240081274,"NS","No","Not_labeled"
"Camk2b","5v0",-0.260429407353531,0.519443580296995,"NS","No","Not_labeled"
"Camk2g","5v0",0.0180220330762655,0.958583210699137,"NS","No","Not_labeled"
"Camk2n1","5v0",-0.405775044308541,0.305534830125413,"NS","No","Not_labeled"
"Camk4","5v0",-0.0629419914089311,0.798958745536686,"NS","No","Not_labeled"
"Camkk1","5v0",-0.396639322683621,0.322418716631351,"NS","No","Not_labeled"
"Camkk2","5v0",-0.496668847537143,0.113633806075559,"NS","No","Not_labeled"
"Camkv","5v0",0.37394090579871,0.09275025516819,"NS","No","Not_labeled"
"Camsap1","5v0",0.131351530798178,0.668168316539133,"NS","No","Not_labeled"
"Camsap2","5v0",-0.266261214900623,0.288181383804194,"NS","No","Not_labeled"
"Camsap3","5v0",0.678477681575068,0.620818661671939,"NS","No","Not_labeled"
"Camta1","5v0",-0.656972189238914,0.0303025728039241,"CLIP_Down","No","Not_labeled"
"Camta2","5v0",1.60594396793961,0.350609768792544,"NS","No","Not_labeled"
"Cand1","5v0",-0.112838252739546,0.703761398670087,"NS","No","Not_labeled"
"Canx","5v0",-0.430160325011511,0.14924835557564,"NS","No","Not_labeled"
"Cap1","5v0",-0.217014558007938,0.55479693209767,"NS","No","Not_labeled"
"Cap2","5v0",0.34360476418401,0.223889281945872,"NS","No","Not_labeled"
"Capn2","5v0",1.54460529329461,0.126731026983093,"NS","No","Not_labeled"
"Capn7","5v0",1.30440570157006,0.443476935454232,"NS","No","Not_labeled"
"Caprin1","5v0",-0.0105596182899061,0.943998754496787,"NS","No","Not_labeled"
"Capza1","5v0",-2.49218795877628,0.0619820713829741,"NS","No","Not_labeled"
"Capza2","5v0",-0.341813996965138,0.366181068279287,"NS","No","Not_labeled"
"Capzb","5v0",-1.20696209323786,0.0918842527212301,"NS","No","Not_labeled"
"Car12","5v0",0.924432937634417,0.343255929253239,"NS","No","Not_labeled"
"Car2","5v0",0.171014427039083,0.759097676608876,"NS","No","Not_labeled"
"Carmil1","5v0",0.267401419417732,0.75736180147679,"NS","No","Not_labeled"
"Carmil3","5v0",1.68625641737932,0.131714164693569,"NS","No","Not_labeled"
"Casc3","5v0",1.51996847285963,0.194747735249045,"NS","No","Not_labeled"
"Casd1","5v0",0.000651430246361828,0.997673500406913,"NS","No","Not_labeled"
"Cask","5v0",-0.0494079841821214,0.899195700353703,"NS","No","Not_labeled"
"Caskin1","5v0",-0.0705385400074201,0.871048862935384,"NS","No","Not_labeled"
"Casp8ap2","5v0",1.83252429116719,0.179794511953368,"NS","No","Not_labeled"
"Castor2","5v0",0.0832890477597976,0.829208642930898,"NS","No","Not_labeled"
"Catspere2","5v0",-0.161337906514185,0.678421407858629,"NS","No","Not_labeled"
"Cbarp","5v0",0.177202914135467,0.823950887493085,"NS","No","Not_labeled"
"Cbfa2t2","5v0",0.895091216311108,0.106177095882329,"NS","No","Not_labeled"
"Cbfa2t3","5v0",1.31484238102682,0.313963736408563,"NS","No","Not_labeled"
"Cbfb","5v0",0.418497800753701,0.752116148707816,"NS","No","Not_labeled"
"Cbl","5v0",0.173038301110969,0.698949432842416,"NS","No","Not_labeled"
"Cblb","5v0",-0.234630986775314,0.756924624279378,"NS","No","Not_labeled"
"Cbx3","5v0",-0.827686671683734,0.409242327669127,"NS","No","Not_labeled"
"Cbx4","5v0",1.46574741590564,0.356050834226987,"NS","No","Not_labeled"
"Cbx5","5v0",0.258152876945137,0.561672565125682,"NS","No","Not_labeled"
"Cbx6","5v0",-0.456261658484977,0.326032683444798,"NS","No","Not_labeled"
"Cc2d1b","5v0",3.52458657127431,0.0288695039677165,"CLIP_Up","No","Not_labeled"
"Cc2d2a","5v0",0.881458767363565,0.498784645315138,"NS","No","Not_labeled"
"Ccar1","5v0",0.0353604576486166,0.938946356941345,"NS","No","Not_labeled"
"Ccdc126","5v0",-3.90743582823286,0.00964787341390759,"CLIP_Down","No","Not_labeled"
"Ccdc127","5v0",-1.01828710457132,0.212472948736211,"NS","No","Not_labeled"
"Ccdc141","5v0",1.51793536173523,0.163082615039309,"NS","No","Not_labeled"
"Ccdc149","5v0",-0.191802663030861,0.652907281786129,"NS","No","Not_labeled"
"Ccdc186","5v0",-0.177652822397914,0.786683015790702,"NS","No","Not_labeled"
"Ccdc47","5v0",-0.570089625886368,0.429037302258515,"NS","No","Not_labeled"
"Ccdc50","5v0",1.19775912051237,0.237881141030573,"NS","No","Not_labeled"
"Ccdc6","5v0",-0.858940001189608,0.0961613172738753,"NS","No","Not_labeled"
"Ccdc85a","5v0",1.07375294461691,0.39249661312321,"NS","No","Not_labeled"
"Ccdc88a","5v0",0.112050968536154,0.625027224778565,"NS","No","Not_labeled"
"Ccdc88c","5v0",0.215686463313329,0.622983158020296,"NS","No","Not_labeled"
"Ccdc90b","5v0",0.939540912775345,0.435662976767362,"NS","No","Not_labeled"
"Ccdc92","5v0",0.981181765437263,0.465116560336544,"NS","No","Not_labeled"
"Ccnd2","5v0",-0.319038163909971,0.549799617151157,"NS","No","Not_labeled"
"Ccng2","5v0",1.59435366588415,0.364231913287115,"NS","No","Not_labeled"
"Ccni","5v0",0.376326897043855,0.65655066874074,"NS","No","Not_labeled"
"Ccnt1","5v0",-0.350111062537088,0.573638134824895,"NS","No","Not_labeled"
"Ccnt2","5v0",-0.104879390197148,0.869702422120387,"NS","No","Not_labeled"
"Ccny","5v0",0.467764657550298,0.285092663460992,"NS","No","Not_labeled"
"Ccp110","5v0",0.385407567821185,0.622811400575071,"NS","No","Not_labeled"
"Ccsap","5v0",1.10243953702497,0.362340152907175,"NS","No","Not_labeled"
"Ccser1","5v0",-0.161894266782946,0.564225361251977,"NS","No","Not_labeled"
"Ccser2","5v0",-0.345863296927634,0.404762335676872,"NS","No","Not_labeled"
"Cct5","5v0",1.92320945356442,0.254252915481615,"NS","No","Not_labeled"
"Cct7","5v0",0.104287498235141,0.848929112422384,"NS","No","Not_labeled"
"Cd2bp2","5v0",-2.82389342568131,0.115386882371963,"NS","No","Not_labeled"
"Cd34","5v0",-2.34109507463047,0.10765266044641,"NS","No","Not_labeled"
"Cd47","5v0",-0.173174254571912,0.530724407619118,"NS","No","Not_labeled"
"Cd63","5v0",-5.71555409946536,0.0164079580706844,"CLIP_Down","Yes","Decreased"
"Cd83","5v0",1.46474487902391,0.20854185900166,"NS","No","Not_labeled"
"Cdc14b","5v0",2.17404425801672,0.0572036372967344,"NS","No","Not_labeled"
"Cdc23","5v0",1.92658923079606,0.167426529933733,"NS","No","Not_labeled"
"Cdc27","5v0",-0.768069252397263,0.105053302352873,"NS","No","Not_labeled"
"Cdc37l1","5v0",2.31865078344724,0.046593614571352,"CLIP_Up","No","Not_labeled"
"Cdc40","5v0",-0.511378065596611,0.337661579196039,"NS","No","Not_labeled"
"Cdc42","5v0",-0.722237958310051,0.215300735459068,"NS","No","Not_labeled"
"Cdc42bpa","5v0",-0.175492047872504,0.382186862855524,"NS","No","Not_labeled"
"Cdc42bpb","5v0",-0.14570834334054,0.243888356494057,"NS","No","Not_labeled"
"Cdc42ep4","5v0",2.57314523374005,0.112412403498232,"NS","No","Not_labeled"
"Cdc42se2","5v0",-0.804626363531814,0.0416980506983437,"CLIP_Down","No","Not_labeled"
"Cdc5l","5v0",-1.42944712350165,0.202556122742376,"NS","No","Not_labeled"
"Cdc73","5v0",0.239654729092641,0.67963011873594,"NS","No","Not_labeled"
"Cdh2","5v0",-0.427190701748589,0.252912233532947,"NS","No","Not_labeled"
"Cdh8","5v0",0.225107806400216,0.768291010105563,"NS","No","Not_labeled"
"Cdip1","5v0",-0.502351386775915,0.185902684635835,"NS","No","Not_labeled"
"Cdk11b","5v0",3.10121526800436,0.0818976554140883,"NS","No","Not_labeled"
"Cdk12","5v0",-0.109773464695399,0.72365961361991,"NS","No","Not_labeled"
"Cdk13","5v0",0.209999995926577,0.294517132108946,"NS","No","Not_labeled"
"Cdk14","5v0",0.164088685329939,0.579303773364171,"NS","No","Not_labeled"
"Cdk16","5v0",-0.197483182752221,0.266008668938468,"NS","No","Not_labeled"
"Cdk17","5v0",1.01657864514395,0.0473704938772614,"CLIP_Up","No","Not_labeled"
"Cdk19","5v0",-0.0688687950824338,0.737483205445374,"NS","No","Not_labeled"
"Cdk5r1","5v0",-0.486007244263063,0.0462315718277391,"CLIP_Down","Yes","Decreased"
"Cdk5r2","5v0",-0.0715238560753386,0.878324255456933,"NS","No","Not_labeled"
"Cdk5rap2","5v0",0.248644199163748,0.775967925071637,"NS","No","Not_labeled"
"Cdkl2","5v0",-2.62653030646633,0.0792108428947467,"NS","No","Not_labeled"
"Cdkl5","5v0",0.0533313884433679,0.791037135990622,"NS","No","Not_labeled"
"Cdkn1b","5v0",-0.244225448670212,0.712878699165819,"NS","No","Not_labeled"
"Cds1","5v0",-0.702496829144887,0.357148449544579,"NS","No","Not_labeled"
"Cds2","5v0",-0.456243899196284,0.0491869086786978,"CLIP_Down","No","Not_labeled"
"Cdv3","5v0",1.8689100100525,0.346029308460004,"NS","No","Not_labeled"
"Cecr2","5v0",-1.61638489475842,0.101733700337628,"NS","No","Not_labeled"
"Celf2","5v0",-0.257644009507379,0.559982112398391,"NS","No","Not_labeled"
"Celf3","5v0",-0.404329416512788,0.495977196042345,"NS","No","Not_labeled"
"Celf4","5v0",-0.190387876594814,0.45760414601804,"NS","No","Not_labeled"
"Celf5","5v0",-0.183778603971948,0.740081575629209,"NS","No","Not_labeled"
"Celsr2","5v0",-0.577211356020833,0.0528771360180184,"NS","No","Not_labeled"
"Celsr3","5v0",-0.299243836722475,0.312152682377526,"NS","No","Not_labeled"
"Cemip2","5v0",-0.338378778858729,0.595675849521233,"NS","No","Not_labeled"
"Cend1","5v0",-2.67131010177955,0.249973499478926,"NS","No","Not_labeled"
"Cenpb","5v0",0.388181119962947,0.275404738478059,"NS","No","Not_labeled"
"Cep104","5v0",-0.034799639598468,0.944152730510592,"NS","No","Not_labeled"
"Cep120","5v0",-0.559586550478569,0.285198219241354,"NS","No","Not_labeled"
"Cep131","5v0",2.64921307114846,0.158967605819062,"NS","No","Not_labeled"
"Cep170","5v0",-1.2321323560016,0.421566059453865,"NS","No","Not_labeled"
"Cep170b","5v0",-0.599465873439138,0.145892026569169,"NS","No","Not_labeled"
"Cep290","5v0",1.35143452708489,0.190040643409882,"NS","No","Not_labeled"
"Cep295","5v0",-1.05661547480277,0.0514785210313349,"NS","No","Not_labeled"
"Cep350","5v0",0.770679154153321,0.0887995156168922,"NS","No","Not_labeled"
"Cep68","5v0",0.132646475744741,0.759596991244494,"NS","No","Not_labeled"
"Cep97","5v0",-0.316088213004402,0.610709738553165,"NS","No","Not_labeled"
"Cept1","5v0",1.8372820963492,0.201247323480921,"NS","No","Not_labeled"
"Cerk","5v0",0.581264558747123,0.177488608913996,"NS","No","Not_labeled"
"Cers6","5v0",0.218347530655009,0.755186973427504,"NS","No","Not_labeled"
"Cert1","5v0",-0.501308838931173,0.391442701360233,"NS","No","Not_labeled"
"Cfap418","5v0",-1.77959840617084,0.153358585294995,"NS","No","Not_labeled"
"Cfl1","5v0",-0.334578805468947,0.330665303633372,"NS","No","Not_labeled"
"Cflar","5v0",0.371355978666675,0.132226165329704,"NS","No","Not_labeled"
"Cggbp1","5v0",0.434723091304639,0.341624723750469,"NS","No","Not_labeled"
"Champ1","5v0",-0.444273595821443,0.437207536588923,"NS","No","Not_labeled"
"Chchd6","5v0",0.959421915107347,0.0438707722168428,"CLIP_Up","No","Not_labeled"
"Chd1","5v0",0.253555646485988,0.549114603490032,"NS","No","Not_labeled"
"Chd2","5v0",1.07267046687503,0.306748307695712,"NS","No","Not_labeled"
"Chd3","5v0",-0.132649539559508,0.62712640035891,"NS","No","Not_labeled"
"Chd4","5v0",0.256312860839111,0.447378994946642,"NS","No","Not_labeled"
"Chd5","5v0",0.11407996386929,0.426769263453042,"NS","No","Not_labeled"
"Chd6","5v0",0.470584985621115,0.482680680527115,"NS","No","Not_labeled"
"Chd8","5v0",-0.656426434265298,0.0973400719778411,"NS","No","Not_labeled"
"Chd9","5v0",0.0263564996052317,0.915057924365601,"NS","No","Not_labeled"
"Cherp","5v0",-0.0511849459017819,0.918182980217771,"NS","No","Not_labeled"
"Chgb","5v0",-0.119641230492841,0.583948381063217,"NS","No","Not_labeled"
"Chl1","5v0",-0.196490658076211,0.370246324725848,"NS","No","Not_labeled"
"Chm","5v0",-0.406554944581332,0.439182264717641,"NS","No","Not_labeled"
"Chmp4b","5v0",-0.10011393578548,0.788483506066722,"NS","No","Not_labeled"
"Chn1","5v0",-0.25197726571341,0.635786383098003,"NS","No","Not_labeled"
"Chn2","5v0",0.0406861580670401,0.947289320192896,"NS","No","Not_labeled"
"Chordc1","5v0",-2.38099101544603,0.073339559948058,"NS","No","Not_labeled"
"Chp1","5v0",1.0570770373071,0.484732207305006,"NS","No","Not_labeled"
"Chpf","5v0",0.540608521065903,0.0754616237942147,"NS","No","Not_labeled"
"Chpt1","5v0",0.348778623387847,0.569837851464815,"NS","No","Not_labeled"
"Chrm1","5v0",-0.132953806738583,0.711976239805425,"NS","No","Not_labeled"
"Chrm3","5v0",-0.0512841674172854,0.913473589555641,"NS","No","Not_labeled"
"Chrnb2","5v0",2.71158896688513,0.0911740740453492,"NS","No","Not_labeled"
"Chst1","5v0",-0.647583803930757,0.249280042842297,"NS","No","Not_labeled"
"Chst10","5v0",0.580876571982918,0.670764429414183,"NS","No","Not_labeled"
"Chst11","5v0",0.367692609344358,0.621461321915568,"NS","No","Not_labeled"
"Chst15","5v0",-0.905546256158603,0.00043498792843034,"CLIP_Down","No","Not_labeled"
"Chst2","5v0",0.332661900099239,0.493068891287366,"NS","No","Not_labeled"
"Chsy1","5v0",1.66628257876201,0.0600113261915628,"NS","No","Not_labeled"
"Chtf8","5v0",1.45067863805907,0.471657088721572,"NS","No","Not_labeled"
"Chtop","5v0",-1.78267892785729,0.388738830901742,"NS","No","Not_labeled"
"Chuk","5v0",-0.554494562477295,0.23542405987149,"NS","No","Not_labeled"
"Cic","5v0",-0.888415406611877,0.0895576976211131,"NS","No","Not_labeled"
"Cipc","5v0",1.4203265210551,0.330939236580753,"NS","No","Not_labeled"
"Ckap5","5v0",0.0922300392432716,0.85101404892461,"NS","No","Not_labeled"
"Ckb","5v0",2.49735453418226,0.325483373185922,"NS","No","Not_labeled"
"Clasp1","5v0",0.396023547682833,0.494798338762582,"NS","No","Not_labeled"
"Clasp2","5v0",-0.111508916528273,0.54382956981283,"NS","No","Not_labeled"
"Clcn3","5v0",0.439697314485605,0.144032036171141,"NS","No","Not_labeled"
"Clcn4","5v0",0.234970458278998,0.437987624605832,"NS","No","Not_labeled"
"Cldn34c1","5v0",1.69802170000757,0.0178436274906456,"CLIP_Up","No","Not_labeled"
"Clec16a","5v0",-1.09285591966496,0.164582774740208,"NS","No","Not_labeled"
"Clic4","5v0",1.41583846704493,0.224468638525927,"NS","No","Not_labeled"
"Clint1","5v0",0.0189214587390323,0.949262516533404,"NS","No","Not_labeled"
"Clip2","5v0",0.25188169534874,0.443949276891261,"NS","No","Not_labeled"
"Clip3","5v0",-0.134242781481192,0.662745551085891,"NS","No","Not_labeled"
"Clip4","5v0",0.119201323502655,0.721129280554842,"NS","No","Not_labeled"
"Clmn","5v0",-0.0994159250469071,0.43895641248775,"NS","No","Not_labeled"
"Clock","5v0",-0.0882493937530899,0.786322090931793,"NS","No","Not_labeled"
"Clptm1l","5v0",-2.4395234300865,0.112380648286318,"NS","No","Not_labeled"
"Clpx","5v0",0.195059742874208,0.758833759672197,"NS","No","Not_labeled"
"Clstn1","5v0",-0.638125999039132,0.0475167306878096,"CLIP_Down","Yes","Decreased"
"Clstn2","5v0",-1.14007897081574,0.0335442633113986,"CLIP_Down","Yes","Decreased"
"Clstn3","5v0",0.834614573700071,0.554595851279635,"NS","No","Not_labeled"
"Cltc","5v0",0.0257838945643138,0.831065567223493,"NS","No","Not_labeled"
"Clu","5v0",2.00696724281202,0.135098967907523,"NS","No","Not_labeled"
"Cluh","5v0",-0.376854653555932,0.345130631085584,"NS","No","Not_labeled"
"Cmas","5v0",0.654294437123659,0.515262077024179,"NS","No","Not_labeled"
"Cmip","5v0",-0.358619288581442,0.353592555511564,"NS","No","Not_labeled"
"Cmtm4","5v0",-0.164201638205883,0.747680305870424,"NS","No","Not_labeled"
"Cmtr1","5v0",-0.137065016975389,0.789515574552953,"NS","No","Not_labeled"
"Cnbp","5v0",1.44009484283778,0.376248961811945,"NS","No","Not_labeled"
"Cnih2","5v0",-0.331193380947421,0.396859783803073,"NS","No","Not_labeled"
"Cnksr2","5v0",-0.255438997146883,0.412964890396086,"NS","No","Not_labeled"
"Cnn3","5v0",1.39347961049869,0.258236390066301,"NS","No","Not_labeled"
"Cnnm1","5v0",-0.728136495827154,0.0500671649394432,"NS","No","Not_labeled"
"Cnnm2","5v0",-0.438626647911203,0.433732886331016,"NS","No","Not_labeled"
"Cnnm3","5v0",0.630160435311213,0.702552575722676,"NS","No","Not_labeled"
"Cnot1","5v0",-0.11211280552065,0.802119788457944,"NS","No","Not_labeled"
"Cnot6","5v0",0.220947197878526,0.55322661210474,"NS","No","Not_labeled"
"Cnot6l","5v0",0.561573638700849,0.642757675653632,"NS","No","Not_labeled"
"Cnot8","5v0",-0.492662389506259,0.162425022055542,"NS","No","Not_labeled"
"Cnp","5v0",-0.179242222247566,0.646041296907048,"NS","No","Not_labeled"
"Cnr1","5v0",0.392076212870952,0.528970122263103,"NS","No","Not_labeled"
"Cntln","5v0",0.666722691292554,0.472266579695305,"NS","No","Not_labeled"
"Cntn1","5v0",0.238013467725288,0.639060493776972,"NS","No","Not_labeled"
"Cntn2","5v0",0.418372489643988,0.748137156733075,"NS","No","Not_labeled"
"Cntnap1","5v0",-0.43127508062723,0.191968545361155,"NS","No","Not_labeled"
"Cntnap2","5v0",-0.0804706675763214,0.902919634804277,"NS","No","Not_labeled"
"Cntnap5a","5v0",-0.374393956019129,0.486707820531341,"NS","No","Not_labeled"
"Coa5","5v0",1.18208530534574,0.406489593081857,"NS","No","Not_labeled"
"Cog5","5v0",0.155221677630963,0.814801806936442,"NS","No","Not_labeled"
"Cog6","5v0",1.9092502629931,0.159476956830929,"NS","No","Not_labeled"
"Cog7","5v0",0.393665834751679,0.542972939575657,"NS","No","Not_labeled"
"Coil","5v0",3.01887484306191,0.0233561226468069,"CLIP_Up","No","Not_labeled"
"Col25a1","5v0",0.733519967252639,0.136172711540603,"NS","No","Not_labeled"
"Colgalt1","5v0",1.01452083356865,0.493193952801565,"NS","No","Not_labeled"
"Cop1","5v0",-0.0161982994588481,0.948427257172692,"NS","No","Not_labeled"
"Copa","5v0",-0.245467131501085,0.522776949373084,"NS","No","Not_labeled"
"Copb1","5v0",1.50933152068553,0.267320207593956,"NS","No","Not_labeled"
"Copg1","5v0",0.476555592785132,0.251737693172535,"NS","No","Not_labeled"
"Copg2","5v0",-0.322132348905617,0.526044379077455,"NS","No","Not_labeled"
"Cops2","5v0",1.03730366473193,0.534063961769095,"NS","No","Not_labeled"
"Cops5","5v0",1.72593671061108,0.199971350927904,"NS","No","Not_labeled"
"Cops6","5v0",-2.35283275657899,0.287365239866551,"NS","No","Not_labeled"
"Coq2","5v0",2.25544720723607,0.0433885457527761,"CLIP_Up","No","Not_labeled"
"Coq8a","5v0",-0.519968834180603,0.155479342116901,"NS","No","Not_labeled"
"Coro1c","5v0",-1.05381629721671,0.381019537508106,"NS","No","Not_labeled"
"Coro2b","5v0",-0.10628450270682,0.839323503028235,"NS","No","Not_labeled"
"COX1","5v0",-0.0799634977430994,0.858001972838034,"NS","No","Not_labeled"
"COX3","5v0",-0.663258945784715,0.113550966071576,"NS","No","Not_labeled"
"Cox4i1","5v0",-4.27812224840635,0.0308341174205226,"CLIP_Down","No","Not_labeled"
"Cpd","5v0",0.195975973944104,0.449984453059369,"NS","No","Not_labeled"
"Cpe","5v0",-0.0579408071887642,0.754752732565801,"NS","No","Not_labeled"
"Cpeb1","5v0",0.713019298210525,0.544710878280299,"NS","No","Not_labeled"
"Cpeb2","5v0",0.391850692930207,0.320842149214779,"NS","No","Not_labeled"
"Cpeb3","5v0",1.0056802012518,0.392309405456187,"NS","No","Not_labeled"
"Cpeb4","5v0",0.527222963621068,0.0859584429532895,"NS","No","Not_labeled"
"Cplane1","5v0",-0.188927429502918,0.717929653524998,"NS","No","Not_labeled"
"Cplx1","5v0",-1.19766925073265,0.00677497931237237,"CLIP_Down","Yes","Decreased"
"Cplx2","5v0",-0.572137939669683,0.12465145906023,"NS","No","Not_labeled"
"Cpne3","5v0",1.60279880242717,0.100282268476048,"NS","No","Not_labeled"
"Cpne4","5v0",-0.686560952437783,0.0260793338220054,"CLIP_Down","No","Not_labeled"
"Cpne8","5v0",0.10111040580718,0.92353936632195,"NS","No","Not_labeled"
"Cpsf2","5v0",-0.12111685503743,0.702716863518988,"NS","No","Not_labeled"
"Cpsf3","5v0",-1.02284978031617,0.126882905440856,"NS","No","Not_labeled"
"Cpsf6","5v0",0.925180041312087,0.518040158058465,"NS","No","Not_labeled"
"Cpt1a","5v0",0.769335520220192,0.410742953732117,"NS","No","Not_labeled"
"Cracd","5v0",0.506066753438714,0.266576192417142,"NS","No","Not_labeled"
"Cracdl","5v0",-0.160333050262042,0.57737126431316,"NS","No","Not_labeled"
"Cramp1","5v0",1.34021661255266,0.206645028548639,"NS","No","Not_labeled"
"Crbn","5v0",-0.200527556918076,0.837627159995198,"NS","No","Not_labeled"
"Creb1","5v0",-0.108285510738131,0.801590270515592,"NS","No","Not_labeled"
"Crebbp","5v0",-0.143827361540963,0.393191492346681,"NS","No","Not_labeled"
"Crebrf","5v0",0.00293665057063652,0.99363086860083,"NS","No","Not_labeled"
"Crebzf","5v0",0.534600247299402,0.216326949056513,"NS","No","Not_labeled"
"Creg2","5v0",0.015672166655913,0.964477906832471,"NS","No","Not_labeled"
"Crim1","5v0",-0.27881712292567,0.507458726637017,"NS","No","Not_labeled"
"Crk","5v0",-0.1906865254986,0.680736063198635,"NS","No","Not_labeled"
"Crkl","5v0",0.567537970565677,0.628476760379115,"NS","No","Not_labeled"
"Crls1","5v0",-1.87537852949807,0.287824897326441,"NS","No","Not_labeled"
"Crmp1","5v0",-0.351789059170876,0.135486009837402,"NS","No","Not_labeled"
"Crtc1","5v0",-0.585858339036646,0.268719080617922,"NS","No","Not_labeled"
"Cry2","5v0",-0.164529175214711,0.745897267933542,"NS","No","Not_labeled"
"Cs","5v0",-0.306406930488663,0.191776065458579,"NS","No","Not_labeled"
"Csde1","5v0",-0.226733787275944,0.535515122643008,"NS","No","Not_labeled"
"Cse1l","5v0",-0.35831354138112,0.382077441916436,"NS","No","Not_labeled"
"Csf1","5v0",0.382865742943441,0.811398170514926,"NS","No","Not_labeled"
"Csmd1","5v0",-0.312323803045563,0.356459843581049,"NS","No","Not_labeled"
"Csmd2","5v0",-0.389222810506694,0.0763109466212748,"NS","No","Not_labeled"
"Csmd3","5v0",0.693016782840385,0.159072862825107,"NS","No","Not_labeled"
"Csnk1a1","5v0",0.144253987057263,0.499830603078135,"NS","No","Not_labeled"
"Csnk1d","5v0",0.623590103916118,0.139266267991551,"NS","No","Not_labeled"
"Csnk1e","5v0",0.256978056864581,0.598404406756394,"NS","No","Not_labeled"
"Csnk1g1","5v0",-1.11177752335691,0.278170594403315,"NS","No","Not_labeled"
"Csnk1g2","5v0",-0.152763415304057,0.273601874848695,"NS","No","Not_labeled"
"Csnk1g3","5v0",-0.441767306181047,0.302334826064831,"NS","No","Not_labeled"
"Csnk2a1","5v0",-0.0384915538282451,0.917597294612527,"NS","No","Not_labeled"
"Cspg5","5v0",1.34301208586779,0.375030363443696,"NS","No","Not_labeled"
"Csrnp1","5v0",1.1417408785294,0.0330269356335061,"CLIP_Up","No","Not_labeled"
"Csrnp3","5v0",0.273200725113843,0.358294231886805,"NS","No","Not_labeled"
"Csrp1","5v0",1.4134744330873,0.235663768426998,"NS","No","Not_labeled"
"Cst3","5v0",2.41714021893373,0.244034861175195,"NS","No","Not_labeled"
"Cstf2","5v0",-0.676363627787546,0.18040133278025,"NS","No","Not_labeled"
"Cstf2t","5v0",-0.12001479266979,0.760174527796057,"NS","No","Not_labeled"
"Ctbp1","5v0",-0.218517822884903,0.621105843365092,"NS","No","Not_labeled"
"Ctcf","5v0",0.31343923077949,0.466455974239577,"NS","No","Not_labeled"
"Ctdnep1","5v0",-0.975520922639705,0.235121988519236,"NS","No","Not_labeled"
"Ctdsp2","5v0",0.0892625811541556,0.815137450247539,"NS","No","Not_labeled"
"Ctdspl2","5v0",-1.55489194735624,0.258034199068185,"NS","No","Not_labeled"
"Ctif","5v0",0.248596931464085,0.393814735225136,"NS","No","Not_labeled"
"Ctnna1","5v0",1.45794938460308,0.0851503987689513,"NS","No","Not_labeled"
"Ctnna2","5v0",0.750680610618545,0.208887208693606,"NS","No","Not_labeled"
"Ctnnb1","5v0",0.474597409679051,0.395211231089349,"NS","No","Not_labeled"
"Ctnnd2","5v0",-0.0232456387529474,0.915900415190122,"NS","No","Not_labeled"
"Ctr9","5v0",0.294234068991064,0.609890890532033,"NS","No","Not_labeled"
"Ctsb","5v0",-0.361582694027516,0.437547020661098,"NS","No","Not_labeled"
"Cttn","5v0",-0.41616263074022,0.462090300683461,"NS","No","Not_labeled"
"Cttnbp2","5v0",0.916062859291933,0.113348632695512,"NS","No","Not_labeled"
"Cttnbp2nl","5v0",0.0825704022379687,0.854072142117357,"NS","No","Not_labeled"
"Cul1","5v0",0.231391210049964,0.579573877529298,"NS","No","Not_labeled"
"Cul2","5v0",0.459548082727189,0.209202028256267,"NS","No","Not_labeled"
"Cul3","5v0",-0.101476576862755,0.756984995162704,"NS","No","Not_labeled"
"Cul4a","5v0",0.113404112781968,0.695034921477583,"NS","No","Not_labeled"
"Cul4b","5v0",-0.453959411445885,0.377124718162706,"NS","No","Not_labeled"
"Cul5","5v0",-0.506055598399648,0.377085401339915,"NS","No","Not_labeled"
"Cul7","5v0",-1.79907663018837,0.310808725516291,"NS","No","Not_labeled"
"Cul9","5v0",0.0404126333364561,0.877348043307403,"NS","No","Not_labeled"
"Cux1","5v0",0.134067078919474,0.810677829754706,"NS","No","Not_labeled"
"Cux2","5v0",0.31139464667894,0.703881617417114,"NS","No","Not_labeled"
"Cx3cl1","5v0",0.64965217870645,0.188282041797361,"NS","No","Not_labeled"
"Cxcl12","5v0",4.72603330153022,0.00951070766189976,"CLIP_Up","No","Not_labeled"
"Cxxc5","5v0",-1.67858911257262,0.021944184205284,"CLIP_Down","No","Not_labeled"
"Cyb5a","5v0",1.0041606709602,0.32011228093705,"NS","No","Not_labeled"
"Cyfip1","5v0",1.46542370934205,0.293346729008061,"NS","No","Not_labeled"
"Cyfip2","5v0",-0.196080732053016,0.36744973647534,"NS","No","Not_labeled"
"Cyld","5v0",0.0553293789998195,0.838821601594901,"NS","No","Not_labeled"
"Cyria","5v0",-0.0603989634622608,0.869138180328805,"NS","No","Not_labeled"
"Cyrib","5v0",-0.0480609981673966,0.926151071517275,"NS","No","Not_labeled"
"CYTB","5v0",-0.100136643190702,0.775744279842983,"NS","No","Not_labeled"
"Cyth1","5v0",-0.21927159997484,0.766826760571182,"NS","No","Not_labeled"
"Cyth3","5v0",0.846716566108488,0.119550255222804,"NS","No","Not_labeled"
"D430019H16Rik","5v0",-0.307669497565463,0.255051428709579,"NS","No","Not_labeled"
"D430041D05Rik","5v0",-0.204185371750288,0.563714484235214,"NS","No","Not_labeled"
"D5Ertd579e","5v0",1.25623831454899,0.371199757523001,"NS","No","Not_labeled"
"D630045J12Rik","5v0",0.0995434042572385,0.654294000608601,"NS","No","Not_labeled"
"D7Ertd443e","5v0",-1.58153410170311,0.0978091406872588,"NS","No","Not_labeled"
"Daam1","5v0",0.188862819331731,0.604118216091897,"NS","No","Not_labeled"
"Daam2","5v0",1.21634421633875,0.334383382600819,"NS","No","Not_labeled"
"Dact3","5v0",-0.244899769884832,0.660952512449217,"NS","No","Not_labeled"
"Dag1","5v0",0.123665037416643,0.738353971300749,"NS","No","Not_labeled"
"Dagla","5v0",-0.259482672951855,0.074142107937397,"NS","No","Not_labeled"
"Dapk1","5v0",-0.145306033465228,0.55108220856363,"NS","No","Not_labeled"
"Dbn1","5v0",-0.0127503444518062,0.937329007965015,"NS","No","Not_labeled"
"Dbr1","5v0",-3.95317679700345,0.0681760475277305,"NS","No","Not_labeled"
"Dcaf1","5v0",0.647103581507593,0.199579471166978,"NS","No","Not_labeled"
"Dcaf5","5v0",-0.185132635641016,0.315667249391943,"NS","No","Not_labeled"
"Dcaf6","5v0",-0.0478623478285269,0.858389990539867,"NS","No","Not_labeled"
"Dcaf7","5v0",0.0453526248255907,0.920080772049016,"NS","No","Not_labeled"
"Dcaf8","5v0",1.52875376192754,0.161403381098362,"NS","No","Not_labeled"
"Dcc","5v0",-0.889906408881701,0.00390062917470551,"CLIP_Down","No","Not_labeled"
"Dchs1","5v0",1.00071648226642,0.48609194896795,"NS","No","Not_labeled"
"Dclk1","5v0",0.153894307877347,0.406126084233787,"NS","No","Not_labeled"
"Dclk2","5v0",0.613960820038497,0.193849949627137,"NS","No","Not_labeled"
"Dcp2","5v0",-0.676791743234215,0.137796273060748,"NS","No","Not_labeled"
"Dctn2","5v0",1.83105410437106,0.145752582804548,"NS","No","Not_labeled"
"Dctn4","5v0",-0.523992403472633,0.158318414857781,"NS","No","Not_labeled"
"Dcun1d1","5v0",1.29460820179755,0.327979428367276,"NS","No","Not_labeled"
"Dcun1d3","5v0",2.2697543974324,0.13244869805569,"NS","No","Not_labeled"
"Dcun1d4","5v0",1.35626233239239,0.254210660369854,"NS","No","Not_labeled"
"Ddah1","5v0",2.12416070988986,0.031750946579317,"CLIP_Up","No","Not_labeled"
"Ddb1","5v0",-0.300790123359308,0.665603168536047,"NS","No","Not_labeled"
"Ddhd2","5v0",0.00743479477810283,0.987501821665757,"NS","No","Not_labeled"
"Ddi2","5v0",-0.363488562004572,0.35984018277546,"NS","No","Not_labeled"
"Ddn","5v0",-0.223860435674438,0.61280283972125,"NS","No","Not_labeled"
"Ddx1","5v0",-0.621904330388763,0.123993921637235,"NS","No","Not_labeled"
"Ddx17","5v0",-0.255919462093508,0.533842929611356,"NS","No","Not_labeled"
"Ddx23","5v0",1.91003986340558,0.176717416643702,"NS","No","Not_labeled"
"Ddx24","5v0",0.199077149990395,0.431643971219962,"NS","No","Not_labeled"
"Ddx3x","5v0",0.0461698106659387,0.876699651513798,"NS","No","Not_labeled"
"Ddx46","5v0",-0.677663276363255,0.0930214693777498,"NS","No","Not_labeled"
"Ddx5","5v0",-0.0479527430483193,0.835963919398656,"NS","No","Not_labeled"
"Ddx6","5v0",-0.0895601760967555,0.738151797306348,"NS","No","Not_labeled"
"Dennd10","5v0",2.99905723850759,0.0651858815813225,"NS","No","Not_labeled"
"Dennd11","5v0",-0.0890717648241228,0.789826771571598,"NS","No","Not_labeled"
"Dennd1a","5v0",-0.490944182299362,0.418951520828039,"NS","No","Not_labeled"
"Dennd1b","5v0",-0.469910061205438,0.278146527141614,"NS","No","Not_labeled"
"Dennd4a","5v0",-0.0891432467627218,0.778898210009219,"NS","No","Not_labeled"
"Dennd4b","5v0",0.27691289441297,0.623112291291956,"NS","No","Not_labeled"
"Dennd4c","5v0",1.20612169697049,0.395483509130828,"NS","No","Not_labeled"
"Dennd5a","5v0",-0.0539382208936141,0.699262753601087,"NS","No","Not_labeled"
"Dennd5b","5v0",-0.129033783086032,0.532500262893571,"NS","No","Not_labeled"
"Denr","5v0",1.19316913571384,0.436706755596129,"NS","No","Not_labeled"
"Depdc5","5v0",-2.21562222566825,0.0210545492437226,"CLIP_Down","No","Not_labeled"
"Deptor","5v0",0.710922232394419,0.185794210974118,"NS","No","Not_labeled"
"Derl1","5v0",1.28406621426626,0.246880149979315,"NS","No","Not_labeled"
"Desi1","5v0",0.671720198077397,0.0529314495129665,"NS","No","Not_labeled"
"Dgat2","5v0",-2.52579464254744,0.0594644810931821,"NS","No","Not_labeled"
"Dgcr2","5v0",-2.94010356087337,0.0574730473599276,"NS","No","Not_labeled"
"Dgcr8","5v0",-1.27776514237551,0.0347331464452832,"CLIP_Down","No","Not_labeled"
"Dgkb","5v0",0.00226740919026147,0.989582421066328,"NS","No","Not_labeled"
"Dgkd","5v0",-0.471161163405342,0.193519060160113,"NS","No","Not_labeled"
"Dgke","5v0",0.263489574486714,0.499800265460144,"NS","No","Not_labeled"
"Dgkg","5v0",0.127561731936297,0.50828633561748,"NS","No","Not_labeled"
"Dgkh","5v0",-0.386741186601115,0.305130214676461,"NS","No","Not_labeled"
"Dhx15","5v0",0.315369109395921,0.45990921672953,"NS","No","Not_labeled"
"Dhx29","5v0",1.79851844299644,0.166886613986493,"NS","No","Not_labeled"
"Dhx30","5v0",-0.406496121101996,0.129060874895146,"NS","No","Not_labeled"
"Dhx32","5v0",1.40527784757316,0.261348893677516,"NS","No","Not_labeled"
"Dhx33","5v0",-1.16292683884989,0.00210838425236862,"CLIP_Down","No","Not_labeled"
"Dhx36","5v0",-0.155824436302931,0.76701549537669,"NS","No","Not_labeled"
"Dhx57","5v0",1.2615384221735,0.304680547798233,"NS","No","Not_labeled"
"Dhx8","5v0",-0.61753234261895,0.241916873728748,"NS","No","Not_labeled"
"Dhx9","5v0",-0.107256853016173,0.863409876948514,"NS","No","Not_labeled"
"Diaph1","5v0",-2.54504772970722,0.054536277288735,"NS","No","Not_labeled"
"Diaph2","5v0",-1.68503485335667,0.000216770858624658,"CLIP_Down","No","Not_labeled"
"Dicer1","5v0",1.04923096394876,0.396433362165033,"NS","No","Not_labeled"
"Dido1","5v0",-0.854765563884499,0.06644644612723,"NS","No","Not_labeled"
"Dip2a","5v0",0.328259192407589,0.477205770046718,"NS","No","Not_labeled"
"Dip2b","5v0",-0.245307560566337,0.0521534847162539,"NS","No","Not_labeled"
"Dip2c","5v0",0.21507429455957,0.46875779949294,"NS","No","Not_labeled"
"Dipk1a","5v0",1.24858117908349,0.143941392479384,"NS","No","Not_labeled"
"Diras2","5v0",0.0797258955141964,0.84639058408602,"NS","No","Not_labeled"
"Dis3l","5v0",0.977124320281707,0.505347187058178,"NS","No","Not_labeled"
"Disp2","5v0",-0.450761267924338,0.0191062353557613,"CLIP_Down","No","Not_labeled"
"Dixdc1","5v0",1.17374078085693,0.322116193079725,"NS","No","Not_labeled"
"Dkk3","5v0",-0.446128069582732,0.378530554489253,"NS","No","Not_labeled"
"Dlat","5v0",0.101953975497315,0.818327793280117,"NS","No","Not_labeled"
"Dlc1","5v0",-0.189832227064294,0.63784284140892,"NS","No","Not_labeled"
"Dld","5v0",1.66314990495235,0.288463617390368,"NS","No","Not_labeled"
"Dlg1","5v0",1.45442045780947,0.1188360696952,"NS","No","Not_labeled"
"Dlg2","5v0",-0.581454481805709,0.354940221991828,"NS","No","Not_labeled"
"Dlg3","5v0",-0.131975469764627,0.70124712973568,"NS","No","Not_labeled"
"Dlg4","5v0",-0.158156981361439,0.764629503857956,"NS","No","Not_labeled"
"Dlg5","5v0",-0.569288245518973,0.512484723205762,"NS","No","Not_labeled"
"Dlgap1","5v0",0.00521743190447399,0.991745335803843,"NS","No","Not_labeled"
"Dlgap2","5v0",0.166929817285945,0.74299719828869,"NS","No","Not_labeled"
"Dlgap3","5v0",-0.0639992718721678,0.916876263962961,"NS","No","Not_labeled"
"Dlgap4","5v0",-0.127214617260953,0.821700057320043,"NS","No","Not_labeled"
"Dmd","5v0",0.236563474366221,0.444917632514555,"NS","No","Not_labeled"
"Dmtn","5v0",-0.200703359389939,0.452757113244343,"NS","No","Not_labeled"
"Dmwd","5v0",0.212620401101073,0.563562634446235,"NS","No","Not_labeled"
"Dmxl1","5v0",0.115565680048253,0.574909826846753,"NS","No","Not_labeled"
"Dmxl2","5v0",-0.109547894770097,0.523505513600312,"NS","No","Not_labeled"
"Dnaaf9","5v0",0.0174529886973311,0.967449007412782,"NS","No","Not_labeled"
"Dnah9","5v0",0.16130198377945,0.69215853819101,"NS","No","Not_labeled"
"Dnaja1","5v0",-0.0419458880625858,0.926713557125226,"NS","No","Not_labeled"
"Dnaja2","5v0",0.335481872117846,0.184675094642926,"NS","No","Not_labeled"
"Dnaja3","5v0",-0.694094591021952,0.102618396476915,"NS","No","Not_labeled"
"Dnaja4","5v0",-4.12952598339128,0.0143149544242549,"CLIP_Down","No","Not_labeled"
"Dnajb12","5v0",-3.76033735834189,0.0482095940712504,"CLIP_Down","No","Not_labeled"
"Dnajb14","5v0",-0.612549311315433,0.1051151148771,"NS","No","Not_labeled"
"Dnajb4","5v0",1.9411728261521,0.185972946480437,"NS","No","Not_labeled"
"Dnajc13","5v0",0.249864898091237,0.258138184461023,"NS","No","Not_labeled"
"Dnajc14","5v0",1.5701967361322,0.240107047323604,"NS","No","Not_labeled"
"Dnajc16","5v0",-0.656973263188608,0.317284474958661,"NS","No","Not_labeled"
"Dnajc18","5v0",-0.33819377192306,0.554360474344611,"NS","No","Not_labeled"
"Dnajc27","5v0",-1.75941906270183,0.223893918867054,"NS","No","Not_labeled"
"Dnajc3","5v0",-0.265159209443796,0.64477413601369,"NS","No","Not_labeled"
"Dnajc5","5v0",-0.0480578223716974,0.837631728065963,"NS","No","Not_labeled"
"Dnajc6","5v0",-1.30161216598941,0.291763967753016,"NS","No","Not_labeled"
"Dnajc7","5v0",0.318224383991496,0.422139760832721,"NS","No","Not_labeled"
"Dnal1","5v0",-0.193431107300526,0.760462898745266,"NS","No","Not_labeled"
"Dner","5v0",-1.05298029444442,0.116613225414797,"NS","No","Not_labeled"
"Dnm1","5v0",-2.03791691597153,0.113627410755511,"NS","No","Not_labeled"
"Dnm1l","5v0",-0.0501413253367913,0.787211295917367,"NS","No","Not_labeled"
"Dnmt1","5v0",-0.276668712429281,0.218648752657425,"NS","No","Not_labeled"
"Dnmt3a","5v0",-1.94881678369035,0.0660668938319609,"NS","No","Not_labeled"
"Doc2b","5v0",-0.194523013768559,0.570896883489001,"NS","No","Not_labeled"
"Dock1","5v0",0.962082097041599,0.289692509291068,"NS","No","Not_labeled"
"Dock10","5v0",-0.0553516264758063,0.815661917775409,"NS","No","Not_labeled"
"Dock11","5v0",-0.533404103661961,0.247769631664989,"NS","No","Not_labeled"
"Dock3","5v0",-0.222394002487329,0.0742094912556206,"NS","No","Not_labeled"
"Dock4","5v0",0.0163925808647041,0.906207413893734,"NS","No","Not_labeled"
"Dock7","5v0",0.0219713178989687,0.94703436504733,"NS","No","Not_labeled"
"Dock9","5v0",-0.100606889319887,0.681620452828789,"NS","No","Not_labeled"
"Dok6","5v0",0.162172416126129,0.746113601053472,"NS","No","Not_labeled"
"Dop1a","5v0",-0.291068762335259,0.314811758717648,"NS","No","Not_labeled"
"Dop1b","5v0",-0.391932016577927,0.111754456563256,"NS","No","Not_labeled"
"Dot1l","5v0",1.77089134584751,0.180060567323912,"NS","No","Not_labeled"
"Dpf2","5v0",-1.59445063960873,0.346959995699564,"NS","No","Not_labeled"
"Dpp3","5v0",0.590257233531012,0.338546817667464,"NS","No","Not_labeled"
"Dpp6","5v0",-0.136233567360331,0.752446103139314,"NS","No","Not_labeled"
"Dpp8","5v0",-0.119744295484553,0.482698403001162,"NS","No","Not_labeled"
"Dpp9","5v0",0.0242233074840059,0.940401587524471,"NS","No","Not_labeled"
"Dpy19l1","5v0",1.64476090439697,0.214636708227695,"NS","No","Not_labeled"
"Dpy19l3","5v0",1.05162443334743,0.37205597114564,"NS","No","Not_labeled"
"Dpy19l4","5v0",-1.42765365836831,0.0245182563592547,"CLIP_Down","No","Not_labeled"
"Dpysl2","5v0",0.156640462509755,0.567407112064772,"NS","No","Not_labeled"
"Drosha","5v0",0.0427185368695677,0.875557476636251,"NS","No","Not_labeled"
"Drp2","5v0",-1.13692233589372,0.371050346444624,"NS","No","Not_labeled"
"Dscam","5v0",-0.0236581323280782,0.905209002530547,"NS","No","Not_labeled"
"Dscaml1","5v0",-0.42922137698072,0.168103365317176,"NS","No","Not_labeled"
"Dsp","5v0",-0.148949109713697,0.608036050251529,"NS","No","Not_labeled"
"Dst","5v0",0.519891927563715,0.147951596237336,"NS","No","Not_labeled"
"Dstn","5v0",-0.0522031963213689,0.951133349109273,"NS","No","Not_labeled"
"Dstyk","5v0",-0.515685405366224,0.388987709320726,"NS","No","Not_labeled"
"Dtna","5v0",0.45674855101925,0.469576638457395,"NS","No","Not_labeled"
"Dtx1","5v0",-0.621136884668415,0.0988609275758997,"NS","No","Not_labeled"
"Dtx3","5v0",0.964945987634138,0.305003662969641,"NS","No","Not_labeled"
"Dtx4","5v0",0.232422186247835,0.508551316386086,"NS","No","Not_labeled"
"Dusp16","5v0",0.304067134434356,0.163637543018668,"NS","No","Not_labeled"
"Dusp3","5v0",-0.510156877038435,0.400859392497269,"NS","No","Not_labeled"
"Dusp6","5v0",0.527024464783781,0.306987827834111,"NS","No","Not_labeled"
"Dusp7","5v0",0.341568418549445,0.507778411717236,"NS","No","Not_labeled"
"Dusp8","5v0",-0.449715314401455,0.147311044829548,"NS","No","Not_labeled"
"Dvl3","5v0",-1.10079814836911,0.0366945492363941,"CLIP_Down","No","Not_labeled"
"Dym","5v0",-0.461216852708008,0.398766946528477,"NS","No","Not_labeled"
"Dync1h1","5v0",0.0484825522705163,0.575910511509972,"NS","No","Not_labeled"
"Dync1i1","5v0",-0.844188160495212,0.397118834393425,"NS","No","Not_labeled"
"Dync1li1","5v0",-0.249764924208354,0.364184216528818,"NS","No","Not_labeled"
"Dync1li2","5v0",0.371762422903719,0.403595217898601,"NS","No","Not_labeled"
"Dync2h1","5v0",-0.177625833728078,0.635363511734857,"NS","No","Not_labeled"
"Dynll1","5v0",0.0950966846456636,0.910630684478698,"NS","No","Not_labeled"
"Dynll2","5v0",0.197296156282455,0.58981100500065,"NS","No","Not_labeled"
"Dynlt3","5v0",1.52899499391651,0.343532184116831,"NS","No","Not_labeled"
"Dyrk1a","5v0",0.186932993293692,0.445887561996695,"NS","No","Not_labeled"
"Dyrk1b","5v0",-2.4245513421741,0.196268696664105,"NS","No","Not_labeled"
"Dyrk2","5v0",1.80376591352117,0.177922425132533,"NS","No","Not_labeled"
"Dyrk3","5v0",3.35547978296665,0.0787157915666629,"NS","No","Not_labeled"
"Dzank1","5v0",0.396853169332461,0.374951572917713,"NS","No","Not_labeled"
"Dzip1","5v0",0.0943506172787885,0.61648378477716,"NS","No","Not_labeled"
"Dzip1l","5v0",2.058918326193,0.179402017862607,"NS","No","Not_labeled"
"Dzip3","5v0",0.0114116731528595,0.968157464541017,"NS","No","Not_labeled"
"E130308A19Rik","5v0",0.202769948405029,0.807348760753134,"NS","No","Not_labeled"
"E2f5","5v0",2.25373344609118,0.112475548811522,"NS","No","Not_labeled"
"Ece1","5v0",1.89879658878211,0.0441956378522207,"CLIP_Up","No","Not_labeled"
"Echdc1","5v0",-0.0972519734547101,0.852509069546441,"NS","No","Not_labeled"
"Ecpas","5v0",-0.0163195473796955,0.965043198141831,"NS","No","Not_labeled"
"Edc4","5v0",-2.03796091183053,0.316777164427682,"NS","No","Not_labeled"
"Edem3","5v0",0.648506305370811,0.47313412928728,"NS","No","Not_labeled"
"Edil3","5v0",-0.15493182384168,0.69262335159439,"NS","No","Not_labeled"
"Ednrb","5v0",-0.40714396586903,0.529406672902212,"NS","No","Not_labeled"
"Edrf1","5v0",0.441947747775544,0.716287173232104,"NS","No","Not_labeled"
"Eea1","5v0",0.538351858151457,0.168740700675395,"NS","No","Not_labeled"
"Eef1a1","5v0",0.157044751000627,0.634205180282161,"NS","No","Not_labeled"
"Eef1a2","5v0",-0.140682024156595,0.782754102274493,"NS","No","Not_labeled"
"Eef2","5v0",0.189965392968047,0.1458481569842,"NS","No","Not_labeled"
"Eeig1","5v0",-0.695138966690207,0.131345830538773,"NS","No","Not_labeled"
"Eeig2","5v0",-0.532166196897801,0.275135950273263,"NS","No","Not_labeled"
"Efcab14","5v0",1.4645358244219,0.261219279698332,"NS","No","Not_labeled"
"Efna3","5v0",1.20654277492772,0.469054369992653,"NS","No","Not_labeled"
"Efnb2","5v0",0.488486743354103,0.463925448903336,"NS","No","Not_labeled"
"Efr3a","5v0",0.318549094749772,0.367506204821778,"NS","No","Not_labeled"
"Efr3b","5v0",0.277480755769965,0.519531899996838,"NS","No","Not_labeled"
"Eftud2","5v0",1.57173757727788,0.29028523294126,"NS","No","Not_labeled"
"Egfr","5v0",1.14269866033767,0.0568174993591708,"NS","No","Not_labeled"
"Egln1","5v0",-0.0221781713317366,0.904912159604654,"NS","No","Not_labeled"
"Egr1","5v0",0.16739184560595,0.39891179319926,"NS","No","Not_labeled"
"Egr4","5v0",0.180694478192722,0.766001421144566,"NS","No","Not_labeled"
"Ehbp1","5v0",-0.206557456365483,0.630858528326477,"NS","No","Not_labeled"
"Ehd1","5v0",0.113274838938016,0.852661053730446,"NS","No","Not_labeled"
"Ehmt2","5v0",0.330283714787348,0.634196739268381,"NS","No","Not_labeled"
"Eid1","5v0",0.605093935147528,0.28132399887207,"NS","No","Not_labeled"
"Eif1","5v0",1.86411786360865,0.410765139554628,"NS","No","Not_labeled"
"Eif1a","5v0",1.01910271194327,0.47593797146662,"NS","No","Not_labeled"
"Eif1ax","5v0",0.111293562264608,0.764335710790817,"NS","No","Not_labeled"
"Eif2a","5v0",2.24418938099763,0.162895652628174,"NS","No","Not_labeled"
"Eif2b5","5v0",1.99972884028112,0.175191912471319,"NS","No","Not_labeled"
"Eif2s3x","5v0",1.24375989545909,0.403905309225716,"NS","No","Not_labeled"
"Eif3a","5v0",-0.131078383957322,0.61992233839215,"NS","No","Not_labeled"
"Eif3b","5v0",-1.88486799994993,0.202165988935875,"NS","No","Not_labeled"
"Eif3c","5v0",0.308558967138676,0.289402349771475,"NS","No","Not_labeled"
"Eif3d","5v0",0.708847697024707,0.0981050051923109,"NS","No","Not_labeled"
"Eif3e","5v0",-0.279221912161174,0.440669690848828,"NS","No","Not_labeled"
"Eif3g","5v0",2.69248445619106,0.0873856162149685,"NS","No","Not_labeled"
"Eif3j1","5v0",0.276929720131163,0.509803990975685,"NS","No","Not_labeled"
"Eif4a1","5v0",0.363682574146315,0.506620572411881,"NS","No","Not_labeled"
"Eif4b","5v0",-0.10607244777927,0.769699806034961,"NS","No","Not_labeled"
"Eif4e","5v0",0.559016804774642,0.493729670799389,"NS","No","Not_labeled"
"Eif4g2","5v0",-0.104556806498436,0.610308128213116,"NS","No","Not_labeled"
"Eif4g3","5v0",-0.33575911567836,0.353064831320338,"NS","No","Not_labeled"
"Eif4h","5v0",-0.216915363508792,0.437253904590906,"NS","No","Not_labeled"
"Eif5","5v0",0.122001080555883,0.700674125998278,"NS","No","Not_labeled"
"Eif5b","5v0",0.217226555480007,0.495615256866867,"NS","No","Not_labeled"
"Elapor1","5v0",0.278100677982662,0.630287811519311,"NS","No","Not_labeled"
"Elapor2","5v0",0.573689649496651,0.379144836516016,"NS","No","Not_labeled"
"Elavl1","5v0",-0.268516049715058,0.563485981733776,"NS","No","Not_labeled"
"Elavl3","5v0",-0.000736521901911757,0.998064139842027,"NS","No","Not_labeled"
"Elf1","5v0",1.67896311610339,0.0542046417659949,"NS","No","Not_labeled"
"Elfn1","5v0",-0.272973806059437,0.647301883801676,"NS","No","Not_labeled"
"Elfn2","5v0",-0.0151864613962651,0.969030493647534,"NS","No","Not_labeled"
"Elk4","5v0",2.70138373913481,0.117941308659534,"NS","No","Not_labeled"
"Ell2","5v0",1.70234694726404,0.0556996521789667,"NS","No","Not_labeled"
"Elmo2","5v0",-0.487573629016685,0.196767509117709,"NS","No","Not_labeled"
"Elmod1","5v0",0.0408325029579095,0.925235056261911,"NS","No","Not_labeled"
"Elmod3","5v0",-2.24536612426023,0.123854567374954,"NS","No","Not_labeled"
"Eloa","5v0",1.57727352367929,0.271134120426082,"NS","No","Not_labeled"
"Eloc","5v0",-1.52918459393157,0.0176873759594099,"CLIP_Down","No","Not_labeled"
"Elovl5","5v0",1.43560862765285,0.225648620348427,"NS","No","Not_labeled"
"Elovl6","5v0",1.52930542196288,0.0959440352395089,"NS","No","Not_labeled"
"Elp1","5v0",0.674880020488636,0.504283284606647,"NS","No","Not_labeled"
"Elp2","5v0",0.875657133424147,0.400304832593851,"NS","No","Not_labeled"
"Emc1","5v0",-0.987895819559146,0.109217334203172,"NS","No","Not_labeled"
"Emc3","5v0",0.0655383319238447,0.896725690613004,"NS","No","Not_labeled"
"Emc4","5v0",2.02058912615591,0.20590223002998,"NS","No","Not_labeled"
"Emc7","5v0",1.61750374472989,0.224643153734011,"NS","No","Not_labeled"
"Eml1","5v0",0.323752330959367,0.629953836295503,"NS","No","Not_labeled"
"Eml2","5v0",3.13044962515034,0.113131928924688,"NS","No","Not_labeled"
"Eml4","5v0",-1.20965146122525,0.306668707158081,"NS","No","Not_labeled"
"Eml5","5v0",0.362186671515322,0.300178252249858,"NS","No","Not_labeled"
"Eml6","5v0",0.478620426885916,0.256148098610447,"NS","No","Not_labeled"
"Emsy","5v0",-0.353031656387748,0.387931215810986,"NS","No","Not_labeled"
"Enah","5v0",0.734937153187582,0.148065878832257,"NS","No","Not_labeled"
"Enc1","5v0",-0.315836566256412,0.308992212841824,"NS","No","Not_labeled"
"Eno1","5v0",1.24241035050337,0.503943566065317,"NS","No","Not_labeled"
"Eno1b","5v0",1.80839219232769,0.379455657297201,"NS","No","Not_labeled"
"Eno2","5v0",-1.09814045843126,0.00289786706996995,"CLIP_Down","No","Not_labeled"
"Enpp2","5v0",2.44448196447908,0.168198022286608,"NS","No","Not_labeled"
"Enpp4","5v0",2.09544717511475,0.256337937932204,"NS","No","Not_labeled"
"Enpp5","5v0",0.643904670980506,0.21747216848557,"NS","No","Not_labeled"
"Ensa","5v0",-0.318031855857627,0.547064678940032,"NS","No","Not_labeled"
"Entpd4","5v0",1.00200476509782,0.47393022323911,"NS","No","Not_labeled"
"Entpd7","5v0",-3.3778656432851,0.0283188195156833,"CLIP_Down","No","Not_labeled"
"Entrep2","5v0",0.562807912585389,0.302801322427049,"NS","No","Not_labeled"
"Ep300","5v0",-0.0486494340719679,0.760098669721228,"NS","No","Not_labeled"
"Ep400","5v0",-0.137322144293666,0.562418752775384,"NS","No","Not_labeled"
"Epas1","5v0",0.365375922692659,0.698129700899796,"NS","No","Not_labeled"
"Epb41l2","5v0",1.13117627510307,0.395742464788287,"NS","No","Not_labeled"
"Epb41l3","5v0",-0.0459108382398006,0.91991417617613,"NS","No","Not_labeled"
"Epb41l4b","5v0",0.158880596212112,0.864136930641386,"NS","No","Not_labeled"
"Epc1","5v0",0.612984577126567,0.286435762146586,"NS","No","Not_labeled"
"Epc2","5v0",-0.096324195957723,0.746783758319097,"NS","No","Not_labeled"
"Epdr1","5v0",0.86521605843559,0.557949916878613,"NS","No","Not_labeled"
"Epg5","5v0",0.18419593213362,0.546902446903797,"NS","No","Not_labeled"
"Epha4","5v0",-0.558404110654963,0.169032656179687,"NS","No","Not_labeled"
"Epha5","5v0",0.963450345797061,0.24212567832942,"NS","No","Not_labeled"
"Epha6","5v0",-0.201721085147252,0.619318169703224,"NS","No","Not_labeled"
"Epha7","5v0",-0.407991948543571,0.356286421721857,"NS","No","Not_labeled"
"Ephb1","5v0",-0.592915318551517,0.371856507136559,"NS","No","Not_labeled"
"Ephb2","5v0",-0.170776381499174,0.595277405085405,"NS","No","Not_labeled"
"Epm2aip1","5v0",2.41404566317471,0.280813255136645,"NS","No","Not_labeled"
"Epn1","5v0",0.159749225617199,0.57817869990641,"NS","No","Not_labeled"
"Eprs1","5v0",0.519503899808644,0.248529535606358,"NS","No","Not_labeled"
"Eps15","5v0",-0.599626406602447,0.186415789347521,"NS","No","Not_labeled"
"Erbb4","5v0",0.413747745280268,0.473751749026613,"NS","No","Not_labeled"
"Erbin","5v0",0.165050884426692,0.608450527383254,"NS","No","Not_labeled"
"Erc1","5v0",0.869597704489036,0.27728992396566,"NS","No","Not_labeled"
"Erc2","5v0",0.112883728605564,0.66844101396846,"NS","No","Not_labeled"
"Ercc4","5v0",-0.345665950488897,0.227498056961434,"NS","No","Not_labeled"
"Ercc6","5v0",-0.23575132327944,0.104850755639371,"NS","No","Not_labeled"
"Ergic1","5v0",0.578483066257374,0.507941342945902,"NS","No","Not_labeled"
"Ergic3","5v0",4.87962982916829,0.00611620228543118,"CLIP_Up","No","Not_labeled"
"Eri3","5v0",-1.57540101794605,0.0498634125015995,"CLIP_Down","No","Not_labeled"
"Ermp1","5v0",-1.3580044242431,0.376371594382886,"NS","No","Not_labeled"
"Ero1a","5v0",1.5130498327739,0.169332994131935,"NS","No","Not_labeled"
"Erp44","5v0",0.364011330018215,0.54098405473455,"NS","No","Not_labeled"
"Errfi1","5v0",0.468316520310657,0.0584578713916945,"NS","No","Not_labeled"
"Esrrg","5v0",-0.576216122178085,0.355501258920468,"NS","No","Not_labeled"
"Esyt2","5v0",0.0508935827323707,0.918758473880137,"NS","No","Not_labeled"
"Etnk1","5v0",0.0503659372755201,0.854841236199078,"NS","No","Not_labeled"
"Ets2","5v0",1.07833957756756,0.460403137615354,"NS","No","Not_labeled"
"Etv1","5v0",1.5729318795375,0.130774735791322,"NS","No","Not_labeled"
"Etv5","5v0",-1.04429641228002,0.467972886309792,"NS","No","Not_labeled"
"Evc2","5v0",2.28824467808152,0.00188913337006083,"CLIP_Up","No","Not_labeled"
"Evi5","5v0",1.23792280459879,0.242968662621023,"NS","No","Not_labeled"
"Ewsr1","5v0",1.73655259052542,0.236543022013726,"NS","No","Not_labeled"
"Exoc1","5v0",2.07475927692774,0.0868665049649911,"NS","No","Not_labeled"
"Exoc2","5v0",1.52162916036434,0.152640684544017,"NS","No","Not_labeled"
"Exoc3","5v0",0.19090247659719,0.613516300575996,"NS","No","Not_labeled"
"Exoc4","5v0",-0.12236266049608,0.799638496925258,"NS","No","Not_labeled"
"Exoc5","5v0",0.0537852116519968,0.921806249459583,"NS","No","Not_labeled"
"Exoc6","5v0",1.15753780075913,0.160508541115541,"NS","No","Not_labeled"
"Exoc6b","5v0",-0.0496802788382313,0.792839541397954,"NS","No","Not_labeled"
"Ext1","5v0",0.929478276340105,0.0813342017787751,"NS","No","Not_labeled"
"Extl1","5v0",0.777536857910466,0.617516953409862,"NS","No","Not_labeled"
"Extl2","5v0",-0.041333002582479,0.887330654666128,"NS","No","Not_labeled"
"Extl3","5v0",-0.896262783991269,0.0142655881893231,"CLIP_Down","No","Not_labeled"
"Eya1","5v0",-0.645010492211775,0.162177504935635,"NS","No","Not_labeled"
"Ezh1","5v0",-0.0267377652329799,0.940342247677685,"NS","No","Not_labeled"
"Faim2","5v0",-0.685956598250275,0.222777552251355,"NS","No","Not_labeled"
"Fam107a","5v0",1.4887973945675,0.412742365814442,"NS","No","Not_labeled"
"Fam110b","5v0",-1.7347616250447,0.00711461123142365,"CLIP_Down","No","Not_labeled"
"Fam117b","5v0",0.00493245934377895,0.98578190157183,"NS","No","Not_labeled"
"Fam120a","5v0",0.321157873329664,0.143066868242392,"NS","No","Not_labeled"
"Fam120b","5v0",-0.628239333392048,0.120756634689595,"NS","No","Not_labeled"
"Fam120c","5v0",0.0404127139050829,0.861080737918195,"NS","No","Not_labeled"
"Fam131a","5v0",1.78829286081162,0.315711145596784,"NS","No","Not_labeled"
"Fam131b","5v0",-0.759120716132265,0.0457277460660777,"CLIP_Down","No","Not_labeled"
"Fam135b","5v0",-0.110128580152935,0.828856023063545,"NS","No","Not_labeled"
"Fam13a","5v0",-1.32673633351263,0.162096027537631,"NS","No","Not_labeled"
"Fam13c","5v0",-0.29774637265856,0.462576121106919,"NS","No","Not_labeled"
"Fam163b","5v0",1.1652554354415,0.266045968253195,"NS","No","Not_labeled"
"Fam168a","5v0",-0.69118420159902,0.138649052429067,"NS","No","Not_labeled"
"Fam168b","5v0",-0.289620154088668,0.432550455397375,"NS","No","Not_labeled"
"Fam169a","5v0",-0.687567724245826,0.0791140296733034,"NS","No","Not_labeled"
"Fam171a1","5v0",-0.683078020419572,0.0620354991664908,"NS","No","Not_labeled"
"Fam171a2","5v0",-0.0285496101053146,0.941413338098827,"NS","No","Not_labeled"
"Fam171b","5v0",-0.0460720400134966,0.757554986791788,"NS","No","Not_labeled"
"Fam172a","5v0",-0.0664930059472066,0.93173909702218,"NS","No","Not_labeled"
"Fam177a","5v0",1.85063170521116,0.15860428292356,"NS","No","Not_labeled"
"Fam193a","5v0",-0.548359017151272,0.199331507496802,"NS","No","Not_labeled"
"Fam20b","5v0",-0.45662331608711,0.316084275957178,"NS","No","Not_labeled"
"Fam210a","5v0",0.0916262517486768,0.901457546912936,"NS","No","Not_labeled"
"Fam217b","5v0",1.98440874694188,0.20559321046881,"NS","No","Not_labeled"
"Fam219a","5v0",0.146754287978748,0.803624453629792,"NS","No","Not_labeled"
"Fam220a","5v0",0.893922220403821,0.599267127378884,"NS","No","Not_labeled"
"Fam234b","5v0",-0.0254802679632549,0.955970146894723,"NS","No","Not_labeled"
"Fam53c","5v0",1.6616277896799,0.304190431905056,"NS","No","Not_labeled"
"Fam81a","5v0",1.93657651851532,0.0666770650622996,"NS","No","Not_labeled"
"Fam8a1","5v0",0.486518586526167,0.17414344374492,"NS","No","Not_labeled"
"Fam91a1","5v0",-0.151052076676676,0.598253938730142,"NS","No","Not_labeled"
"Far1","5v0",-0.612420044765229,0.666346516462553,"NS","No","Not_labeled"
"Far2","5v0",1.70912564303359,0.0289445928428066,"CLIP_Up","No","Not_labeled"
"Farp1","5v0",0.828625395929358,0.416602640718726,"NS","No","Not_labeled"
"Farp2","5v0",0.42249613043044,0.65137938131973,"NS","No","Not_labeled"
"Farsb","5v0",-0.396871728628617,0.648472584890819,"NS","No","Not_labeled"
"Fasn","5v0",-0.127009540564377,0.720750341512219,"NS","No","Not_labeled"
"Fat1","5v0",0.244747542611377,0.514304033487838,"NS","No","Not_labeled"
"Fat3","5v0",-0.105921945281463,0.622673708514382,"NS","No","Not_labeled"
"Fat4","5v0",0.106048401014058,0.634705018217795,"NS","No","Not_labeled"
"Fau","5v0",-2.55177373498732,0.307275649151687,"NS","No","Not_labeled"
"Fbf1","5v0",-1.23095345760863,0.426126888220465,"NS","No","Not_labeled"
"Fbh1","5v0",1.5085130275101,0.277704511075742,"NS","No","Not_labeled"
"Fbrsl1","5v0",-0.434066307533666,0.215081556800269,"NS","No","Not_labeled"
"Fbxl16","5v0",-0.127387364661425,0.762760622027175,"NS","No","Not_labeled"
"Fbxl17","5v0",0.0365727391331419,0.870109990925813,"NS","No","Not_labeled"
"Fbxl18","5v0",1.54837212834776,0.2547202648277,"NS","No","Not_labeled"
"Fbxl19","5v0",-0.468810185320978,0.498169667351049,"NS","No","Not_labeled"
"Fbxl2","5v0",-0.312972911334454,0.555057410044732,"NS","No","Not_labeled"
"Fbxl3","5v0",-0.664967919049768,0.175975019281199,"NS","No","Not_labeled"
"Fbxl4","5v0",1.36158922483969,0.233568240792425,"NS","No","Not_labeled"
"Fbxl5","5v0",1.7076264431578,0.228089879306575,"NS","No","Not_labeled"
"Fbxo10","5v0",2.62908193900064,0.0870084587181164,"NS","No","Not_labeled"
"Fbxo11","5v0",-0.163805632463222,0.589228158040859,"NS","No","Not_labeled"
"Fbxo21","5v0",0.100347524783757,0.842921697129215,"NS","No","Not_labeled"
"Fbxo25","5v0",-0.537623066435687,0.496857181570228,"NS","No","Not_labeled"
"Fbxo28","5v0",-2.19121975325056,0.0749302150569536,"NS","No","Not_labeled"
"Fbxo3","5v0",0.895610574312521,0.545962319629469,"NS","No","Not_labeled"
"Fbxo31","5v0",-0.689317943933478,0.222488863860915,"NS","No","Not_labeled"
"Fbxo33","5v0",0.085362858845679,0.849604392848379,"NS","No","Not_labeled"
"Fbxo41","5v0",-0.0253739674645352,0.901382467947073,"NS","No","Not_labeled"
"Fbxo45","5v0",0.0491172974770424,0.89276287112967,"NS","No","Not_labeled"
"Fbxo7","5v0",0.269028469377314,0.642196641023232,"NS","No","Not_labeled"
"Fbxo9","5v0",1.16604669752476,0.343208598991484,"NS","No","Not_labeled"
"Fbxw11","5v0",0.112385052795169,0.66421931737347,"NS","No","Not_labeled"
"Fbxw7","5v0",0.253684298062291,0.693591590081204,"NS","No","Not_labeled"
"Fcho2","5v0",-0.258534615619444,0.618081645056206,"NS","No","Not_labeled"
"Fchsd2","5v0",0.979829861182864,0.319817960069335,"NS","No","Not_labeled"
"Fech","5v0",-0.61543935652977,0.209407451922427,"NS","No","Not_labeled"
"Fem1a","5v0",0.276147996833138,0.526841679830606,"NS","No","Not_labeled"
"Fem1b","5v0",0.148664566095741,0.495683462134962,"NS","No","Not_labeled"
"Fem1c","5v0",1.7467537094565,0.219023063917989,"NS","No","Not_labeled"
"Fermt2","5v0",0.150067209839571,0.824701852044286,"NS","No","Not_labeled"
"Fez1","5v0",0.0784254051475197,0.889478731155002,"NS","No","Not_labeled"
"Fezf2","5v0",0.274186547730877,0.379266274041734,"NS","No","Not_labeled"
"Fgd1","5v0",-1.76497347385034,0.151632325835492,"NS","No","Not_labeled"
"Fgd4","5v0",0.744797091830799,0.327723494263136,"NS","No","Not_labeled"
"Fgd6","5v0",1.01122192285161,0.271070763856269,"NS","No","Not_labeled"
"Fgf1","5v0",-0.45929833189428,0.675662716949093,"NS","No","Not_labeled"
"Fgf12","5v0",0.251299556624851,0.630474758483966,"NS","No","Not_labeled"
"Fgf13","5v0",-0.436960372237151,0.206663070685068,"NS","No","Not_labeled"
"Fgf14","5v0",0.379701568522946,0.486771254156303,"NS","No","Not_labeled"
"Fgfr1op2","5v0",-0.0203666007036296,0.965188648525811,"NS","No","Not_labeled"
"Fgfr2","5v0",-0.319031127058399,0.0414708146736215,"CLIP_Down","No","Not_labeled"
"Fhip1b","5v0",1.24794694876262,0.361442021276643,"NS","No","Not_labeled"
"Fibcd1","5v0",-0.1087623429611,0.767056063927934,"NS","No","Not_labeled"
"Fkbp1a","5v0",-0.234776347642165,0.616622830947748,"NS","No","Not_labeled"
"Fkbp4","5v0",3.47115830309468,0.112215720854793,"NS","No","Not_labeled"
"Fkbp5","5v0",-0.278553567723165,0.501245685186187,"NS","No","Not_labeled"
"Fkbp8","5v0",-0.791949601711764,0.182028971014332,"NS","No","Not_labeled"
"Fktn","5v0",-0.033027496225718,0.942502042003044,"NS","No","Not_labeled"
"Flcn","5v0",-0.469593168375339,0.503839276093873,"NS","No","Not_labeled"
"Flnb","5v0",0.112699869259571,0.719993230792168,"NS","No","Not_labeled"
"Flrt1","5v0",-0.560724593454918,0.245791506259962,"NS","No","Not_labeled"
"Flrt2","5v0",0.202099041622898,0.667531147741791,"NS","No","Not_labeled"
"Flywch1","5v0",-0.176990639799195,0.652016827345131,"NS","No","Not_labeled"
"Fmn1","5v0",0.157774128919083,0.697375899462948,"NS","No","Not_labeled"
"Fmn2","5v0",-0.111182188240696,0.721179018459147,"NS","No","Not_labeled"
"Fmnl1","5v0",-0.493521756756837,0.306791469929458,"NS","No","Not_labeled"
"Fmnl2","5v0",-0.015519020604041,0.97278440052622,"NS","No","Not_labeled"
"Fnbp1","5v0",2.3196286887914,0.0133737097708237,"CLIP_Up","No","Not_labeled"
"Fnbp1l","5v0",2.42858587138296,0.0283373561384368,"CLIP_Up","No","Not_labeled"
"Fndc3a","5v0",0.30145791223307,0.29754883136507,"NS","No","Not_labeled"
"Fndc3b","5v0",-0.344704260132032,0.654116530941995,"NS","No","Not_labeled"
"Fndc4","5v0",-3.06431503011817,0.114300121081017,"NS","No","Not_labeled"
"Fndc5","5v0",2.01898626341004,0.158824884723142,"NS","No","Not_labeled"
"Fnip1","5v0",-0.441722263414909,0.328882696441807,"NS","No","Not_labeled"
"Fnip2","5v0",-0.64986882390381,0.135563616332431,"NS","No","Not_labeled"
"Focad","5v0",0.0717506762239819,0.67712646406338,"NS","No","Not_labeled"
"Fos","5v0",0.143207072572354,0.469883140056991,"NS","No","Not_labeled"
"Fosb","5v0",-0.309922978763267,0.487207278260129,"NS","No","Not_labeled"
"Foxg1","5v0",0.251391832708601,0.317934701921447,"NS","No","Not_labeled"
"Foxj2","5v0",-0.29114139255686,0.38389431673688,"NS","No","Not_labeled"
"Foxj3","5v0",-0.166333500283462,0.812157687039155,"NS","No","Not_labeled"
"Foxk1","5v0",-0.714347590192721,0.29555026560172,"NS","No","Not_labeled"
"Foxk2","5v0",-0.0963990222644791,0.589522838493216,"NS","No","Not_labeled"
"Foxn3","5v0",1.68963073591929,0.0796231598077648,"NS","No","Not_labeled"
"Foxo1","5v0",0.0501827549352958,0.912187372054574,"NS","No","Not_labeled"
"Foxo3","5v0",0.351960077906267,0.605166840550506,"NS","No","Not_labeled"
"Foxp1","5v0",-0.275648655202254,0.579775839794264,"NS","No","Not_labeled"
"Fpgt","5v0",0.636148294115418,0.154728765945282,"NS","No","Not_labeled"
"Fras1","5v0",0.466555990135386,0.452904244081127,"NS","No","Not_labeled"
"Frmd4a","5v0",1.0242242905028,0.303395543768149,"NS","No","Not_labeled"
"Frmd4b","5v0",-0.792022182325504,0.271685232011638,"NS","No","Not_labeled"
"Frmpd4","5v0",-0.105597386345692,0.538609195890642,"NS","No","Not_labeled"
"Frrs1l","5v0",-0.319426444133951,0.363439437331296,"NS","No","Not_labeled"
"Frs2","5v0",0.368318298709628,0.246540735233142,"NS","No","Not_labeled"
"Fry","5v0",-0.103371371803414,0.367089642344596,"NS","No","Not_labeled"
"Fryl","5v0",-0.171119574114446,0.607677672320655,"NS","No","Not_labeled"
"Fsd1l","5v0",1.14113752146056,0.371878380639007,"NS","No","Not_labeled"
"Fth1","5v0",0.121697369423226,0.565620737325494,"NS","No","Not_labeled"
"Fto","5v0",-0.637751202237516,0.321973536208052,"NS","No","Not_labeled"
"Fubp1","5v0",-0.292157073255913,0.436971605224836,"NS","No","Not_labeled"
"Furin","5v0",-0.629316817332057,0.318387202662467,"NS","No","Not_labeled"
"Fus","5v0",-1.94043115806162,0.298452585689978,"NS","No","Not_labeled"
"Fut8","5v0",-0.296840178300957,0.523515710510136,"NS","No","Not_labeled"
"Fut9","5v0",0.360495028304056,0.35308049777375,"NS","No","Not_labeled"
"Fuz","5v0",2.11292959389318,0.218072843607859,"NS","No","Not_labeled"
"Fxr1","5v0",1.37969726753149,0.30290753533431,"NS","No","Not_labeled"
"Fxr2","5v0",-1.28254379673952,0.117880721486269,"NS","No","Not_labeled"
"Fyco1","5v0",0.00839832535243623,0.980773079386012,"NS","No","Not_labeled"
"Fyn","5v0",1.29083262459589,0.0965822658188764,"NS","No","Not_labeled"
"Fyttd1","5v0",-1.53739394755448,0.318527336878326,"NS","No","Not_labeled"
"Fzd3","5v0",-0.678199377973515,0.224973757569387,"NS","No","Not_labeled"
"G2e3","5v0",2.46771877455461,0.0941323136567578,"NS","No","Not_labeled"
"G3bp2","5v0",-0.819886317290351,0.256177910618419,"NS","No","Not_labeled"
"Gaa","5v0",0.0258447283913821,0.957621792994581,"NS","No","Not_labeled"
"Gab1","5v0",1.34218643579433,0.167707605560266,"NS","No","Not_labeled"
"Gabarapl1","5v0",-0.234886972027008,0.398240434798283,"NS","No","Not_labeled"
"Gabarapl2","5v0",1.76703610455543,0.124821361672468,"NS","No","Not_labeled"
"Gabbr1","5v0",-0.392482523056373,0.156700549854637,"NS","No","Not_labeled"
"Gabbr2","5v0",-0.2852828630986,0.135337065585469,"NS","No","Not_labeled"
"Gabpa","5v0",1.60537756667438,0.176635652333763,"NS","No","Not_labeled"
"Gabpb2","5v0",0.999042608372946,0.464159883712443,"NS","No","Not_labeled"
"Gabra1","5v0",-0.0711762245896881,0.850858890760739,"NS","No","Not_labeled"
"Gabra2","5v0",0.0620134692032273,0.885715029947092,"NS","No","Not_labeled"
"Gabra4","5v0",0.168884356578799,0.657555216246798,"NS","No","Not_labeled"
"Gabra5","5v0",-0.123025290487946,0.452804500101411,"NS","No","Not_labeled"
"Gabrb1","5v0",0.18866756157326,0.554457387821064,"NS","No","Not_labeled"
"Gabrb2","5v0",-0.857252594686836,0.0188842074787292,"CLIP_Down","No","Not_labeled"
"Gabrb3","5v0",-0.288223756092333,0.449763125058233,"NS","No","Not_labeled"
"Gabrg2","5v0",-0.631128573946678,0.45009379569717,"NS","No","Not_labeled"
"Gak","5v0",-0.422912022419931,0.340168483982057,"NS","No","Not_labeled"
"Gal3st3","5v0",1.00420302919424,0.522845139960691,"NS","No","Not_labeled"
"Galnt1","5v0",0.0990063913788299,0.850128826081905,"NS","No","Not_labeled"
"Galnt11","5v0",-2.07206526484002,0.177422567576601,"NS","No","Not_labeled"
"Galnt16","5v0",-1.04617636659465,0.00829421949568571,"CLIP_Down","No","Not_labeled"
"Galnt17","5v0",-0.820326869957621,0.0895428684591817,"NS","No","Not_labeled"
"Galnt18","5v0",-0.393710773252141,0.614587647816322,"NS","No","Not_labeled"
"Galnt9","5v0",-1.6756251955567,0.0120649928508534,"CLIP_Down","No","Not_labeled"
"Gapvd1","5v0",-0.31478747050139,0.708642551561359,"NS","No","Not_labeled"
"Garem1","5v0",0.334190963229373,0.700964992447897,"NS","No","Not_labeled"
"Garre1","5v0",1.20327842777232,0.379490193729259,"NS","No","Not_labeled"
"Gars","5v0",-0.289507915827523,0.362143872410322,"NS","No","Not_labeled"
"Gart","5v0",3.26421217571001,0.014079312762382,"CLIP_Up","No","Not_labeled"
"Gas2l1","5v0",-1.93858347549793,0.288170999514868,"NS","No","Not_labeled"
"Gas6","5v0",-0.498717603325524,0.138631997852047,"NS","No","Not_labeled"
"Gas7","5v0",-0.57333669889811,0.324776243518058,"NS","No","Not_labeled"
"Gatad1","5v0",0.138759905759046,0.79724343892126,"NS","No","Not_labeled"
"Gatad2a","5v0",-0.249868608363339,0.367387606363767,"NS","No","Not_labeled"
"Gatad2b","5v0",0.583935504527211,0.697387359883918,"NS","No","Not_labeled"
"Gatm","5v0",0.229722195480308,0.54613817844685,"NS","No","Not_labeled"
"Gbf1","5v0",-0.760804183589954,0.0632308161094325,"NS","No","Not_labeled"
"Gcc1","5v0",2.26786250033751,0.124969409624438,"NS","No","Not_labeled"
"Gcc2","5v0",0.872015292306444,0.0436084318985351,"CLIP_Up","No","Not_labeled"
"Gclc","5v0",0.167358978259203,0.803445924603466,"NS","No","Not_labeled"
"Gclm","5v0",-1.32308650363745,0.126188751353416,"NS","No","Not_labeled"
"Gcn1","5v0",0.315010772125041,0.134554718286244,"NS","No","Not_labeled"
"Gda","5v0",0.178168973675861,0.718007327857134,"NS","No","Not_labeled"
"Gdap1","5v0",-0.1597681401432,0.77793560339075,"NS","No","Not_labeled"
"Gdap1l1","5v0",0.900596590058213,0.607275188198841,"NS","No","Not_labeled"
"Gdap2","5v0",2.27204664793595,0.106773147101445,"NS","No","Not_labeled"
"Gde1","5v0",-0.497211965006847,0.186776619320094,"NS","No","Not_labeled"
"Gdf1","5v0",-0.613041545428563,0.0781572851481734,"NS","No","Not_labeled"
"Gdi1","5v0",-0.665893099047906,0.139569981626398,"NS","No","Not_labeled"
"Gdi2","5v0",0.311163340525733,0.339112901128735,"NS","No","Not_labeled"
"Gemin5","5v0",-1.03278108468075,0.126194691062148,"NS","No","Not_labeled"
"Gfap","5v0",0.734691867605937,0.134637030941174,"NS","No","Not_labeled"
"Gfod1","5v0",-0.191810869768502,0.604389794661617,"NS","No","Not_labeled"
"Gfpt1","5v0",0.841665102749495,0.0607554121391034,"NS","No","Not_labeled"
"Gfra1","5v0",0.165577614895811,0.803652611546928,"NS","No","Not_labeled"
"Ggps1","5v0",3.17607648604762,0.0969235170139882,"NS","No","Not_labeled"
"Ggt7","5v0",0.530786293102085,0.235988997853356,"NS","No","Not_labeled"
"Ghitm","5v0",0.248112194633963,0.190127226735117,"NS","No","Not_labeled"
"Gid4","5v0",0.258531855781982,0.570028818899416,"NS","No","Not_labeled"
"Gigyf1","5v0",2.56236507791446,0.139858641824237,"NS","No","Not_labeled"
"Gins2","5v0",-0.991568946157749,0.0328755258853127,"CLIP_Down","No","Not_labeled"
"Git1","5v0",-0.230981110711924,0.550857706767916,"NS","No","Not_labeled"
"Gja1","5v0",-0.484549688528897,0.461528248280154,"NS","No","Not_labeled"
"Gjb6","5v0",0.221189835574852,0.702826834798636,"NS","No","Not_labeled"
"Gjc3","5v0",1.41524478638336,0.38136735811878,"NS","No","Not_labeled"
"Gk","5v0",2.52087345791225,0.0710023726780076,"NS","No","Not_labeled"
"Glcci1","5v0",1.41187712255626,0.0573336858476142,"NS","No","Not_labeled"
"Glce","5v0",2.27397385427219,0.0299425635933122,"CLIP_Up","No","Not_labeled"
"Gldc","5v0",1.52958818233181,0.232545639307221,"NS","No","Not_labeled"
"Glg1","5v0",0.0399712809064221,0.879105820903582,"NS","No","Not_labeled"
"Glis3","5v0",-0.115709226038562,0.880756437356122,"NS","No","Not_labeled"
"Glrb","5v0",-0.0252673587214103,0.960799943369284,"NS","No","Not_labeled"
"Glrx2","5v0",-1.81998716912601,0.185793396777538,"NS","No","Not_labeled"
"Gls","5v0",0.490635882776978,0.217260710215315,"NS","No","Not_labeled"
"Glud1","5v0",0.756444979152676,0.265667977903542,"NS","No","Not_labeled"
"Glul","5v0",-0.0539095994038785,0.903767462294152,"NS","No","Not_labeled"
"Glyr1","5v0",0.269856180619521,0.439899050516867,"NS","No","Not_labeled"
"Gm12258","5v0",3.83812797934495,0.00402985790074908,"CLIP_Up","No","Not_labeled"
"Gm13889","5v0",0.189641111145758,0.683313698583159,"NS","No","Not_labeled"
"Gm21992","5v0",-1.15358066632564,0.0702554817297269,"NS","No","Not_labeled"
"Gm8797","5v0",0.0848723869853822,0.81576448378507,"NS","No","Not_labeled"
"Gmeb1","5v0",2.22852828087215,0.189006276011465,"NS","No","Not_labeled"
"Gmfb","5v0",-0.739954613061833,0.00164372530002083,"CLIP_Down","Yes","Decreased"
"Gmps","5v0",-0.126422239983035,0.366950807456492,"NS","No","Not_labeled"
"Gna11","5v0",-0.166294656398568,0.577691121244379,"NS","No","Not_labeled"
"Gna12","5v0",0.646298047119525,0.255098461146381,"NS","No","Not_labeled"
"Gnai1","5v0",-0.578889544003382,0.219635524741027,"NS","No","Not_labeled"
"Gnai2","5v0",1.81711894657676,0.306529216105912,"NS","No","Not_labeled"
"Gnal","5v0",0.00137040045547909,0.992994063433314,"NS","No","Not_labeled"
"Gnao1","5v0",-0.240007936000286,0.436604703596127,"NS","No","Not_labeled"
"Gnaq","5v0",0.2274192005175,0.347710085744066,"NS","No","Not_labeled"
"Gnaz","5v0",-0.412120907632876,0.325608232177495,"NS","No","Not_labeled"
"Gnb1","5v0",-0.589704382781416,0.132202970848535,"NS","No","Not_labeled"
"Gnb2","5v0",-1.36011759071127,0.0681774873867062,"NS","No","Not_labeled"
"Gng12","5v0",2.05568962663876,0.0237353198878962,"CLIP_Up","No","Not_labeled"
"Gng2","5v0",-0.576643886111934,0.415629331934829,"NS","No","Not_labeled"
"Gng7","5v0",-1.55384501771599,0.00217280392833564,"CLIP_Down","No","Not_labeled"
"Gnl1","5v0",0.608352696498027,0.209948833157854,"NS","No","Not_labeled"
"Gnl3l","5v0",1.51354982118428,0.34814236007092,"NS","No","Not_labeled"
"Gnptab","5v0",-0.221092902237801,0.474200422211859,"NS","No","Not_labeled"
"Golga3","5v0",-0.53375850638164,0.37214609677276,"NS","No","Not_labeled"
"Golga4","5v0",-0.290877771179237,0.189682893300936,"NS","No","Not_labeled"
"Golga5","5v0",-1.37207500670228,0.363475651056176,"NS","No","Not_labeled"
"Golgb1","5v0",-0.22804985495689,0.284919392245828,"NS","No","Not_labeled"
"Golm2","5v0",0.123199974035147,0.835558558529838,"NS","No","Not_labeled"
"Golph3","5v0",-0.876004478722309,0.279253335495937,"NS","No","Not_labeled"
"Gon4l","5v0",-0.558048433915578,0.412475887380217,"NS","No","Not_labeled"
"Gopc","5v0",0.142346279600257,0.762239017776314,"NS","No","Not_labeled"
"Gorasp2","5v0",-1.7800111755841,0.0235014545281808,"CLIP_Down","No","Not_labeled"
"Got1","5v0",1.90435891480797,0.235605666854329,"NS","No","Not_labeled"
"Gpat4","5v0",1.19486622667549,0.331818400266721,"NS","No","Not_labeled"
"Gpatch8","5v0",0.483564457231075,0.180140729953501,"NS","No","Not_labeled"
"Gpbp1","5v0",0.155147806369863,0.863513509986433,"NS","No","Not_labeled"
"Gpd2","5v0",-0.189526719044989,0.573032436208648,"NS","No","Not_labeled"
"Gphn","5v0",-0.685339048005974,0.100722115128006,"NS","No","Not_labeled"
"Gpi1","5v0",0.0484912153764689,0.895961852571849,"NS","No","Not_labeled"
"Gpm6a","5v0",-0.017532452930445,0.952246676011461,"NS","No","Not_labeled"
"Gpm6b","5v0",-0.0208966173996175,0.813020603774744,"NS","No","Not_labeled"
"Gpr155","5v0",-2.06810225682505,0.13995843888246,"NS","No","Not_labeled"
"Gpr158","5v0",-0.0661043494838217,0.833142071582549,"NS","No","Not_labeled"
"Gpr161","5v0",0.719405667727159,0.37513133214621,"NS","No","Not_labeled"
"Gpr162","5v0",-0.683046804296133,0.17617269484712,"NS","No","Not_labeled"
"Gpr22","5v0",0.226800705613877,0.388845390670556,"NS","No","Not_labeled"
"Gpr26","5v0",-0.644988684679019,0.144583359173885,"NS","No","Not_labeled"
"Gpr37","5v0",1.30512721124382,0.300274175527756,"NS","No","Not_labeled"
"Gprasp1","5v0",-0.0232844227575413,0.924655635706536,"NS","No","Not_labeled"
"Gprasp2","5v0",0.0487836730560938,0.940763813296888,"NS","No","Not_labeled"
"Gprc5b","5v0",0.0295058044543168,0.942898811820802,"NS","No","Not_labeled"
"Gprin1","5v0",-0.741045863032853,0.0738711744506281,"NS","No","Not_labeled"
"Gps1","5v0",4.64442311957416,0.022468524397043,"CLIP_Up","No","Not_labeled"
"Gramd1b","5v0",0.368038100385346,0.553474241822839,"NS","No","Not_labeled"
"Grb2","5v0",-1.22075213372831,0.403137950657377,"NS","No","Not_labeled"
"Gria1","5v0",-0.0333119904787806,0.895824342082081,"NS","No","Not_labeled"
"Gria2","5v0",-0.241815376278249,0.382394764589956,"NS","No","Not_labeled"
"Gria3","5v0",-0.329258052861299,0.5252544944272,"NS","No","Not_labeled"
"Gria4","5v0",0.670434228750444,0.276748634259155,"NS","No","Not_labeled"
"Grid1","5v0",-0.812702720872636,0.0620671925200519,"NS","No","Not_labeled"
"Grik2","5v0",1.00840078775982,0.00306894889089022,"CLIP_Up","No","Not_labeled"
"Grik3","5v0",-1.60597523545792,0.0201587460611532,"CLIP_Down","No","Not_labeled"
"Grik4","5v0",-0.378005097437598,0.306219463594038,"NS","No","Not_labeled"
"Grik5","5v0",-0.0508318490964292,0.79944061344927,"NS","No","Not_labeled"
"Grin2a","5v0",-0.301993628641912,0.289429291842493,"NS","No","Not_labeled"
"Grin2b","5v0",-0.158852179296527,0.500579559600945,"NS","No","Not_labeled"
"Grin2c","5v0",-1.2752518782014,0.460872873016397,"NS","No","Not_labeled"
"Grin3a","5v0",0.463183317421372,0.260533099203433,"NS","No","Not_labeled"
"Grina","5v0",-0.365555103949294,0.187822650773103,"NS","No","Not_labeled"
"Grk2","5v0",-0.0376608153181603,0.915484637450387,"NS","No","Not_labeled"
"Grk3","5v0",0.115655453052971,0.756370312922469,"NS","No","Not_labeled"
"Grk6","5v0",-1.11852980038365,0.0878137382092526,"NS","No","Not_labeled"
"Grm1","5v0",-0.335192676523541,0.500743001131452,"NS","No","Not_labeled"
"Grm2","5v0",1.12710517969653,0.433828444166724,"NS","No","Not_labeled"
"Grm3","5v0",0.900677806617853,0.417648343248948,"NS","No","Not_labeled"
"Grm5","5v0",-0.117126820703965,0.558148582716752,"NS","No","Not_labeled"
"Grm7","5v0",-0.909151212155795,0.00124181610438206,"CLIP_Down","Yes","Decreased"
"Grsf1","5v0",0.223945490494923,0.63730332413508,"NS","No","Not_labeled"
"Gse1","5v0",-0.377985993049547,0.160781434005425,"NS","No","Not_labeled"
"Gsk3a","5v0",1.94851360588244,0.314467337738149,"NS","No","Not_labeled"
"Gsk3b","5v0",0.0919067495847212,0.687719343818962,"NS","No","Not_labeled"
"Gspt1","5v0",0.105897536836192,0.893756917216681,"NS","No","Not_labeled"
"Gstm1","5v0",-3.07876670990116,0.116487614878219,"NS","No","Not_labeled"
"Gtdc1","5v0",-0.951526768550436,0.0657626698361523,"NS","No","Not_labeled"
"Gtf2a1","5v0",1.39106562396756,0.00428558352392128,"CLIP_Up","No","Not_labeled"
"Gtf2h5","5v0",-0.544956652544355,0.371473504573623,"NS","No","Not_labeled"
"Gtf3c1","5v0",-0.108136976583733,0.599199545345081,"NS","No","Not_labeled"
"Gtf3c3","5v0",-1.02893276008986,0.113422450974954,"NS","No","Not_labeled"
"Gtf3c4","5v0",-0.61146287324507,0.379716909339921,"NS","No","Not_labeled"
"Gucy1a2","5v0",-0.0227665107215138,0.940078573662684,"NS","No","Not_labeled"
"Gucy1b1","5v0",-0.0102076792502945,0.984374351073284,"NS","No","Not_labeled"
"Guk1","5v0",3.65389380780864,0.0303510798299874,"CLIP_Up","No","Not_labeled"
"H2az1","5v0",1.2390955958891,0.550775058862161,"NS","No","Not_labeled"
"H3f3b","5v0",0.0140849420599976,0.975148692168696,"NS","No","Not_labeled"
"Hace1","5v0",-0.472056923532831,0.31063523875064,"NS","No","Not_labeled"
"Hcfc1","5v0",-0.251884728601325,0.16436363410927,"NS","No","Not_labeled"
"Hcfc2","5v0",-0.250688784225576,0.741033397215304,"NS","No","Not_labeled"
"Hcn1","5v0",-1.19409742658714,0.00709133420431017,"CLIP_Down","No","Not_labeled"
"Hcn2","5v0",-0.151651190930887,0.485093962769601,"NS","No","Not_labeled"
"Hdac2","5v0",-0.572307833234671,0.21312151220439,"NS","No","Not_labeled"
"Hdac4","5v0",0.257888920114385,0.677537942635532,"NS","No","Not_labeled"
"Hdac5","5v0",-0.561487236281415,0.433063444004357,"NS","No","Not_labeled"
"Hdac6","5v0",-5.18320363920233,0.00400438049352725,"CLIP_Down","No","Not_labeled"
"Hdac9","5v0",-0.0147686094007525,0.981769077894782,"NS","No","Not_labeled"
"Hdgfl3","5v0",0.27404633944644,0.631998728667116,"NS","No","Not_labeled"
"Hdlbp","5v0",0.153409304094576,0.618188038494029,"NS","No","Not_labeled"
"Hdx","5v0",0.00949941565240575,0.984981568718691,"NS","No","Not_labeled"
"Heatr1","5v0",0.924473325601773,0.427433430429923,"NS","No","Not_labeled"
"Heatr5b","5v0",-0.257945875114497,0.326327017479779,"NS","No","Not_labeled"
"Heca","5v0",1.27052913848458,0.0779605689128545,"NS","No","Not_labeled"
"Hectd1","5v0",-0.131623315060848,0.587803704287491,"NS","No","Not_labeled"
"Hectd2","5v0",1.91083211638604,0.0720098690669523,"NS","No","Not_labeled"
"Hectd4","5v0",-0.164850039886023,0.404830121727904,"NS","No","Not_labeled"
"Hecw1","5v0",0.0684789218694268,0.831607211611929,"NS","No","Not_labeled"
"Hecw2","5v0",1.27983195679499,0.119992788997336,"NS","No","Not_labeled"
"Heg1","5v0",0.651592387516661,0.55433383508657,"NS","No","Not_labeled"
"Helz","5v0",-0.99435455507212,0.135353611545091,"NS","No","Not_labeled"
"Herc1","5v0",-0.147758251587941,0.323380493815698,"NS","No","Not_labeled"
"Herc2","5v0",-0.134061448625076,0.401369391854525,"NS","No","Not_labeled"
"Herc3","5v0",-0.28796371886069,0.0678814258793107,"NS","No","Not_labeled"
"Herc4","5v0",0.0991871622126039,0.809335967144531,"NS","No","Not_labeled"
"Herpud2","5v0",0.202157658670985,0.336261346216522,"NS","No","Not_labeled"
"Hid1","5v0",1.73346552814223,0.276056883837896,"NS","No","Not_labeled"
"Hif1a","5v0",0.256869712966155,0.289673533167566,"NS","No","Not_labeled"
"Hint1","5v0",1.78946474140424,0.338080628296012,"NS","No","Not_labeled"
"Hip1r","5v0",1.65330650821769,0.204401704380511,"NS","No","Not_labeled"
"Hipk1","5v0",-0.018976891449686,0.926959912366761,"NS","No","Not_labeled"
"Hipk2","5v0",1.13646001875879,0.475176742748065,"NS","No","Not_labeled"
"Hipk3","5v0",0.023110512866408,0.9453999529946,"NS","No","Not_labeled"
"Hivep1","5v0",0.37143062945566,0.459253105598902,"NS","No","Not_labeled"
"Hivep2","5v0",-0.14349846917199,0.604208902188743,"NS","No","Not_labeled"
"Hivep3","5v0",-0.378986753401831,0.532941679696292,"NS","No","Not_labeled"
"Hk1","5v0",0.440404638999224,0.420737444089307,"NS","No","Not_labeled"
"Hlf","5v0",-0.415587512710699,0.162294131218858,"NS","No","Not_labeled"
"Hltf","5v0",-0.15409479353755,0.735392559461205,"NS","No","Not_labeled"
"Hmbox1","5v0",-0.0180366598035885,0.981093362115479,"NS","No","Not_labeled"
"Hmgcr","5v0",-1.92215418009822,0.247166701947005,"NS","No","Not_labeled"
"Hmgcs1","5v0",0.107765689193688,0.712185184781158,"NS","No","Not_labeled"
"Hmgxb3","5v0",-0.517352140092507,0.238922475332846,"NS","No","Not_labeled"
"Hmox2","5v0",-0.713496815074266,0.156695844289881,"NS","No","Not_labeled"
"Hnrnpa0","5v0",-0.0215444222689962,0.964222802572137,"NS","No","Not_labeled"
"Hnrnpa1","5v0",-0.882503128214059,0.192126670434242,"NS","No","Not_labeled"
"Hnrnpa2b1","5v0",0.343847548485187,0.333132318484508,"NS","No","Not_labeled"
"Hnrnpa3","5v0",1.37144102829314,0.413178170120103,"NS","No","Not_labeled"
"Hnrnpab","5v0",0.924951482299265,0.0985578001462225,"NS","No","Not_labeled"
"Hnrnpd","5v0",-2.66681863548346,0.140573580483188,"NS","No","Not_labeled"
"Hnrnpdl","5v0",-1.98436622454825,0.358742319832123,"NS","No","Not_labeled"
"Hnrnph2","5v0",3.32385229913895,0.209752831230321,"NS","No","Not_labeled"
"Hnrnpk","5v0",2.00634596214788,0.175505184763834,"NS","No","Not_labeled"
"Hnrnpll","5v0",0.103399635406445,0.819370581933407,"NS","No","Not_labeled"
"Hnrnpu","5v0",0.869849309899805,0.00665717124344892,"CLIP_Up","Yes","Increased"
"Hnrnpul1","5v0",-0.20647083527227,0.656498738507281,"NS","No","Not_labeled"
"Hnrnpul2","5v0",-0.662568574338397,0.063388991804876,"NS","No","Not_labeled"
"Homer1","5v0",0.36309249312819,0.657818848428344,"NS","No","Not_labeled"
"Homer2","5v0",0.0537772905182843,0.921398553523475,"NS","No","Not_labeled"
"Homer3","5v0",-2.73924868205172,0.0981314751938958,"NS","No","Not_labeled"
"Hook3","5v0",0.0891400895615644,0.873249537082182,"NS","No","Not_labeled"
"Hpca","5v0",-0.419566596954147,0.401217836348122,"NS","No","Not_labeled"
"Hpcal4","5v0",-0.392364945129458,0.193782175403437,"NS","No","Not_labeled"
"Hprt1","5v0",1.17191057024694,0.0987412882738138,"NS","No","Not_labeled"
"Hs2st1","5v0",-0.0803095222830104,0.841317979549419,"NS","No","Not_labeled"
"Hs3st4","5v0",-0.2179354036596,0.301694808442723,"NS","No","Not_labeled"
"Hsdl2","5v0",0.905563180772837,0.395830741770325,"NS","No","Not_labeled"
"Hsp90aa1","5v0",0.486668675921339,0.153518867136057,"NS","No","Not_labeled"
"Hsp90ab1","5v0",0.103744612116216,0.61932788979656,"NS","No","Not_labeled"
"Hsp90b1","5v0",0.0284611575554932,0.933603346557114,"NS","No","Not_labeled"
"Hspa12a","5v0",-0.527704551947167,0.0457312230259747,"CLIP_Down","No","Not_labeled"
"Hspa2","5v0",1.87523133129552,0.361148127140756,"NS","No","Not_labeled"
"Hspa4","5v0",-0.0479147388467096,0.884970404750095,"NS","No","Not_labeled"
"Hspa4l","5v0",0.0778764087485477,0.790840464372528,"NS","No","Not_labeled"
"Hspa5","5v0",-0.506301820104953,0.431167596897797,"NS","No","Not_labeled"
"Hspa8","5v0",-0.187952345989404,0.6956488396508,"NS","No","Not_labeled"
"Hspa9","5v0",1.38576651806218,0.417249378334072,"NS","No","Not_labeled"
"Hspd1","5v0",-0.789309729050311,0.0352415791107082,"CLIP_Down","No","Not_labeled"
"Hsph1","5v0",-0.241121713189035,0.457898999066378,"NS","No","Not_labeled"
"Htr2c","5v0",1.76015944757571,0.015526203413091,"CLIP_Up","No","Not_labeled"
"Htr4","5v0",1.20604344756664,0.0725106274448142,"NS","No","Not_labeled"
"Htt","5v0",-0.00212357927938278,0.988694284929608,"NS","No","Not_labeled"
"Hunk","5v0",1.29949664688892,0.141991684947461,"NS","No","Not_labeled"
"Huwe1","5v0",-0.176506287763774,0.269051221478348,"NS","No","Not_labeled"
"Hycc1","5v0",0.446967495205912,0.649407050323498,"NS","No","Not_labeled"
"Hycc2","5v0",-0.112236173819781,0.668271130365502,"NS","No","Not_labeled"
"Iars1","5v0",-0.532241767580299,0.385209253043173,"NS","No","Not_labeled"
"Iars2","5v0",-0.0209743899711121,0.959734131384369,"NS","No","Not_labeled"
"Ibtk","5v0",1.20581638637095,0.311318533101808,"NS","No","Not_labeled"
"Ica1l","5v0",-0.469982227938231,0.343184643994719,"NS","No","Not_labeled"
"Icam5","5v0",0.424410363317133,0.811582988139083,"NS","No","Not_labeled"
"Ice1","5v0",0.0540313277742559,0.750232111207371,"NS","No","Not_labeled"
"Ide","5v0",-0.180876686435179,0.608151699000711,"NS","No","Not_labeled"
"Idh3a","5v0",-0.0136777056652644,0.981879175685776,"NS","No","Not_labeled"
"Idh3b","5v0",-2.62314878715592,0.168665009255154,"NS","No","Not_labeled"
"Ids","5v0",-0.377474111214589,0.0479079994354303,"CLIP_Down","No","Not_labeled"
"Ifnar1","5v0",-0.54140424431057,0.245202126817955,"NS","No","Not_labeled"
"Ifrd1","5v0",0.260295198703951,0.705200154227005,"NS","No","Not_labeled"
"Ift172","5v0",0.340488155859807,0.57055682724242,"NS","No","Not_labeled"
"Ift46","5v0",-0.359556745676456,0.467468221775456,"NS","No","Not_labeled"
"Ift57","5v0",0.991200625880603,0.404941092554248,"NS","No","Not_labeled"
"Igdcc4","5v0",1.75708299108531,0.265451808323214,"NS","No","Not_labeled"
"Igf1r","5v0",0.166211309714145,0.827871615802531,"NS","No","Not_labeled"
"Igfbp5","5v0",0.364922112417291,0.316089501928306,"NS","No","Not_labeled"
"Igsf10","5v0",0.725306076293327,0.0681164419171994,"NS","No","Not_labeled"
"Igsf11","5v0",-0.417655893184089,0.387018070496126,"NS","No","Not_labeled"
"Igsf3","5v0",-0.00874608230434903,0.986591171911809,"NS","No","Not_labeled"
"Ikzf4","5v0",0.584830148658479,0.241488641871942,"NS","No","Not_labeled"
"Ikzf5","5v0",1.06427505654901,0.507259613272768,"NS","No","Not_labeled"
"Il16","5v0",-1.52671318826735,0.04170973083392,"CLIP_Down","No","Not_labeled"
"Il1a","5v0",1.85614884405775,0.21223256899879,"NS","No","Not_labeled"
"Il1r1","5v0",0.834249827737262,0.400227213415986,"NS","No","Not_labeled"
"Il1rap","5v0",0.476628783031676,0.607117564876893,"NS","No","Not_labeled"
"Il33","5v0",3.64034925798264,0.0231390605346913,"CLIP_Up","Yes","Increased"
"Il6st","5v0",0.899250705567091,0.517661366675496,"NS","No","Not_labeled"
"Ildr2","5v0",0.533242452940145,0.086340120711212,"NS","No","Not_labeled"
"Ilf3","5v0",-1.50959823914665,0.285081039398164,"NS","No","Not_labeled"
"Ilrun","5v0",-0.552541286695165,0.324426194682316,"NS","No","Not_labeled"
"Impa1","5v0",-2.69883685125166,0.193350708662632,"NS","No","Not_labeled"
"Impact","5v0",-0.214323392309232,0.663785566891538,"NS","No","Not_labeled"
"Ina","5v0",-0.141067503329463,0.638469920996297,"NS","No","Not_labeled"
"Inf2","5v0",-0.793818302411087,0.166398716434567,"NS","No","Not_labeled"
"Ing5","5v0",1.16575878627738,0.478966781062036,"NS","No","Not_labeled"
"Inka2","5v0",0.312883532066314,0.566743374130159,"NS","No","Not_labeled"
"Ino80","5v0",-0.578802701753445,0.453620777365226,"NS","No","Not_labeled"
"Ino80d","5v0",0.496218826662946,0.0954919062897528,"NS","No","Not_labeled"
"Ino80e","5v0",6.37291581749351,5.82409395569531e-08,"CLIP_Up","No","Not_labeled"
"Inpp4a","5v0",-0.724083919013775,0.10686112548224,"NS","No","Not_labeled"
"Inpp5a","5v0",0.696951157099662,0.495846302738785,"NS","No","Not_labeled"
"Inpp5b","5v0",-1.14290879298481,0.0365696712584882,"CLIP_Down","No","Not_labeled"
"Inpp5e","5v0",0.69107825332858,0.686698410428016,"NS","No","Not_labeled"
"Inpp5f","5v0",0.176758223963603,0.450025106011027,"NS","No","Not_labeled"
"Inppl1","5v0",-0.483268068454905,0.20947008446657,"NS","No","Not_labeled"
"Insig1","5v0",1.01938732837113,0.535290265490833,"NS","No","Not_labeled"
"Insr","5v0",0.619580681769151,0.462347653224575,"NS","No","Not_labeled"
"Insyn1","5v0",-0.813522917177204,0.0153914667783483,"CLIP_Down","No","Not_labeled"
"Ints1","5v0",-1.48196040524195,0.0375330907046841,"CLIP_Down","No","Not_labeled"
"Ints13","5v0",1.87320685517962,0.113534130105813,"NS","No","Not_labeled"
"Ints2","5v0",-0.982939922387125,0.517069378564557,"NS","No","Not_labeled"
"Ints3","5v0",-0.833831109868957,0.144979773424438,"NS","No","Not_labeled"
"Ints6","5v0",-0.778351605102289,0.206186424573892,"NS","No","Not_labeled"
"Ip6k1","5v0",-0.231984067844883,0.756985958680991,"NS","No","Not_labeled"
"Ip6k2","5v0",-0.754726167737412,0.647967601582183,"NS","No","Not_labeled"
"Ipmk","5v0",1.13203285345176,0.149575050483263,"NS","No","Not_labeled"
"Ipo11","5v0",-0.14563980068154,0.802836808317929,"NS","No","Not_labeled"
"Ipo13","5v0",-0.59568937423901,0.0462782776078423,"CLIP_Down","No","Not_labeled"
"Ipo5","5v0",-0.795580340380525,0.239708351603598,"NS","No","Not_labeled"
"Ipo7","5v0",0.50081641470359,0.0146060437390789,"CLIP_Up","Yes","Increased"
"Ipo8","5v0",0.92411420928377,0.0558107534072795,"NS","No","Not_labeled"
"Ipo9","5v0",0.387173540535901,0.21101033046178,"NS","No","Not_labeled"
"Ippk","5v0",1.44497759576451,0.161051628471118,"NS","No","Not_labeled"
"Iqgap1","5v0",0.359035182025569,0.718956887394301,"NS","No","Not_labeled"
"Iqgap2","5v0",-0.0356172222567277,0.889454961717569,"NS","No","Not_labeled"
"Iqsec1","5v0",-0.289207196631208,0.146385065453795,"NS","No","Not_labeled"
"Iqsec2","5v0",-0.422487063245329,0.115323591989701,"NS","No","Not_labeled"
"Iqsec3","5v0",-0.507240305552324,0.054366999780501,"NS","No","Not_labeled"
"Ireb2","5v0",-0.245544748023901,0.318254336681975,"NS","No","Not_labeled"
"Irf2bp2","5v0",-0.194691336909552,0.590493415498003,"NS","No","Not_labeled"
"Irf2bpl","5v0",-0.0909389862343843,0.806306761227695,"NS","No","Not_labeled"
"Irs1","5v0",-0.211172689381636,0.313910675591006,"NS","No","Not_labeled"
"Irs2","5v0",0.378141601614611,0.142814018628371,"NS","No","Not_labeled"
"Isca1","5v0",-0.841507461217064,0.25618348565046,"NS","No","Not_labeled"
"Ism1","5v0",-2.49599938041335,0.0198403711948402,"CLIP_Down","No","Not_labeled"
"Itch","5v0",0.792649041432094,0.0323360412117062,"CLIP_Up","No","Not_labeled"
"Itfg1","5v0",-0.862285288543467,0.0431969394515686,"CLIP_Down","No","Not_labeled"
"Itga6","5v0",-1.30449056073857,0.284289595356847,"NS","No","Not_labeled"
"Itgav","5v0",0.218213777309828,0.407741995129876,"NS","No","Not_labeled"
"Itgb1","5v0",0.852833891615185,0.147134492254054,"NS","No","Not_labeled"
"Itgb8","5v0",0.763653154324504,0.144222096840505,"NS","No","Not_labeled"
"Itm2b","5v0",0.0947264508585717,0.747807799886762,"NS","No","Not_labeled"
"Itm2c","5v0",-0.395442936264513,0.238390634563997,"NS","No","Not_labeled"
"Itpka","5v0",-0.574805303914786,0.327683521576128,"NS","No","Not_labeled"
"Itpkb","5v0",0.137562654701114,0.69426361484498,"NS","No","Not_labeled"
"Itpr1","5v0",-0.0296335598023112,0.924351884697026,"NS","No","Not_labeled"
"Itpr2","5v0",0.0647590707724781,0.91088886417346,"NS","No","Not_labeled"
"Itprid2","5v0",0.5513902344927,0.157935396548127,"NS","No","Not_labeled"
"Itsn1","5v0",-0.36628319855747,0.398292719989932,"NS","No","Not_labeled"
"Itsn2","5v0",-0.443719794227908,0.390176139316128,"NS","No","Not_labeled"
"Ivns1abp","5v0",0.443816779213039,0.302150067519644,"NS","No","Not_labeled"
"Iws1","5v0",0.130516904995439,0.625068753358459,"NS","No","Not_labeled"
"Jade1","5v0",0.707397533099977,0.241641797107504,"NS","No","Not_labeled"
"Jade2","5v0",0.42065788960266,0.162252974511586,"NS","No","Not_labeled"
"Jade3","5v0",1.07459005215443,0.199643747868762,"NS","No","Not_labeled"
"Jak1","5v0",0.0460770765833702,0.846573552544082,"NS","No","Not_labeled"
"Jak2","5v0",0.313046415868516,0.303083791259499,"NS","No","Not_labeled"
"Jakmip1","5v0",1.56911870301874,0.126731944312601,"NS","No","Not_labeled"
"Jakmip2","5v0",-0.615163409825607,0.357327139090005,"NS","No","Not_labeled"
"Jcad","5v0",-0.102589127136191,0.662852255346662,"NS","No","Not_labeled"
"Jdp2","5v0",-0.945347097943072,0.51579950867248,"NS","No","Not_labeled"
"Jmjd1c","5v0",0.592835625822198,0.0302730528994787,"CLIP_Up","Yes","Increased"
"Jmjd4","5v0",3.20623654295677,0.0606678901645068,"NS","No","Not_labeled"
"Jmjd8","5v0",-1.57832530889483,0.475999227839035,"NS","No","Not_labeled"
"Jmy","5v0",-0.328953811747546,0.306515423897126,"NS","No","Not_labeled"
"Josd1","5v0",-0.495285057576432,0.556732498604563,"NS","No","Not_labeled"
"Jph1","5v0",0.0226041755373794,0.941206654097072,"NS","No","Not_labeled"
"Jph3","5v0",0.100822289621437,0.831568734990211,"NS","No","Not_labeled"
"Jph4","5v0",-0.0553712429344628,0.871795157459914,"NS","No","Not_labeled"
"Jun","5v0",-0.154710246774277,0.71066304097912,"NS","No","Not_labeled"
"Junb","5v0",0.0431229105196298,0.888479755154404,"NS","No","Not_labeled"
"Jund","5v0",0.145252682569364,0.609405956335552,"NS","No","Not_labeled"
"Kalrn","5v0",-0.314980223621738,0.425613494959846,"NS","No","Not_labeled"
"Kank1","5v0",-0.1799162992143,0.842977273863647,"NS","No","Not_labeled"
"Kansl1","5v0",0.0346683716129528,0.916662487352175,"NS","No","Not_labeled"
"Kansl1l","5v0",0.280209333098928,0.450326788285328,"NS","No","Not_labeled"
"Kansl2","5v0",1.65442505007484,0.331325731617635,"NS","No","Not_labeled"
"Kansl3","5v0",1.0028045774187,0.504939675911799,"NS","No","Not_labeled"
"Kars1","5v0",3.39381830792487,0.0760067068369658,"NS","No","Not_labeled"
"Kat14","5v0",1.39175979301654,0.329826894183668,"NS","No","Not_labeled"
"Kat2a","5v0",-1.02090031800967,0.0112167242749768,"CLIP_Down","Yes","Decreased"
"Kat2b","5v0",-0.171875671208789,0.740976621042154,"NS","No","Not_labeled"
"Kat6a","5v0",0.63251432371128,0.182528903931455,"NS","No","Not_labeled"
"Kat6b","5v0",-0.471297432756908,0.341006074233068,"NS","No","Not_labeled"
"Katnip","5v0",1.15613335688944,0.199309060771979,"NS","No","Not_labeled"
"Kbtbd11","5v0",-0.205917874156031,0.588932143832847,"NS","No","Not_labeled"
"Kbtbd2","5v0",-0.608036877905858,0.235381369789218,"NS","No","Not_labeled"
"Kbtbd7","5v0",2.9552648201913,0.129794102694721,"NS","No","Not_labeled"
"Kcna1","5v0",-0.338675409441678,0.145587442151076,"NS","No","Not_labeled"
"Kcna2","5v0",-0.501714103033609,0.142430427931992,"NS","No","Not_labeled"
"Kcna4","5v0",0.865980469026386,0.0850078058951887,"NS","No","Not_labeled"
"Kcna6","5v0",0.637926753398892,0.685178952837197,"NS","No","Not_labeled"
"Kcnab1","5v0",0.0384734581677479,0.958206042368625,"NS","No","Not_labeled"
"Kcnab2","5v0",0.336733346639371,0.343458378234149,"NS","No","Not_labeled"
"Kcnb1","5v0",-0.238270663199794,0.0939716378700901,"NS","No","Not_labeled"
"Kcnb2","5v0",0.171089892077473,0.721111893806274,"NS","No","Not_labeled"
"Kcnc1","5v0",-0.520205241073817,0.219461736922366,"NS","No","Not_labeled"
"Kcnc2","5v0",-1.78475941353946,0.0100544813337141,"CLIP_Down","No","Not_labeled"
"Kcnc3","5v0",-0.547898333796649,0.372702672510865,"NS","No","Not_labeled"
"Kcnd2","5v0",0.0362619038580506,0.892623514295676,"NS","No","Not_labeled"
"Kcnd3","5v0",0.900650289366025,0.344013669573409,"NS","No","Not_labeled"
"Kcnf1","5v0",1.24118257812521,0.474149715381983,"NS","No","Not_labeled"
"Kcng2","5v0",0.689470587763722,0.375104946824981,"NS","No","Not_labeled"
"Kcnh1","5v0",-0.774989937895546,0.0563743411367822,"NS","No","Not_labeled"
"Kcnh2","5v0",0.831918814242124,0.559093810248823,"NS","No","Not_labeled"
"Kcnh3","5v0",-0.406585026234845,0.409274626545474,"NS","No","Not_labeled"
"Kcnh7","5v0",-0.0699831805687321,0.876208547261492,"NS","No","Not_labeled"
"Kcnip2","5v0",0.214997595275543,0.527322974646618,"NS","No","Not_labeled"
"Kcnip3","5v0",-0.0647352465195368,0.94993806918857,"NS","No","Not_labeled"
"Kcnj10","5v0",0.725594220279859,0.0764779285017807,"NS","No","Not_labeled"
"Kcnj3","5v0",-0.243926356065763,0.535748577958512,"NS","No","Not_labeled"
"Kcnj4","5v0",-0.651143953428759,0.042011517752615,"CLIP_Down","No","Not_labeled"
"Kcnj6","5v0",-0.591252837212027,0.451307681228442,"NS","No","Not_labeled"
"Kcnj9","5v0",-2.5904118402796,0.15494723521261,"NS","No","Not_labeled"
"Kcnk2","5v0",1.16625486859107,0.193221596401304,"NS","No","Not_labeled"
"Kcnma1","5v0",0.531669166809975,0.405600496867458,"NS","No","Not_labeled"
"Kcnn2","5v0",1.552335404868,0.00434992477503225,"CLIP_Up","No","Not_labeled"
"Kcnq2","5v0",-0.512923330607127,0.175089122936341,"NS","No","Not_labeled"
"Kcnq3","5v0",-0.11270596286121,0.794777400071007,"NS","No","Not_labeled"
"Kcnq5","5v0",-0.115916755135804,0.776505780417871,"NS","No","Not_labeled"
"Kcnt2","5v0",0.785427160601528,0.339340826682565,"NS","No","Not_labeled"
"Kctd1","5v0",0.140033751837442,0.618698078901558,"NS","No","Not_labeled"
"Kctd10","5v0",-0.376407741935239,0.708353766560912,"NS","No","Not_labeled"
"Kctd12","5v0",0.264901093824488,0.409774814450325,"NS","No","Not_labeled"
"Kctd3","5v0",-0.584458056023811,0.105898161309865,"NS","No","Not_labeled"
"Kdm2a","5v0",0.422816715022305,0.450254902329132,"NS","No","Not_labeled"
"Kdm2b","5v0",0.749241218160111,0.446561704025763,"NS","No","Not_labeled"
"Kdm3a","5v0",0.528371073914603,0.0549514352277242,"NS","No","Not_labeled"
"Kdm3b","5v0",1.46337855721987,0.228776827288722,"NS","No","Not_labeled"
"Kdm4b","5v0",-0.0349479154245356,0.919244324489573,"NS","No","Not_labeled"
"Kdm4c","5v0",-0.638189385507587,0.453251632448572,"NS","No","Not_labeled"
"Kdm5a","5v0",0.54582338854508,0.344952117568212,"NS","No","Not_labeled"
"Kdm5b","5v0",0.0163757036569501,0.967273835886605,"NS","No","Not_labeled"
"Kdm5c","5v0",-0.471645474837644,0.499914030812322,"NS","No","Not_labeled"
"Kdm6a","5v0",-0.0770094713433096,0.88360266547526,"NS","No","Not_labeled"
"Kdm6b","5v0",-0.00156736240174649,0.997341522666391,"NS","No","Not_labeled"
"Kdm7a","5v0",0.786926409102422,0.120581297612093,"NS","No","Not_labeled"
"Keap1","5v0",-0.131208959511573,0.777537890157915,"NS","No","Not_labeled"
"Khdrbs1","5v0",-0.621777107113758,0.216639943626985,"NS","No","Not_labeled"
"Khdrbs3","5v0",-0.237116845698616,0.343649116235003,"NS","No","Not_labeled"
"Khsrp","5v0",0.0721743562041683,0.759708209657048,"NS","No","Not_labeled"
"Kidins220","5v0",0.210650036041795,0.481658663523374,"NS","No","Not_labeled"
"Kif13a","5v0",-0.611975293739171,0.283998806847958,"NS","No","Not_labeled"
"Kif13b","5v0",0.451310683143566,0.615084674045052,"NS","No","Not_labeled"
"Kif1a","5v0",-0.396358377896479,0.0505968296941604,"NS","No","Not_labeled"
"Kif1b","5v0",-0.0675670444209926,0.686988549029193,"NS","No","Not_labeled"
"Kif1c","5v0",1.33259561910386,0.491443342397344,"NS","No","Not_labeled"
"Kif21b","5v0",0.130849420573256,0.814641983636425,"NS","No","Not_labeled"
"Kif26b","5v0",0.00214977231229985,0.994300476658401,"NS","No","Not_labeled"
"Kif2a","5v0",0.642508133714978,0.0166643456059261,"CLIP_Up","No","Not_labeled"
"Kif3a","5v0",0.536267110956606,0.221581693286667,"NS","No","Not_labeled"
"Kif3b","5v0",1.29348438642262,0.323349436651236,"NS","No","Not_labeled"
"Kif3c","5v0",-0.139142329275933,0.530950562255293,"NS","No","Not_labeled"
"Kif5a","5v0",-0.192569005022047,0.392954705199184,"NS","No","Not_labeled"
"Kif5b","5v0",-0.0980143513264906,0.66601291699572,"NS","No","Not_labeled"
"Kif5c","5v0",-0.262651788522824,0.293609103801049,"NS","No","Not_labeled"
"Kifap3","5v0",0.512559380403234,0.00687721742510215,"CLIP_Up","No","Not_labeled"
"Kifbp","5v0",0.398902350727511,0.416118518791566,"NS","No","Not_labeled"
"Kifc2","5v0",-0.371745480579451,0.378527009097028,"NS","No","Not_labeled"
"Kifc3","5v0",0.73422790260136,0.0880054972863269,"NS","No","Not_labeled"
"Kit","5v0",-0.542258085834083,0.310865515247883,"NS","No","Not_labeled"
"Kitl","5v0",1.9479881452965,0.0628864562165229,"NS","No","Not_labeled"
"Kiz","5v0",-0.496465230663967,0.349464464270533,"NS","No","Not_labeled"
"Kl","5v0",0.395997484566302,0.526744230644838,"NS","No","Not_labeled"
"Klc1","5v0",-0.0229370181034643,0.939282534024297,"NS","No","Not_labeled"
"Klf13","5v0",-0.294651746448351,0.454255071093631,"NS","No","Not_labeled"
"Klf3","5v0",0.5502575178382,0.444189643040612,"NS","No","Not_labeled"
"Klf4","5v0",1.94393876630676,0.375305928459255,"NS","No","Not_labeled"
"Klf7","5v0",0.100875402363013,0.867387298119081,"NS","No","Not_labeled"
"Klf9","5v0",-0.082096089902262,0.688413933874898,"NS","No","Not_labeled"
"Klhdc2","5v0",-2.75392082937335,0.0756341888991503,"NS","No","Not_labeled"
"Klhdc3","5v0",0.16987217945804,0.577970763003272,"NS","No","Not_labeled"
"Klhl12","5v0",1.04467907922752,0.382664958917606,"NS","No","Not_labeled"
"Klhl15","5v0",-0.286775050443204,0.590934843964112,"NS","No","Not_labeled"
"Klhl2","5v0",0.246752425276609,0.316505256416706,"NS","No","Not_labeled"
"Klhl22","5v0",-0.50346740902618,0.298527167653359,"NS","No","Not_labeled"
"Klhl23","5v0",0.812265891965984,0.0874441212165149,"NS","No","Not_labeled"
"Klhl24","5v0",0.304659822113608,0.421094667203743,"NS","No","Not_labeled"
"Klhl26","5v0",2.05069925158494,0.152098867308748,"NS","No","Not_labeled"
"Klhl29","5v0",0.343174772733033,0.371469639800344,"NS","No","Not_labeled"
"Klhl5","5v0",0.528412796423593,0.289321202717875,"NS","No","Not_labeled"
"Klhl7","5v0",-0.754403555248032,0.551738715891816,"NS","No","Not_labeled"
"Klhl8","5v0",1.30848898171319,0.266444713865042,"NS","No","Not_labeled"
"Klhl9","5v0",2.43402344130225,0.295421460136944,"NS","No","Not_labeled"
"Kmt2a","5v0",-0.117417190266701,0.595512218134769,"NS","No","Not_labeled"
"Kmt2b","5v0",-0.158566872759279,0.737986263424265,"NS","No","Not_labeled"
"Kmt2c","5v0",0.0329396950519492,0.879126122413568,"NS","No","Not_labeled"
"Kmt2d","5v0",-0.25018325827504,0.252420408494632,"NS","No","Not_labeled"
"Kmt2e","5v0",0.236280154605887,0.204989776196611,"NS","No","Not_labeled"
"Kmt5b","5v0",-1.43693653588085,0.0330654385031819,"CLIP_Down","No","Not_labeled"
"Kndc1","5v0",1.13282363200723,0.528386883546488,"NS","No","Not_labeled"
"Kpna1","5v0",0.294363767792356,0.598501245767517,"NS","No","Not_labeled"
"Kpna4","5v0",-0.602254628094617,0.0502310047371346,"NS","No","Not_labeled"
"Kpna6","5v0",0.431304349014618,0.386216459193468,"NS","No","Not_labeled"
"Kpnb1","5v0",0.627258232305389,0.221013416871149,"NS","No","Not_labeled"
"Kras","5v0",-0.230150586403171,0.32763330283197,"NS","No","Not_labeled"
"Krit1","5v0",0.616657039609803,0.458984732982786,"NS","No","Not_labeled"
"Krt222","5v0",3.02498041486416,0.0269944214160575,"CLIP_Up","No","Not_labeled"
"Ksr1","5v0",-0.138499093490651,0.730595486114462,"NS","No","Not_labeled"
"Ksr2","5v0",0.403450106625688,0.239461802959212,"NS","No","Not_labeled"
"L1cam","5v0",0.124874098700903,0.831807255254324,"NS","No","Not_labeled"
"L3mbtl3","5v0",-0.405182831054099,0.387235220761312,"NS","No","Not_labeled"
"Lama2","5v0",0.137709712614584,0.770889441720177,"NS","No","Not_labeled"
"Lamb1","5v0",0.960565881336467,0.40194187066537,"NS","No","Not_labeled"
"Lamc1","5v0",1.0156611749317,0.328838847443771,"NS","No","Not_labeled"
"Lamp1","5v0",0.270624956528413,0.4073916732477,"NS","No","Not_labeled"
"Lamp2","5v0",-1.49062430032995,0.0588544594441067,"NS","No","Not_labeled"
"Lancl1","5v0",0.304260267554094,0.8302604275348,"NS","No","Not_labeled"
"Laptm4a","5v0",-0.0925541751583543,0.775623179244309,"NS","No","Not_labeled"
"Large1","5v0",-0.415142775260945,0.0658843351897377,"NS","No","Not_labeled"
"Larp1","5v0",-0.590768364583171,0.0896202872271728,"NS","No","Not_labeled"
"Larp4","5v0",-0.72415730616924,0.164980573958054,"NS","No","Not_labeled"
"Larp4b","5v0",0.238445784554577,0.610871370137694,"NS","No","Not_labeled"
"Lars2","5v0",-0.00750344534934477,0.983859589076077,"NS","No","Not_labeled"
"Las1l","5v0",1.7069676792987,0.175656292734134,"NS","No","Not_labeled"
"Lats1","5v0",1.80444809279581,0.288158154891458,"NS","No","Not_labeled"
"Lats2","5v0",0.169519875961329,0.613055018101317,"NS","No","Not_labeled"
"Lcorl","5v0",1.92296557965658,0.0317793699834522,"CLIP_Up","No","Not_labeled"
"Lct","5v0",-0.141505565845137,0.466243536032519,"NS","No","Not_labeled"
"Lemd3","5v0",-0.578806962360505,0.0661685133153933,"NS","No","Not_labeled"
"Leprotl1","5v0",-0.319489861435209,0.252488696408184,"NS","No","Not_labeled"
"Letm1","5v0",-1.11282846821725,0.409400474086788,"NS","No","Not_labeled"
"Letmd1","5v0",-3.35052857724529,0.070514681896971,"NS","No","Not_labeled"
"Lgalsl","5v0",-0.642143172252186,0.113118836543196,"NS","No","Not_labeled"
"Lgi1","5v0",-0.712715866944131,0.0316956105000836,"CLIP_Down","No","Not_labeled"
"Lgi2","5v0",1.05898995124563,0.252318875951098,"NS","No","Not_labeled"
"Lgr4","5v0",1.04526032896754,0.442612751908825,"NS","No","Not_labeled"
"Lhfpl2","5v0",1.22019319906795,0.134620249461274,"NS","No","Not_labeled"
"Lhx2","5v0",-0.344440399038829,0.544155517212556,"NS","No","Not_labeled"
"Lhx9","5v0",-1.42880835640043,0.352638575375905,"NS","No","Not_labeled"
"Lifr","5v0",0.220806874503555,0.642082772600942,"NS","No","Not_labeled"
"Lin7c","5v0",-0.16810546008774,0.518641944559592,"NS","No","Not_labeled"
"Lingo1","5v0",-0.784770669706413,0.0306703438497056,"CLIP_Down","No","Not_labeled"
"Lingo3","5v0",-0.383220802396331,0.140484378510602,"NS","No","Not_labeled"
"Lix1","5v0",0.885905960146738,0.326701608137712,"NS","No","Not_labeled"
"Llgl1","5v0",-0.421082777585234,0.46686642628697,"NS","No","Not_labeled"
"Lman1","5v0",0.613990403939977,0.574118864714974,"NS","No","Not_labeled"
"Lman2","5v0",1.22175911172116,0.349985651715744,"NS","No","Not_labeled"
"Lmbr1","5v0",0.655294061900085,0.420462521387342,"NS","No","Not_labeled"
"Lmbrd1","5v0",1.1429513848697,0.318459095414966,"NS","No","Not_labeled"
"Lmbrd2","5v0",1.09801814468749,0.261422967294113,"NS","No","Not_labeled"
"Lmo4","5v0",-0.277494398439372,0.647201050164046,"NS","No","Not_labeled"
"Lmo7","5v0",-0.656247694227432,0.359282999064457,"NS","No","Not_labeled"
"Lmtk2","5v0",-0.387706833346409,0.151193119353455,"NS","No","Not_labeled"
"Lmtk3","5v0",-1.1925674099109,0.00144554648715498,"CLIP_Down","No","Not_labeled"
"Lnpep","5v0",-0.112800566751463,0.655699528536331,"NS","No","Not_labeled"
"Lnpk","5v0",-0.883500386561876,0.176891732491389,"NS","No","Not_labeled"
"Lonp2","5v0",1.37278917279817,0.235692560816773,"NS","No","Not_labeled"
"Lonrf1","5v0",0.0879873152860577,0.874584041097488,"NS","No","Not_labeled"
"Lonrf2","5v0",-0.53911448244089,0.0533533707037627,"NS","No","Not_labeled"
"Lpgat1","5v0",0.45010106781454,0.0860733767279129,"NS","No","Not_labeled"
"Lpin2","5v0",-0.24912197355155,0.637536905749862,"NS","No","Not_labeled"
"Lpl","5v0",3.30786484024027,0.0192667648736642,"CLIP_Up","No","Not_labeled"
"Lpp","5v0",1.50019167140694,0.014661773208544,"CLIP_Up","No","Not_labeled"
"Lrba","5v0",0.0179316898523485,0.959007198444057,"NS","No","Not_labeled"
"Lrfn5","5v0",-0.679850009135975,0.232164700300111,"NS","No","Not_labeled"
"Lrig1","5v0",0.509783032649545,0.249249982097007,"NS","No","Not_labeled"
"Lrig2","5v0",-2.34319818370596,0.0320884959529884,"CLIP_Down","No","Not_labeled"
"Lrp1","5v0",-0.143512259536079,0.714535621342274,"NS","No","Not_labeled"
"Lrp11","5v0",-0.728459709936333,0.151852914508792,"NS","No","Not_labeled"
"Lrp12","5v0",1.03179202066486,0.350633994847846,"NS","No","Not_labeled"
"Lrp1b","5v0",-0.244172354484542,0.507775804646565,"NS","No","Not_labeled"
"Lrp3","5v0",0.343182467295581,0.573676126564715,"NS","No","Not_labeled"
"Lrp6","5v0",-0.131216215960833,0.716517873309351,"NS","No","Not_labeled"
"Lrp8","5v0",-0.0678985546394504,0.82482594770623,"NS","No","Not_labeled"
"Lrpap1","5v0",1.81078310472897,0.270207031477911,"NS","No","Not_labeled"
"Lrpprc","5v0",0.721886618617172,0.31723061022906,"NS","No","Not_labeled"
"Lrrc1","5v0",0.946965723333459,0.384463157513454,"NS","No","Not_labeled"
"Lrrc10b","5v0",-0.305929405721365,0.504283529832518,"NS","No","Not_labeled"
"Lrrc28","5v0",1.19096971545799,0.11747616853289,"NS","No","Not_labeled"
"Lrrc4","5v0",-0.280098097191396,0.443690502957213,"NS","No","Not_labeled"
"Lrrc40","5v0",-0.157822687322443,0.611920644312347,"NS","No","Not_labeled"
"Lrrc41","5v0",1.18525790568906,0.451618115244121,"NS","No","Not_labeled"
"Lrrc4b","5v0",-0.29033299619521,0.447498952390069,"NS","No","Not_labeled"
"Lrrc4c","5v0",0.0377505152121055,0.916656850508678,"NS","No","Not_labeled"
"Lrrc58","5v0",0.251040757787485,0.155961156098403,"NS","No","Not_labeled"
"Lrrc7","5v0",-0.0142834983154339,0.950298407489739,"NS","No","Not_labeled"
"Lrrc8a","5v0",1.27386479600491,0.520524304563083,"NS","No","Not_labeled"
"Lrrc8b","5v0",-1.09010992359426,0.0336407328768709,"CLIP_Down","No","Not_labeled"
"Lrrc8c","5v0",-0.288510730630142,0.498366093149445,"NS","No","Not_labeled"
"Lrrc8d","5v0",0.117468885304563,0.70199481311234,"NS","No","Not_labeled"
"Lrrk2","5v0",-0.0770757131064035,0.831668965731759,"NS","No","Not_labeled"
"Lrrn1","5v0",-0.500835239611034,0.298472262505568,"NS","No","Not_labeled"
"Lrrn2","5v0",-0.632629304512458,0.0121534458256769,"CLIP_Down","No","Not_labeled"
"Lrrn3","5v0",-0.344038591151905,0.423554869948074,"NS","No","Not_labeled"
"Lrrtm1","5v0",0.19729907260514,0.623924288966607,"NS","No","Not_labeled"
"Lrrtm2","5v0",-0.268637229082515,0.480380812309035,"NS","No","Not_labeled"
"Lrrtm4","5v0",-0.248385307395646,0.649795722916893,"NS","No","Not_labeled"
"Lrtm2","5v0",-2.57395615061933,0.123202525566725,"NS","No","Not_labeled"
"Lsamp","5v0",-0.309598479945729,0.391627451074819,"NS","No","Not_labeled"
"Lsm12","5v0",0.97460131176197,0.287030545992861,"NS","No","Not_labeled"
"Lsm14a","5v0",0.811738183356063,0.0821072717060999,"NS","No","Not_labeled"
"Lsm14b","5v0",1.61803825263942,0.355735852548504,"NS","No","Not_labeled"
"Ltn1","5v0",0.411481514573371,0.255721383557656,"NS","No","Not_labeled"
"Luc7l2","5v0",0.288334996984846,0.517225623905091,"NS","No","Not_labeled"
"Luzp1","5v0",-0.108654717546139,0.682927424202246,"NS","No","Not_labeled"
"Lyst","5v0",-0.0416088250246567,0.769273366852226,"NS","No","Not_labeled"
"Lztfl1","5v0",3.52611230968029,0.0418598399544368,"CLIP_Up","No","Not_labeled"
"Lztr1","5v0",0.273847015603407,0.693201054781344,"NS","No","Not_labeled"
"Lzts3","5v0",-0.288563630433309,0.316764188456585,"NS","No","Not_labeled"
"M6pr","5v0",1.81266614447903,0.271639646054795,"NS","No","Not_labeled"
"Macf1","5v0",0.550043857642257,0.0521680630641405,"NS","No","Not_labeled"
"Macir","5v0",0.248246025968371,0.633826168193057,"NS","No","Not_labeled"
"Maco1","5v0",0.163104574555985,0.581525716075741,"NS","No","Not_labeled"
"Macrod2","5v0",-0.0927563312016493,0.774923228600146,"NS","No","Not_labeled"
"Macroh2a1","5v0",-1.07267887766784,0.356720804229041,"NS","No","Not_labeled"
"Mafg","5v0",-1.51140489058975,0.0959503661309894,"NS","No","Not_labeled"
"Mafk","5v0",1.93889965049146,0.177096645610686,"NS","No","Not_labeled"
"Maged1","5v0",-0.0541327184420295,0.774269058865033,"NS","No","Not_labeled"
"Magee1","5v0",-0.660335936823284,0.284236264295885,"NS","No","Not_labeled"
"Magi1","5v0",-0.62119958932244,0.0751509505065389,"NS","No","Not_labeled"
"Magi2","5v0",-0.388294627320636,0.0323730094658929,"CLIP_Down","Yes","Decreased"
"Magi3","5v0",-0.16279287348554,0.793764286545171,"NS","No","Not_labeled"
"Mal","5v0",0.486556935141311,0.192889171633202,"NS","No","Not_labeled"
"Mal2","5v0",-0.115312438323109,0.834092232553195,"NS","No","Not_labeled"
"Maml1","5v0",2.15636040270589,0.0823905051073578,"NS","No","Not_labeled"
"Maml2","5v0",0.00144526247813914,0.993588014798757,"NS","No","Not_labeled"
"Maml3","5v0",0.650857807158738,0.102137749242079,"NS","No","Not_labeled"
"Man1a","5v0",0.448244822214074,0.349413126454363,"NS","No","Not_labeled"
"Man1a2","5v0",-0.0617956861620395,0.898263384925236,"NS","No","Not_labeled"
"Man1c1","5v0",1.53444638716233,0.144602950137383,"NS","No","Not_labeled"
"Man2a2","5v0",0.130472376904621,0.312342196801432,"NS","No","Not_labeled"
"Manea","5v0",-0.507289856685769,0.325190898528064,"NS","No","Not_labeled"
"Maneal","5v0",-1.29633806355128,0.000228756818234885,"CLIP_Down","No","Not_labeled"
"Map1a","5v0",-0.272252911298466,0.259348245224487,"NS","No","Not_labeled"
"Map1b","5v0",-0.233683098696585,0.355648044309399,"NS","No","Not_labeled"
"Map1lc3b","5v0",0.587386027824133,0.145121568879255,"NS","No","Not_labeled"
"Map2","5v0",-0.183451411543667,0.540489510994873,"NS","No","Not_labeled"
"Map2k1","5v0",-0.996065944762691,0.189626985813978,"NS","No","Not_labeled"
"Map2k4","5v0",-0.437439806971715,0.0901974220541071,"NS","No","Not_labeled"
"Map2k7","5v0",1.82196637743457,0.258255434639999,"NS","No","Not_labeled"
"Map3k10","5v0",-0.173137157003374,0.604985038630499,"NS","No","Not_labeled"
"Map3k12","5v0",-0.354686529323698,0.378314581198987,"NS","No","Not_labeled"
"Map3k13","5v0",0.196143972144919,0.683981155957949,"NS","No","Not_labeled"
"Map3k2","5v0",0.194157269899903,0.489981037978167,"NS","No","Not_labeled"
"Map3k4","5v0",-0.0319591597500146,0.947469324405191,"NS","No","Not_labeled"
"Map3k5","5v0",-0.00784024795711069,0.987061512221184,"NS","No","Not_labeled"
"Map3k7","5v0",-0.334455613297382,0.222231265161129,"NS","No","Not_labeled"
"Map3k9","5v0",-0.918524048559898,0.0723070168709858,"NS","No","Not_labeled"
"Map4","5v0",0.0770873501815244,0.840271573237406,"NS","No","Not_labeled"
"Map4k3","5v0",-0.402929918776332,0.275817279735454,"NS","No","Not_labeled"
"Map4k4","5v0",0.751428703017054,0.584150569583424,"NS","No","Not_labeled"
"Map6","5v0",-0.513372479803449,0.409121103454387,"NS","No","Not_labeled"
"Map7","5v0",2.00801445799249,0.0317787941462722,"CLIP_Up","No","Not_labeled"
"Map7d1","5v0",-0.677810860449982,0.163780341074682,"NS","No","Not_labeled"
"Map7d2","5v0",0.3768344128608,0.480500660506902,"NS","No","Not_labeled"
"Map9","5v0",-0.397066317470883,0.405802489439508,"NS","No","Not_labeled"
"Mapk1","5v0",-0.291970024605631,0.420491415547669,"NS","No","Not_labeled"
"Mapk1ip1l","5v0",0.17941138580857,0.65279998352261,"NS","No","Not_labeled"
"Mapk3","5v0",-0.71612970353747,0.179890763648053,"NS","No","Not_labeled"
"Mapk4","5v0",-0.338813508349783,0.090676860910181,"NS","No","Not_labeled"
"Mapk6","5v0",1.92023883954235,0.286832949744848,"NS","No","Not_labeled"
"Mapk8","5v0",0.174749781940441,0.831699688928143,"NS","No","Not_labeled"
"Mapk8ip1","5v0",0.0600307426792686,0.797012115496641,"NS","No","Not_labeled"
"Mapk8ip2","5v0",-0.49567986126439,0.0410429253388321,"CLIP_Down","Yes","Decreased"
"Mapk8ip3","5v0",-0.43013637567899,0.380773410244389,"NS","No","Not_labeled"
"Mapkap1","5v0",-1.01337946993371,0.278456270557923,"NS","No","Not_labeled"
"Mapkapk2","5v0",0.849759973300009,0.384242515499155,"NS","No","Not_labeled"
"Mapkbp1","5v0",1.63635468025508,0.184456129646591,"NS","No","Not_labeled"
"Mapre2","5v0",-0.510006340919894,0.427290090464495,"NS","No","Not_labeled"
"Mapt","5v0",-0.386878618464267,0.281853795683026,"NS","No","Not_labeled"
"Marchf6","5v0",0.272523771535903,0.584251654574981,"NS","No","Not_labeled"
"Marchf7","5v0",-2.7940205550452,0.0909750396381049,"NS","No","Not_labeled"
"Marchf8","5v0",1.30426382764018,0.303627670275314,"NS","No","Not_labeled"
"Marcks","5v0",0.0163027207458786,0.972699581895805,"NS","No","Not_labeled"
"Marf1","5v0",-0.184514701713506,0.404715130491884,"NS","No","Not_labeled"
"Mark1","5v0",0.14098340120506,0.761476978944237,"NS","No","Not_labeled"
"Mark2","5v0",-1.36274762884268,0.208582680459377,"NS","No","Not_labeled"
"Mark3","5v0",1.56290556984976,0.253466248388374,"NS","No","Not_labeled"
"Mark4","5v0",-0.937545810508233,0.0676159092482416,"NS","No","Not_labeled"
"Mars1","5v0",-2.07441978162732,0.208420438525889,"NS","No","Not_labeled"
"Mast1","5v0",0.192956553215902,0.904089424623679,"NS","No","Not_labeled"
"Mast2","5v0",-0.355391604004047,0.219513291017223,"NS","No","Not_labeled"
"Mast3","5v0",-0.580433297141169,0.0252082446382934,"CLIP_Down","No","Not_labeled"
"Mast4","5v0",0.484447043455974,0.118599755958372,"NS","No","Not_labeled"
"Mat2a","5v0",-0.326364886429979,0.454547400050205,"NS","No","Not_labeled"
"Mat2b","5v0",-0.825085335562733,0.137193811112891,"NS","No","Not_labeled"
"Matn2","5v0",1.37246278418305,0.238188590794486,"NS","No","Not_labeled"
"Matr3","5v0",-0.162134752503119,0.718552445840986,"NS","No","Not_labeled"
"Mau2","5v0",-0.536582438675383,0.25341696291946,"NS","No","Not_labeled"
"Maz","5v0",-0.212776747733908,0.622871997993486,"NS","No","Not_labeled"
"Mbd5","5v0",0.257632305381891,0.565756015990348,"NS","No","Not_labeled"
"Mbnl2","5v0",-0.186031744137225,0.666589762265773,"NS","No","Not_labeled"
"Mboat2","5v0",-0.756105827721756,0.0373681260048326,"CLIP_Down","No","Not_labeled"
"Mbtps1","5v0",-0.882053850631752,0.149987611998701,"NS","No","Not_labeled"
"Mcc","5v0",0.636658087791512,0.407041633866843,"NS","No","Not_labeled"
"Mcl1","5v0",0.639319142769533,0.226916581967441,"NS","No","Not_labeled"
"Mcm3ap","5v0",0.844003989002258,0.487689764633952,"NS","No","Not_labeled"
"Mcmbp","5v0",-1.57433838374735,0.211629337228827,"NS","No","Not_labeled"
"Mcph1","5v0",0.47939655492882,0.322493144796156,"NS","No","Not_labeled"
"Mcrs1","5v0",-1.49806213022197,0.414629868650927,"NS","No","Not_labeled"
"Mctp1","5v0",-0.0040273504156596,0.992971583386374,"NS","No","Not_labeled"
"Mcu","5v0",1.64924889341997,0.0359348670207001,"CLIP_Up","No","Not_labeled"
"Mdga1","5v0",-0.0169763409177262,0.976602854279087,"NS","No","Not_labeled"
"Mdga2","5v0",0.171864890882857,0.812870061816415,"NS","No","Not_labeled"
"Mdh1","5v0",0.451334462868258,0.304770833410616,"NS","No","Not_labeled"
"Mdm2","5v0",-1.00164207739619,0.534384846268439,"NS","No","Not_labeled"
"Mdn1","5v0",-0.206247281959791,0.413968170827005,"NS","No","Not_labeled"
"Me1","5v0",1.94203111863048,0.0710427692487149,"NS","No","Not_labeled"
"Mecp2","5v0",-0.129154182976077,0.733177681012287,"NS","No","Not_labeled"
"Med1","5v0",0.650049940029272,0.12391480979502,"NS","No","Not_labeled"
"Med12","5v0",-4.89598264070845,0.0153662164983657,"CLIP_Down","No","Not_labeled"
"Med12l","5v0",-0.0846502347498608,0.810380163080658,"NS","No","Not_labeled"
"Med13","5v0",0.0982219990217557,0.597575779669685,"NS","No","Not_labeled"
"Med13l","5v0",-0.129890816480874,0.542740084590167,"NS","No","Not_labeled"
"Med14","5v0",-0.132781761589174,0.498992348398126,"NS","No","Not_labeled"
"Med15","5v0",-0.799125385834828,0.203033245921292,"NS","No","Not_labeled"
"Med16","5v0",-1.66951527551796,0.0313933640139137,"CLIP_Down","No","Not_labeled"
"Med23","5v0",-0.19776267459423,0.70695958337971,"NS","No","Not_labeled"
"Med28","5v0",1.45240092837229,0.467664797631836,"NS","No","Not_labeled"
"Mef2a","5v0",0.0437660242515876,0.881388534825714,"NS","No","Not_labeled"
"Mef2c","5v0",-0.15533964560385,0.538455482969657,"NS","No","Not_labeled"
"Mef2d","5v0",-0.376649613007381,0.189226385338867,"NS","No","Not_labeled"
"Megf8","5v0",-0.899054427546168,0.217289274805174,"NS","No","Not_labeled"
"Megf9","5v0",0.169745490221288,0.451705115534239,"NS","No","Not_labeled"
"Mettl9","5v0",-0.748517566718049,0.156977669093779,"NS","No","Not_labeled"
"Mex3b","5v0",0.17270064066552,0.759552032147262,"NS","No","Not_labeled"
"Mex3c","5v0",0.877167653037445,0.0137615580250372,"CLIP_Up","No","Not_labeled"
"Mex3d","5v0",2.16706276188487,0.210685894025647,"NS","No","Not_labeled"
"Mfap1a","5v0",1.46195764354134,0.292548790718355,"NS","No","Not_labeled"
"Mfap1b","5v0",1.49000809649383,0.295184077929623,"NS","No","Not_labeled"
"Mfap3","5v0",0.331780698386341,0.632864753791058,"NS","No","Not_labeled"
"Mfap3l","5v0",0.880315295534148,0.10020604417985,"NS","No","Not_labeled"
"Mfhas1","5v0",-0.114648725575908,0.742609709247355,"NS","No","Not_labeled"
"Mfn1","5v0",-1.11563384708236,0.440295907894746,"NS","No","Not_labeled"
"Mfn2","5v0",-0.065532213140544,0.804635909594085,"NS","No","Not_labeled"
"Mfsd14a","5v0",0.796601003794712,0.429793405826217,"NS","No","Not_labeled"
"Mfsd14b","5v0",2.17273403926973,0.137784880178502,"NS","No","Not_labeled"
"Mfsd4a","5v0",-0.995795782647675,0.0684796127450053,"NS","No","Not_labeled"
"Mfsd6","5v0",0.0845623606548829,0.824872051586499,"NS","No","Not_labeled"
"Mga","5v0",-1.02562230819435,0.0854782393242681,"NS","No","Not_labeled"
"Mgat2","5v0",-0.375499195026396,0.521222875894941,"NS","No","Not_labeled"
"Mgat3","5v0",-0.733630791550688,0.0622513572538477,"NS","No","Not_labeled"
"Mgat4b","5v0",-0.371508041212762,0.525433642413852,"NS","No","Not_labeled"
"Mgat5","5v0",-0.126960712884749,0.692178115433171,"NS","No","Not_labeled"
"Mgat5b","5v0",-0.662119909896298,0.315629680451204,"NS","No","Not_labeled"
"Mgll","5v0",-0.638658215611589,0.351020979567599,"NS","No","Not_labeled"
"Mgrn1","5v0",0.194576060983072,0.760352887737842,"NS","No","Not_labeled"
"Mia3","5v0",-0.799119692546225,0.282512315153303,"NS","No","Not_labeled"
"Mib1","5v0",0.405008905502278,0.127754001954033,"NS","No","Not_labeled"
"Mical2","5v0",-0.170369558403804,0.691746097502731,"NS","No","Not_labeled"
"Mical3","5v0",0.297511982072899,0.431506692885041,"NS","No","Not_labeled"
"Micall1","5v0",-0.231888836307983,0.466148484692446,"NS","No","Not_labeled"
"Micu3","5v0",1.18715252331734,0.3387087195985,"NS","No","Not_labeled"
"Mid1ip1","5v0",1.60997893805504,0.427929834445585,"NS","No","Not_labeled"
"Mid2","5v0",-0.881478505933221,0.0162038515905175,"CLIP_Down","No","Not_labeled"
"Mideas","5v0",-0.320763596590006,0.456796151892606,"NS","No","Not_labeled"
"Miga1","5v0",0.133971285820672,0.707029753863282,"NS","No","Not_labeled"
"Mindy2","5v0",0.73335778662849,0.168950443568397,"NS","No","Not_labeled"
"Mink1","5v0",-1.35368545731541,0.00878584351104122,"CLIP_Down","No","Not_labeled"
"Minpp1","5v0",-1.02404590657937,0.0393186671397146,"CLIP_Down","No","Not_labeled"
"Mkln1","5v0",0.873564242433854,0.00868570297375925,"CLIP_Up","No","Not_labeled"
"Mkrn2","5v0",1.9705437735122,0.14701649779667,"NS","No","Not_labeled"
"Mlec","5v0",2.24582731483921,0.158277918626125,"NS","No","Not_labeled"
"Mlf2","5v0",-0.394623987826577,0.331081633859262,"NS","No","Not_labeled"
"Mlh3","5v0",-0.0243585930779613,0.919147285039857,"NS","No","Not_labeled"
"Mlip","5v0",-0.642545865164148,0.0508950160876299,"NS","No","Not_labeled"
"Mllt1","5v0",-0.667101251176344,0.242054635573559,"NS","No","Not_labeled"
"Mllt11","5v0",1.3065663423177,0.390295114405835,"NS","No","Not_labeled"
"Mllt3","5v0",0.342412457052238,0.451955136091242,"NS","No","Not_labeled"
"Mllt6","5v0",-0.00406241784479811,0.993202418918521,"NS","No","Not_labeled"
"Mlxip","5v0",0.183786038152687,0.745400999157259,"NS","No","Not_labeled"
"Mmd","5v0",0.224150714771437,0.405246369112304,"NS","No","Not_labeled"
"Mmd2","5v0",1.07998883573675,0.331912240605063,"NS","No","Not_labeled"
"Mmp16","5v0",0.485614418148098,0.394103260175176,"NS","No","Not_labeled"
"Mmp17","5v0",-0.774634049133437,0.0539484070928413,"NS","No","Not_labeled"
"Mmp24","5v0",-1.29604204370957,0.054122729019962,"NS","No","Not_labeled"
"Mmut","5v0",2.01850982947225,0.0970721892941677,"NS","No","Not_labeled"
"Mn1","5v0",-0.168919534639064,0.292888541085473,"NS","No","Not_labeled"
"Mob1b","5v0",0.294725157012635,0.801873906804323,"NS","No","Not_labeled"
"Mob4","5v0",-0.944010947352723,0.500423518026983,"NS","No","Not_labeled"
"Mobp","5v0",0.47686019441301,0.286554270892718,"NS","No","Not_labeled"
"Mon1b","5v0",2.03431457407152,0.240217861886903,"NS","No","Not_labeled"
"Mon2","5v0",0.222991460737573,0.151923171151304,"NS","No","Not_labeled"
"Morc2a","5v0",0.532516903915374,0.167633746856932,"NS","No","Not_labeled"
"Morf4l1","5v0",-0.378213417391604,0.311497363554246,"NS","No","Not_labeled"
"Mosmo","5v0",1.62363463082809,0.13550005172318,"NS","No","Not_labeled"
"Mpdz","5v0",-0.224270596416246,0.536787704000541,"NS","No","Not_labeled"
"Mpp2","5v0",-0.0513921007736664,0.946932678237575,"NS","No","Not_labeled"
"Mpped1","5v0",-0.174669324597152,0.804887492063496,"NS","No","Not_labeled"
"Mpped2","5v0",0.298270185221871,0.463548230306997,"NS","No","Not_labeled"
"Mprip","5v0",-0.1254091825545,0.247385409450911,"NS","No","Not_labeled"
"Mpv17l","5v0",0.760509968433999,0.506267057359189,"NS","No","Not_labeled"
"Mras","5v0",-0.602357463277813,0.239236047287494,"NS","No","Not_labeled"
"Mrfap1","5v0",-0.585746459491683,0.380286433381428,"NS","No","Not_labeled"
"Mrpl45","5v0",2.16606135184418,0.0907498097028376,"NS","No","Not_labeled"
"Mrps25","5v0",-0.0194749628728461,0.953737680021145,"NS","No","Not_labeled"
"Mrps5","5v0",2.3782519196234,0.16730832144845,"NS","No","Not_labeled"
"Mrs2","5v0",0.508423806517106,0.528808166318667,"NS","No","Not_labeled"
"Mrtfa","5v0",-0.407294570073846,0.433205002708796,"NS","No","Not_labeled"
"Mrtfb","5v0",-0.298975612737957,0.465236002180049,"NS","No","Not_labeled"
"Msh6","5v0",1.67319978400591,0.178109130043375,"NS","No","Not_labeled"
"Msi2","5v0",1.18433358726151,0.0922583828080991,"NS","No","Not_labeled"
"Msl1","5v0",-0.441637468142927,0.296610925797259,"NS","No","Not_labeled"
"Msl2","5v0",-0.0824152995505667,0.840924300693972,"NS","No","Not_labeled"
"Msl3","5v0",3.77495294692456,0.00550004999949889,"CLIP_Up","Yes","Increased"
"Mt1","5v0",5.23125954645553,0.0325927841697906,"CLIP_Up","No","Not_labeled"
"Mta1","5v0",0.291134664417521,0.731143210615019,"NS","No","Not_labeled"
"Mta2","5v0",1.57092068216172,0.298536452665721,"NS","No","Not_labeled"
"Mtch1","5v0",1.09976310230621,0.48764281685923,"NS","No","Not_labeled"
"Mtcl1","5v0",0.379791889361752,0.497674031754745,"NS","No","Not_labeled"
"Mtdh","5v0",-1.52081143959745,0.13048779511374,"NS","No","Not_labeled"
"Mtf1","5v0",-0.63425481838538,0.640548756725087,"NS","No","Not_labeled"
"Mtg1","5v0",3.21065758822102,0.0836851164714072,"NS","No","Not_labeled"
"Mtmr1","5v0",-0.229599949266822,0.660169545708792,"NS","No","Not_labeled"
"Mtmr10","5v0",1.30235145448464,0.389841547926151,"NS","No","Not_labeled"
"Mtmr12","5v0",0.240854935528953,0.292791221905523,"NS","No","Not_labeled"
"Mtmr2","5v0",0.0520797271206401,0.929746912636078,"NS","No","Not_labeled"
"Mtmr3","5v0",1.04503797318547,0.40807383019286,"NS","No","Not_labeled"
"Mtmr4","5v0",0.101493878801679,0.729769826057335,"NS","No","Not_labeled"
"Mtmr6","5v0",0.00572478236224683,0.991972067941776,"NS","No","Not_labeled"
"Mtmr7","5v0",0.0303261465079556,0.955041263458413,"NS","No","Not_labeled"
"Mtmr9","5v0",1.49180546935172,0.338239248276712,"NS","No","Not_labeled"
"Mto1","5v0",2.78886375876641,0.0424440016446017,"CLIP_Up","No","Not_labeled"
"Mtor","5v0",-0.311073950406395,0.126154701444046,"NS","No","Not_labeled"
"Mtpn","5v0",0.335966851262797,0.535988225149015,"NS","No","Not_labeled"
"Mtrex","5v0",0.665041123655443,0.244367033006573,"NS","No","Not_labeled"
"Mtss2","5v0",0.462065823024775,0.442692695149632,"NS","No","Not_labeled"
"Mturn","5v0",1.38323132492513,0.40743054019279,"NS","No","Not_labeled"
"Mtus2","5v0",0.365356948451869,0.610007724625709,"NS","No","Not_labeled"
"Mtx3","5v0",1.74012572959983,0.247127184286893,"NS","No","Not_labeled"
"Mvb12b","5v0",0.159122667357309,0.542040181421962,"NS","No","Not_labeled"
"Mxi1","5v0",0.143614118567734,0.755908845237636,"NS","No","Not_labeled"
"Myadm","5v0",-3.6816478820085,0.0501877929547434,"NS","No","Not_labeled"
"Mybbp1a","5v0",-0.071746237804045,0.911516586027816,"NS","No","Not_labeled"
"Mycbp2","5v0",-0.443400684638076,0.141709178070035,"NS","No","Not_labeled"
"Myh10","5v0",0.211030880006167,0.433761674912768,"NS","No","Not_labeled"
"Myh9","5v0",0.271389363399886,0.416359624959275,"NS","No","Not_labeled"
"Myl12b","5v0",-1.92940168603068,0.17573365677939,"NS","No","Not_labeled"
"Mynn","5v0",-0.877575325234393,0.33407704228805,"NS","No","Not_labeled"
"Myo10","5v0",1.3084997954417,0.321743071900972,"NS","No","Not_labeled"
"Myo1d","5v0",0.439936851932626,0.572454458693519,"NS","No","Not_labeled"
"Myo5a","5v0",-0.176789696098601,0.459271108204036,"NS","No","Not_labeled"
"Myo5b","5v0",0.46403322336657,0.436257964264361,"NS","No","Not_labeled"
"Myo6","5v0",-0.158183301531722,0.65694505353352,"NS","No","Not_labeled"
"Myo7a","5v0",1.81324046560694,0.187818833025386,"NS","No","Not_labeled"
"Myo9a","5v0",0.0754888983464843,0.818803698832845,"NS","No","Not_labeled"
"Myo9b","5v0",-0.378286913343909,0.43146392148518,"NS","No","Not_labeled"
"Myrip","5v0",0.117720032559435,0.61135650501684,"NS","No","Not_labeled"
"Myt1l","5v0",-0.16093483711033,0.691260877185078,"NS","No","Not_labeled"
"N4bp1","5v0",0.300389885403639,0.311307314554445,"NS","No","Not_labeled"
"N4bp2","5v0",1.21054220348826,0.291467392978693,"NS","No","Not_labeled"
"N4bp2l2","5v0",0.180041243445957,0.181196372604915,"NS","No","Not_labeled"
"Naa15","5v0",-0.0460588473021817,0.862401765655144,"NS","No","Not_labeled"
"Naa25","5v0",0.610126275332718,0.662170794131745,"NS","No","Not_labeled"
"Naa30","5v0",0.061361362749115,0.870110752999696,"NS","No","Not_labeled"
"Naa50","5v0",-0.271383939628046,0.516939611813698,"NS","No","Not_labeled"
"Nab1","5v0",1.1844779855625,0.417498987367624,"NS","No","Not_labeled"
"Nacc1","5v0",-0.540234776330078,0.0570259437706106,"NS","No","Not_labeled"
"Nacc2","5v0",-0.784810833251076,0.366511143219656,"NS","No","Not_labeled"
"Nadk","5v0",-0.541783947633089,0.135155854788935,"NS","No","Not_labeled"
"Nae1","5v0",-2.52835396845356,0.154980093990225,"NS","No","Not_labeled"
"Naf1","5v0",1.10727326183423,0.394778023278124,"NS","No","Not_labeled"
"Nalcn","5v0",-0.062030479144212,0.836143649419283,"NS","No","Not_labeled"
"Nalf1","5v0",0.270386584759221,0.347510757141218,"NS","No","Not_labeled"
"Nampt","5v0",0.224004480542385,0.548093407460076,"NS","No","Not_labeled"
"Nap1l1","5v0",-0.578478720858881,0.204115460223476,"NS","No","Not_labeled"
"Nap1l5","5v0",0.512157956599201,0.251161675095856,"NS","No","Not_labeled"
"Napa","5v0",0.313123124998432,0.586692819232447,"NS","No","Not_labeled"
"Napb","5v0",0.0387545351043928,0.852311847963323,"NS","No","Not_labeled"
"Napg","5v0",1.21915928032399,0.379813178606755,"NS","No","Not_labeled"
"Nars1","5v0",0.117058033397349,0.691702223034491,"NS","No","Not_labeled"
"Nat8l","5v0",-0.251473662909236,0.491265757760946,"NS","No","Not_labeled"
"Nav1","5v0",-0.149581293054573,0.310561357887138,"NS","No","Not_labeled"
"Nav2","5v0",-0.15949620341957,0.593035227359041,"NS","No","Not_labeled"
"Nav3","5v0",-0.512594286280949,0.102474137103516,"NS","No","Not_labeled"
"Nbas","5v0",-0.135054630284347,0.700700912961405,"NS","No","Not_labeled"
"Nbea","5v0",-0.214659764626656,0.236291739738642,"NS","No","Not_labeled"
"Nbeal1","5v0",0.529111470229111,0.277051194625139,"NS","No","Not_labeled"
"Ncald","5v0",0.189114361051218,0.365981694767591,"NS","No","Not_labeled"
"Ncam1","5v0",0.245757266013261,0.562016943433306,"NS","No","Not_labeled"
"Ncam2","5v0",-0.068303621183285,0.91531888711431,"NS","No","Not_labeled"
"Ncan","5v0",-0.114031065126136,0.632254094880801,"NS","No","Not_labeled"
"Ncapd3","5v0",0.397476612569354,0.55933151123633,"NS","No","Not_labeled"
"Ncbp1","5v0",1.60135414312809,0.0944480037772503,"NS","No","Not_labeled"
"Ncdn","5v0",-0.270058432233057,0.328740364172839,"NS","No","Not_labeled"
"Nceh1","5v0",0.724639638609778,0.433893163531804,"NS","No","Not_labeled"
"Nckap1","5v0",-0.136203568669958,0.575122126261803,"NS","No","Not_labeled"
"Nckipsd","5v0",-0.0766491755095271,0.886741434110015,"NS","No","Not_labeled"
"Ncl","5v0",0.474909989555123,0.256929534342148,"NS","No","Not_labeled"
"Ncoa1","5v0",-0.0670995891773409,0.772682749040633,"NS","No","Not_labeled"
"Ncoa2","5v0",0.173618381743174,0.335652314444448,"NS","No","Not_labeled"
"Ncoa3","5v0",0.295019847231198,0.281019517749356,"NS","No","Not_labeled"
"Ncoa4","5v0",-1.14401187488249,0.0460028985375174,"CLIP_Down","No","Not_labeled"
"Ncoa5","5v0",-0.748094127751576,0.24767741274338,"NS","No","Not_labeled"
"Ncoa6","5v0",-0.383108291936571,0.16960798031466,"NS","No","Not_labeled"
"Ncoa7","5v0",0.0857479393068934,0.565103664391498,"NS","No","Not_labeled"
"Ncor1","5v0",-0.330772697745432,0.180243270650345,"NS","No","Not_labeled"
"Ncor2","5v0",-0.683321075523053,0.252063836019443,"NS","No","Not_labeled"
"Ncs1","5v0",-0.182704336219437,0.571815557274217,"NS","No","Not_labeled"
"Ncstn","5v0",1.23249451369606,0.460576851376557,"NS","No","Not_labeled"
"ND1","5v0",-0.0248678294475742,0.942545908425996,"NS","No","Not_labeled"
"ND2","5v0",0.258089736886111,0.412899270878001,"NS","No","Not_labeled"
"ND3","5v0",0.05372308878664,0.847404986682469,"NS","No","Not_labeled"
"ND4","5v0",0.363623834242517,0.264863273234452,"NS","No","Not_labeled"
"ND5","5v0",0.118441880340576,0.715676176894236,"NS","No","Not_labeled"
"ND6","5v0",-0.21606538484774,0.63034961952372,"NS","No","Not_labeled"
"Ndc1","5v0",0.352495344248419,0.76980084812419,"NS","No","Not_labeled"
"Ndfip2","5v0",1.35576470621581,0.248773917093468,"NS","No","Not_labeled"
"Ndrg1","5v0",1.38251742557505,0.252795087135192,"NS","No","Not_labeled"
"Ndrg2","5v0",2.55838928733198,0.331775901165345,"NS","No","Not_labeled"
"Ndrg3","5v0",-0.195323384851182,0.605919060791433,"NS","No","Not_labeled"
"Ndrg4","5v0",-0.152157606782284,0.54432082748606,"NS","No","Not_labeled"
"Ndst1","5v0",-0.542645612500285,0.214985121712322,"NS","No","Not_labeled"
"Ndst3","5v0",0.025394842962962,0.953057151137228,"NS","No","Not_labeled"
"Ndst4","5v0",0.265532423643877,0.604348253351049,"NS","No","Not_labeled"
"Ndufa12","5v0",1.67018935367145,0.237005208229778,"NS","No","Not_labeled"
"Ndufs1","5v0",0.148845404390713,0.576653313639256,"NS","No","Not_labeled"
"Ndufv2","5v0",1.14007518042259,0.478183421060657,"NS","No","Not_labeled"
"Nebl","5v0",-0.174138279842365,0.439381550150064,"NS","No","Not_labeled"
"Necab1","5v0",1.79668138644402,0.027651863221551,"CLIP_Up","No","Not_labeled"
"Necap1","5v0",0.14960191587524,0.802875672301493,"NS","No","Not_labeled"
"Nectin1","5v0",0.425295031238988,0.657223680460608,"NS","No","Not_labeled"
"Nectin3","5v0",0.491547889168552,0.533110642163647,"NS","No","Not_labeled"
"Nedd4","5v0",0.0145355151015023,0.947392247668469,"NS","No","Not_labeled"
"Nedd4l","5v0",-0.313023803327781,0.292058723576399,"NS","No","Not_labeled"
"Nedd8","5v0",-6.61334560881696,4.71378799744351e-06,"CLIP_Down","No","Not_labeled"
"Nedd9","5v0",1.74472667043509,0.0499643182574509,"CLIP_Up","No","Not_labeled"
"Nefl","5v0",-0.51636655085644,0.0883110557546789,"NS","No","Not_labeled"
"Nefm","5v0",-0.727576772173975,0.233034380239692,"NS","No","Not_labeled"
"Nek1","5v0",-0.801648533156365,0.380128680283273,"NS","No","Not_labeled"
"Nek6","5v0",-1.50943914841614,0.242567928942757,"NS","No","Not_labeled"
"Nek7","5v0",1.10336353711128,0.376430939010274,"NS","No","Not_labeled"
"Nek9","5v0",0.0649866767945504,0.704915351808169,"NS","No","Not_labeled"
"Nell2","5v0",-0.451091225391905,0.0994923890266528,"NS","No","Not_labeled"
"Nemf","5v0",0.83863183966662,0.0118913661279702,"CLIP_Up","Yes","Increased"
"Neo1","5v0",0.0212497048149143,0.946570465001282,"NS","No","Not_labeled"
"Net1","5v0",-0.341814298628939,0.522663396198782,"NS","No","Not_labeled"
"Neto2","5v0",1.12602330449709,0.274745715303396,"NS","No","Not_labeled"
"Neurl1a","5v0",-0.698943243434338,0.207320268340621,"NS","No","Not_labeled"
"Neurl1b","5v0",0.415174759074448,0.438661411231388,"NS","No","Not_labeled"
"Neurl4","5v0",-1.83113130970619,0.253599275267638,"NS","No","Not_labeled"
"Neurod2","5v0",-0.4993457063483,0.158062076408759,"NS","No","Not_labeled"
"Neurod6","5v0",-0.353942984761136,0.448139131176464,"NS","No","Not_labeled"
"Nexmif","5v0",0.001468748596408,0.993841174556123,"NS","No","Not_labeled"
"Nf1","5v0",-0.12438225214518,0.685462852598455,"NS","No","Not_labeled"
"Nf2","5v0",1.41732438922449,0.100497466100769,"NS","No","Not_labeled"
"Nfasc","5v0",-0.401207950427775,0.366994785647849,"NS","No","Not_labeled"
"Nfat5","5v0",0.291345880558452,0.421438132896979,"NS","No","Not_labeled"
"Nfatc2","5v0",1.43646888415532,0.0738061709653499,"NS","No","Not_labeled"
"Nfib","5v0",-0.36620608971827,0.144360803375794,"NS","No","Not_labeled"
"Nfic","5v0",-0.564584169349005,0.330265166965705,"NS","No","Not_labeled"
"Nfil3","5v0",1.09592561061466,0.453833198339774,"NS","No","Not_labeled"
"Nfix","5v0",-0.0204182760315006,0.950195643676463,"NS","No","Not_labeled"
"Nfkb1","5v0",1.80499986111873,0.0581860011617654,"NS","No","Not_labeled"
"Nfkbia","5v0",2.78230115906189,0.128710809059721,"NS","No","Not_labeled"
"Nfkbiz","5v0",0.32759227347971,0.286321326373835,"NS","No","Not_labeled"
"Nfrkb","5v0",-1.36078468340717,0.435561115086183,"NS","No","Not_labeled"
"Nfs1","5v0",-0.107462117083254,0.789022838301068,"NS","No","Not_labeled"
"Nfx1","5v0",1.39478203299192,0.270197906741907,"NS","No","Not_labeled"
"Ngef","5v0",0.302098244178464,0.613479270441626,"NS","No","Not_labeled"
"Nhsl1","5v0",0.373596751217941,0.404194987048599,"NS","No","Not_labeled"
"Nhsl2","5v0",-0.115075810428064,0.532534576835317,"NS","No","Not_labeled"
"Niban2","5v0",0.925689769505557,0.335027976472496,"NS","No","Not_labeled"
"Nin","5v0",-0.646524226875045,0.100264982454158,"NS","No","Not_labeled"
"Nipa1","5v0",1.50470766787195,0.155960049431328,"NS","No","Not_labeled"
"Nipa2","5v0",-3.88629579759502,0.0372782609925778,"CLIP_Down","No","Not_labeled"
"Nipal3","5v0",1.2603069616087,0.204566404441054,"NS","No","Not_labeled"
"Nipbl","5v0",0.463118175234336,0.171974286118296,"NS","No","Not_labeled"
"Nipsnap2","5v0",-0.525457156750246,0.246958404558453,"NS","No","Not_labeled"
"Nisch","5v0",-0.0623393857045498,0.646954180231679,"NS","No","Not_labeled"
"Nkain2","5v0",-0.29210605472948,0.107094028678348,"NS","No","Not_labeled"
"Nkiras1","5v0",-1.59985669474268,0.306439939089253,"NS","No","Not_labeled"
"Nktr","5v0",-0.371983430753117,0.451366379955295,"NS","No","Not_labeled"
"Nlgn1","5v0",0.0633119359904128,0.813699925095785,"NS","No","Not_labeled"
"Nlgn2","5v0",0.43369447923627,0.476206898858425,"NS","No","Not_labeled"
"Nlgn3","5v0",-0.467270696235128,0.236767267282049,"NS","No","Not_labeled"
"Nlk","5v0",-0.208659788214706,0.528058848902261,"NS","No","Not_labeled"
"Nlrp3","5v0",1.13898650481732,0.462026002859031,"NS","No","Not_labeled"
"Nme7","5v0",1.21580377084465,0.157465594830356,"NS","No","Not_labeled"
"Nmnat2","5v0",1.56304096123062,0.111951991315273,"NS","No","Not_labeled"
"Nmt1","5v0",-0.315152634049741,0.221968964736541,"NS","No","Not_labeled"
"Nmt2","5v0",0.335038620660976,0.451488600529326,"NS","No","Not_labeled"
"Nnt","5v0",1.80398088756912,0.119781081757407,"NS","No","Not_labeled"
"Noct","5v0",1.8564605754041,0.268751453742221,"NS","No","Not_labeled"
"Nol11","5v0",2.83055287535585,0.0384911652471532,"CLIP_Up","No","Not_labeled"
"Nol4","5v0",0.310389844773722,0.405814730652297,"NS","No","Not_labeled"
"Nol4l","5v0",-0.022863363977744,0.896314746590535,"NS","No","Not_labeled"
"Nol6","5v0",-1.57288413327435,0.000325860013937993,"CLIP_Down","No","Not_labeled"
"Nol8","5v0",-0.639516186289849,0.393592234065694,"NS","No","Not_labeled"
"Nomo1","5v0",-0.474339316573333,0.247700763619498,"NS","No","Not_labeled"
"Nono","5v0",0.160486190568838,0.864080974746221,"NS","No","Not_labeled"
"Nos1","5v0",0.299531927158447,0.33545849152015,"NS","No","Not_labeled"
"Notch1","5v0",0.282193964500122,0.59999178165282,"NS","No","Not_labeled"
"Nova1","5v0",1.28646934991464,0.0668120914966899,"NS","No","Not_labeled"
"Nova2","5v0",-0.466842773666054,0.0851694023185531,"NS","No","Not_labeled"
"Npas2","5v0",0.143328823251472,0.822312296599663,"NS","No","Not_labeled"
"Npas3","5v0",0.121973406004962,0.808018232956373,"NS","No","Not_labeled"
"Npas4","5v0",0.013393236667862,0.988952448432467,"NS","No","Not_labeled"
"Npat","5v0",1.24998317980213,0.36471355471033,"NS","No","Not_labeled"
"Npcd","5v0",1.13609731751181,0.379058950827158,"NS","No","Not_labeled"
"Npepps","5v0",0.295266223162153,0.550051134023877,"NS","No","Not_labeled"
"Npm1","5v0",3.25473177104938,0.113026188873807,"NS","No","Not_labeled"
"Npr3","5v0",1.64590272028503,0.0432456569790168,"CLIP_Up","No","Not_labeled"
"Nptn","5v0",-0.455577595084118,0.406996437783038,"NS","No","Not_labeled"
"Nptx1","5v0",-0.186508818516466,0.568784412148277,"NS","No","Not_labeled"
"Nptxr","5v0",0.213960597889389,0.695268489558335,"NS","No","Not_labeled"
"Npy2r","5v0",-2.74455078094817,0.144047348351974,"NS","No","Not_labeled"
"Nr1d1","5v0",0.0251276031689853,0.946568866231484,"NS","No","Not_labeled"
"Nr1d2","5v0",0.563178982609057,0.138507987772589,"NS","No","Not_labeled"
"Nr2c2","5v0",-0.0561558880671882,0.860849335536352,"NS","No","Not_labeled"
"Nr2f1","5v0",2.04211946823493,0.28652096303484,"NS","No","Not_labeled"
"Nr2f2","5v0",-2.41364212350891,0.125081372875213,"NS","No","Not_labeled"
"Nr3c1","5v0",-0.117856140069391,0.767495121144469,"NS","No","Not_labeled"
"Nr3c2","5v0",-0.457452028209232,0.136337249029875,"NS","No","Not_labeled"
"Nr4a1","5v0",0.107960174340671,0.736722120892222,"NS","No","Not_labeled"
"Nr4a2","5v0",0.507310169192004,0.220776739938213,"NS","No","Not_labeled"
"Nr4a3","5v0",-0.0209909611512575,0.939397657968455,"NS","No","Not_labeled"
"Nras","5v0",-1.31836694463319,0.00164225682294335,"CLIP_Down","No","Not_labeled"
"Nrcam","5v0",-0.319464208069255,0.111100116656336,"NS","No","Not_labeled"
"Nrdc","5v0",0.416383356262043,0.295451112284279,"NS","No","Not_labeled"
"Nrg3","5v0",-0.618326935607859,0.0658298045870255,"NS","No","Not_labeled"
"Nrgn","5v0",0.0914936137959184,0.874290601953647,"NS","No","Not_labeled"
"Nrip1","5v0",-0.380896484352032,0.406774735010452,"NS","No","Not_labeled"
"Nrip3","5v0",0.681642719049497,0.65364573118425,"NS","No","Not_labeled"
"Nrn1","5v0",-2.43105358122491,0.18457021324333,"NS","No","Not_labeled"
"Nrp1","5v0",-0.50087295749573,0.198244331172884,"NS","No","Not_labeled"
"Nrp2","5v0",0.12905582795787,0.801034745834513,"NS","No","Not_labeled"
"Nrsn1","5v0",0.0131186176975566,0.978105033783929,"NS","No","Not_labeled"
"Nrxn1","5v0",0.109186981073377,0.345604014768537,"NS","No","Not_labeled"
"Nrxn2","5v0",0.0350093219135754,0.894111945839125,"NS","No","Not_labeled"
"Nrxn3","5v0",-0.201359249909246,0.692983010201008,"NS","No","Not_labeled"
"Nsd1","5v0",-0.149522030364621,0.279147012380921,"NS","No","Not_labeled"
"Nsd2","5v0",1.40379713280188,0.303002164257613,"NS","No","Not_labeled"
"Nsd3","5v0",-0.282907986605974,0.619150790935022,"NS","No","Not_labeled"
"Nsf","5v0",-0.749910461047013,0.0330025938283152,"CLIP_Down","Yes","Decreased"
"Nsg1","5v0",-0.484580135834291,0.144240761763352,"NS","No","Not_labeled"
"Nsg2","5v0",0.058186670993057,0.886383099101668,"NS","No","Not_labeled"
"Nsmaf","5v0",-0.756450881618279,0.481050119019858,"NS","No","Not_labeled"
"Nt5c2","5v0",-0.115698119266527,0.846620152199141,"NS","No","Not_labeled"
"Nt5dc3","5v0",0.149586139731057,0.520383696988679,"NS","No","Not_labeled"
"Ntm","5v0",-0.152734726271126,0.646493732331794,"NS","No","Not_labeled"
"Ntng1","5v0",-0.758035703979657,0.386013388841184,"NS","No","Not_labeled"
"Ntrk2","5v0",-0.1775206574968,0.678164166748279,"NS","No","Not_labeled"
"Ntrk3","5v0",0.207576782190325,0.730286752304568,"NS","No","Not_labeled"
"Nuak1","5v0",-0.728682757136101,0.539553932495183,"NS","No","Not_labeled"
"Nucks1","5v0",-0.54034338859416,0.128794850822489,"NS","No","Not_labeled"
"Nudcd1","5v0",-0.156695184605086,0.802240897730637,"NS","No","Not_labeled"
"Nudt4","5v0",1.63644840135764,0.309269945012279,"NS","No","Not_labeled"
"Nufip2","5v0",-0.359496591063433,0.485188919308662,"NS","No","Not_labeled"
"Numa1","5v0",0.0685010643312554,0.806519659005929,"NS","No","Not_labeled"
"Numbl","5v0",0.235193566811979,0.517759685407497,"NS","No","Not_labeled"
"Nup153","5v0",-0.230868270800218,0.363890511004755,"NS","No","Not_labeled"
"Nup205","5v0",1.15036652389837,0.263871823448281,"NS","No","Not_labeled"
"Nup214","5v0",0.395562613413324,0.261152598488031,"NS","No","Not_labeled"
"Nup93","5v0",0.722237365903502,0.509164213048258,"NS","No","Not_labeled"
"Nup98","5v0",1.51558172961002,0.139378731839346,"NS","No","Not_labeled"
"Nus1","5v0",0.223320977707735,0.672958903515692,"NS","No","Not_labeled"
"Nwd1","5v0",0.43683768513956,0.522052479036162,"NS","No","Not_labeled"
"Nwd2","5v0",-0.302697315924591,0.196086246331293,"NS","No","Not_labeled"
"Nyap1","5v0",3.97427554717115,0.110209458728534,"NS","No","Not_labeled"
"Ociad1","5v0",-0.728942347094109,0.24718055410662,"NS","No","Not_labeled"
"Ociad2","5v0",-2.08182695185765,0.170360379006797,"NS","No","Not_labeled"
"Ocln","5v0",1.72469464707623,0.187976046232898,"NS","No","Not_labeled"
"Ocrl","5v0",0.169135912967658,0.165411923449129,"NS","No","Not_labeled"
"Odc1","5v0",0.563393227470803,0.366826508106487,"NS","No","Not_labeled"
"Odr4","5v0",1.5264638400001,0.255143347162664,"NS","No","Not_labeled"
"Oga","5v0",-0.251392009645707,0.526365451636033,"NS","No","Not_labeled"
"Ogdh","5v0",-0.203632687670035,0.162646656737953,"NS","No","Not_labeled"
"Ogdhl","5v0",-1.92654266774148,0.172298222850919,"NS","No","Not_labeled"
"Ogfod1","5v0",-0.507104942646895,0.343230538625707,"NS","No","Not_labeled"
"Ogfrl1","5v0",-0.00239268855470343,0.992500838361032,"NS","No","Not_labeled"
"Ogt","5v0",-0.178136814642027,0.478101672130213,"NS","No","Not_labeled"
"Ola1","5v0",0.0632695802603643,0.924674566572709,"NS","No","Not_labeled"
"Olfm1","5v0",-0.391370597884109,0.084782405966215,"NS","No","Not_labeled"
"Omg","5v0",2.16516483750362,0.312958505885592,"NS","No","Not_labeled"
"Onecut2","5v0",-0.990638459649236,0.0228181867243228,"CLIP_Down","No","Not_labeled"
"Opa1","5v0",-0.632903015316281,0.125097772629177,"NS","No","Not_labeled"
"Opcml","5v0",-0.397211832609506,0.0424209961425983,"CLIP_Down","No","Not_labeled"
"Oplah","5v0",3.54621077467311,0.0436383953269397,"CLIP_Up","No","Not_labeled"
"Orai2","5v0",0.0693874964444712,0.675707736554041,"NS","No","Not_labeled"
"Orc3","5v0",1.31051464869215,0.303197591829987,"NS","No","Not_labeled"
"Osbp","5v0",1.20398016297523,0.399034621226294,"NS","No","Not_labeled"
"Osbp2","5v0",-0.111024766926373,0.817808744813481,"NS","No","Not_labeled"
"Osbpl11","5v0",0.514612894109295,0.581015496928111,"NS","No","Not_labeled"
"Osbpl6","5v0",0.291576394883616,0.397356117658268,"NS","No","Not_labeled"
"Osbpl8","5v0",-0.0223485290532137,0.901735322839,"NS","No","Not_labeled"
"Osgin2","5v0",1.41619505181918,0.347716151654509,"NS","No","Not_labeled"
"Ostm1","5v0",-0.318638515320703,0.705601834532209,"NS","No","Not_labeled"
"Otub2","5v0",1.84739221697437,0.245270922461635,"NS","No","Not_labeled"
"Otud1","5v0",2.52147345771544,0.199818155780541,"NS","No","Not_labeled"
"Otud4","5v0",1.93267967860555,0.243726496552237,"NS","No","Not_labeled"
"Otud6b","5v0",-0.122015036913282,0.809618353268037,"NS","No","Not_labeled"
"Otud7a","5v0",-0.0738073975464188,0.901583121417117,"NS","No","Not_labeled"
"Otud7b","5v0",1.21903048062049,0.356937143744845,"NS","No","Not_labeled"
"Oxct1","5v0",0.267791860637025,0.434830554160722,"NS","No","Not_labeled"
"Oxnad1","5v0",3.0359930088668,0.0556472602143778,"NS","No","Not_labeled"
"Oxr1","5v0",0.208444739885338,0.571682666631679,"NS","No","Not_labeled"
"Oxsr1","5v0",1.20500558836288,0.370531654792275,"NS","No","Not_labeled"
"Pabpc1","5v0",0.187321715186441,0.545247933413982,"NS","No","Not_labeled"
"Pacs1","5v0",0.131579579949874,0.835473999984637,"NS","No","Not_labeled"
"Pacs2","5v0",0.0363447328910151,0.875459051826612,"NS","No","Not_labeled"
"Pacsin1","5v0",-1.64874676094339,0.0335089424747218,"CLIP_Down","Yes","Decreased"
"Pacsin2","5v0",-2.1910820194573,0.14893646856605,"NS","No","Not_labeled"
"Pafah1b1","5v0",0.216228826811,0.30424936039866,"NS","No","Not_labeled"
"Pafah1b2","5v0",0.393660057706118,0.354280490333484,"NS","No","Not_labeled"
"Pag1","5v0",-1.41720825033253,0.0989147677017031,"NS","No","Not_labeled"
"Paics","5v0",2.01596488539485,0.196757936648529,"NS","No","Not_labeled"
"Paip1","5v0",1.23210460462964,0.396066671940511,"NS","No","Not_labeled"
"Paip2","5v0",1.69731964561596,0.169942489217942,"NS","No","Not_labeled"
"Pak1","5v0",0.67584700675145,0.0744353792049981,"NS","No","Not_labeled"
"Pak2","5v0",-1.30084734126387,0.325905499857696,"NS","No","Not_labeled"
"Pak4","5v0",-0.636372420978497,0.202251817978687,"NS","No","Not_labeled"
"Pak5","5v0",0.62887725360844,0.0908613868912762,"NS","No","Not_labeled"
"Pak6","5v0",-0.559535964870454,0.410344027555596,"NS","No","Not_labeled"
"Pakap","5v0",1.20977515505017,0.0312032807620886,"CLIP_Up","No","Not_labeled"
"Palm","5v0",-0.896263769681753,0.12495764969631,"NS","No","Not_labeled"
"Pals1","5v0",-0.37297798303046,0.248651085559307,"NS","No","Not_labeled"
"Pam","5v0",-0.450147405556951,0.162040242878924,"NS","No","Not_labeled"
"Pank2","5v0",1.27371108863209,0.375510066076106,"NS","No","Not_labeled"
"Pank3","5v0",0.545670808045455,0.157309256919618,"NS","No","Not_labeled"
"Panx2","5v0",-0.707960967779843,0.0767899837232867,"NS","No","Not_labeled"
"Papola","5v0",-0.498450423100244,0.602097642622434,"NS","No","Not_labeled"
"Papss2","5v0",1.17720319525402,0.250410718902943,"NS","No","Not_labeled"
"Paqr4","5v0",3.32920029671813,0.108353645887406,"NS","No","Not_labeled"
"Paqr8","5v0",1.317362607574,0.444632060115447,"NS","No","Not_labeled"
"Paqr9","5v0",0.0744395486670815,0.75007044681034,"NS","No","Not_labeled"
"Pard3","5v0",-0.802801664810039,0.434913144545667,"NS","No","Not_labeled"
"Parg","5v0",-0.20623372390938,0.693247631429145,"NS","No","Not_labeled"
"Parp1","5v0",1.47659249514989,0.269185148025805,"NS","No","Not_labeled"
"Parp6","5v0",-0.142848395969854,0.863221099969193,"NS","No","Not_labeled"
"Parp8","5v0",-1.08846840507164,0.053322913630284,"NS","No","Not_labeled"
"Patz1","5v0",-2.03693060447019,0.220718266643845,"NS","No","Not_labeled"
"Paxip1","5v0",-0.593335982030588,0.169930394451344,"NS","No","Not_labeled"
"Pbrm1","5v0",1.32592653429209,0.301347396308689,"NS","No","Not_labeled"
"Pbx1","5v0",0.707866878367724,0.0614553262540461,"NS","No","Not_labeled"
"Pcbp1","5v0",-0.3870324806832,0.462989228848002,"NS","No","Not_labeled"
"Pcbp2","5v0",-1.6994127007232,0.312291150214229,"NS","No","Not_labeled"
"Pcdh1","5v0",-0.392799870445698,0.0419757460794135,"CLIP_Down","No","Not_labeled"
"Pcdh10","5v0",0.754422938929354,0.118416893996388,"NS","No","Not_labeled"
"Pcdh17","5v0",-0.300225955756537,0.309177514809706,"NS","No","Not_labeled"
"Pcdh19","5v0",-0.0511589612500911,0.851836377244072,"NS","No","Not_labeled"
"Pcdh20","5v0",-0.594075766205764,0.281038838988086,"NS","No","Not_labeled"
"Pcdh7","5v0",-0.84932932451407,0.1426982612634,"NS","No","Not_labeled"
"Pcdh8","5v0",-0.482826696078602,0.304533809974045,"NS","No","Not_labeled"
"Pcdh9","5v0",0.133056562287752,0.760041519620237,"NS","No","Not_labeled"
"Pcdhac2","5v0",-1.1449886345719,0.157749254074143,"NS","No","Not_labeled"
"Pcdhb16","5v0",0.373833477192859,0.524387084024425,"NS","No","Not_labeled"
"Pcf11","5v0",0.367305193021645,0.27725518939643,"NS","No","Not_labeled"
"Pcgf3","5v0",0.0581251376539331,0.909208897773186,"NS","No","Not_labeled"
"Pcif1","5v0",0.269773933340062,0.44674357425516,"NS","No","Not_labeled"
"Pclo","5v0",-0.254798778081038,0.353503780700193,"NS","No","Not_labeled"
"Pcm1","5v0",-0.0505545182376688,0.833285409804929,"NS","No","Not_labeled"
"Pcmt1","5v0",-1.21347390082286,0.123925452672062,"NS","No","Not_labeled"
"Pcmtd1","5v0",-0.437036017678473,0.0855489729347483,"NS","No","Not_labeled"
"Pcmtd2","5v0",1.93053082702521,0.205641390397519,"NS","No","Not_labeled"
"Pcnp","5v0",0.253049615484187,0.727177334700974,"NS","No","Not_labeled"
"Pcnt","5v0",0.0420026640451194,0.874168282246971,"NS","No","Not_labeled"
"Pcnx","5v0",-0.234595244494359,0.149111398846568,"NS","No","Not_labeled"
"Pcnx2","5v0",-0.140713333836637,0.592100223424623,"NS","No","Not_labeled"
"Pcnx3","5v0",-0.813363660482812,0.066880067138061,"NS","No","Not_labeled"
"Pcsk2","5v0",-0.744896561071403,0.337969651680679,"NS","No","Not_labeled"
"Pcx","5v0",0.570361009417971,0.360150670438917,"NS","No","Not_labeled"
"Pcyt1a","5v0",-0.345112335646455,0.6267833913955,"NS","No","Not_labeled"
"Pcyt1b","5v0",2.16674665388857,0.0531742958710439,"NS","No","Not_labeled"
"Pdcd4","5v0",1.51025585927955,0.400603757805064,"NS","No","Not_labeled"
"Pdcd6ip","5v0",-0.00427993490467404,0.97815804145755,"NS","No","Not_labeled"
"Pde10a","5v0",-0.492968364059557,0.0744056340228959,"NS","No","Not_labeled"
"Pde12","5v0",0.691273404751934,0.211856629176573,"NS","No","Not_labeled"
"Pde1a","5v0",0.231776799490919,0.584117351751616,"NS","No","Not_labeled"
"Pde1b","5v0",-0.0479128212542523,0.872669375313809,"NS","No","Not_labeled"
"Pde2a","5v0",-0.169885254421335,0.597388091424755,"NS","No","Not_labeled"
"Pde3b","5v0",1.51585708434836,0.0928892062482372,"NS","No","Not_labeled"
"Pde4a","5v0",0.44189464735417,0.0729937058846061,"NS","No","Not_labeled"
"Pde4b","5v0",0.766511838376893,0.0338183934695636,"CLIP_Up","No","Not_labeled"
"Pde4d","5v0",0.0340396121480058,0.959295926004596,"NS","No","Not_labeled"
"Pde4dip","5v0",-0.20386116334316,0.366436800190856,"NS","No","Not_labeled"
"Pde7b","5v0",-0.138697007919485,0.811361168622891,"NS","No","Not_labeled"
"Pde8a","5v0",0.473779587949487,0.712462706947774,"NS","No","Not_labeled"
"Pde8b","5v0",-0.435602263685167,0.137704917980421,"NS","No","Not_labeled"
"Pdgfra","5v0",0.966300263701179,0.494554986990348,"NS","No","Not_labeled"
"Pdha1","5v0",0.343448462205106,0.266663492154005,"NS","No","Not_labeled"
"Pdia3","5v0",1.71041649422738,0.189127688721999,"NS","No","Not_labeled"
"Pdk1","5v0",1.43845814734624,0.228048114756398,"NS","No","Not_labeled"
"Pdlim5","5v0",1.63084961831579,0.04098536126241,"CLIP_Up","No","Not_labeled"
"Pdpk1","5v0",0.502328995511449,0.158892405192925,"NS","No","Not_labeled"
"Pds5a","5v0",0.585103968682812,0.273943921964374,"NS","No","Not_labeled"
"Pds5b","5v0",0.0159487320307568,0.952810936010619,"NS","No","Not_labeled"
"Pdxdc1","5v0",-0.763737373112014,0.179040528758511,"NS","No","Not_labeled"
"Pdxk","5v0",0.179611266055109,0.903063781389571,"NS","No","Not_labeled"
"Pdzd2","5v0",-0.554317015677932,0.100428070215961,"NS","No","Not_labeled"
"Pdzd4","5v0",-0.228020963594051,0.523180440674508,"NS","No","Not_labeled"
"Pdzd8","5v0",0.630218157471317,0.0672191946263924,"NS","No","Not_labeled"
"Pdzrn3","5v0",1.45549253444049,0.0226634116849613,"CLIP_Up","No","Not_labeled"
"Pea15a","5v0",-0.309444961368172,0.445611596338973,"NS","No","Not_labeled"
"Peak1","5v0",-0.209204898700383,0.423733019243705,"NS","No","Not_labeled"
"Pef1","5v0",-4.21938615485974,0.0066166171840115,"CLIP_Down","No","Not_labeled"
"Peg10","5v0",-0.486669048507846,0.266617032983703,"NS","No","Not_labeled"
"Peg3","5v0",0.053795331544416,0.737510397313543,"NS","No","Not_labeled"
"Peli1","5v0",1.69689130062312,0.169090899944598,"NS","No","Not_labeled"
"Peli2","5v0",1.52164536923026,0.0341439272432659,"CLIP_Up","No","Not_labeled"
"Per1","5v0",-0.300880623718353,0.35389543328385,"NS","No","Not_labeled"
"Per2","5v0",1.33903704090078,0.271647571564609,"NS","No","Not_labeled"
"Per3","5v0",1.09407317554405,0.410638797412004,"NS","No","Not_labeled"
"Pex6","5v0",0.0313300132815977,0.947901205136069,"NS","No","Not_labeled"
"Pfas","5v0",2.75487475701384,0.0785875791601455,"NS","No","Not_labeled"
"Pfdn2","5v0",3.56258510564857,0.0666559291918661,"NS","No","Not_labeled"
"Pfkl","5v0",-0.369535641222405,0.5152587241208,"NS","No","Not_labeled"
"Pfkm","5v0",-1.03282287364366,0.0261003604049439,"CLIP_Down","No","Not_labeled"
"Pfkp","5v0",-0.274173930072019,0.59848315388802,"NS","No","Not_labeled"
"Pfn2","5v0",-0.166599746025699,0.757444935682374,"NS","No","Not_labeled"
"Pgam1","5v0",0.27816547360071,0.297335575081039,"NS","No","Not_labeled"
"Pgam5","5v0",1.83769776441829,0.26513243434961,"NS","No","Not_labeled"
"Pgap4","5v0",0.953245995427878,0.557253931522268,"NS","No","Not_labeled"
"Pgbd5","5v0",0.143553553718088,0.616439626687847,"NS","No","Not_labeled"
"Pgk1","5v0",-1.49471483035255,0.425871961848002,"NS","No","Not_labeled"
"Pgm2l1","5v0",-0.0914444726582699,0.713501592768149,"NS","No","Not_labeled"
"Pgs1","5v0",-3.35769948603733,0.0665249976902264,"NS","No","Not_labeled"
"Phactr1","5v0",-0.453513260979378,0.393033970271206,"NS","No","Not_labeled"
"Phactr3","5v0",1.17308069705776,0.164268846030181,"NS","No","Not_labeled"
"Phax","5v0",-1.82533036789375,0.225255833632243,"NS","No","Not_labeled"
"Phc2","5v0",0.200670267327285,0.857781351950595,"NS","No","Not_labeled"
"Phc3","5v0",0.621225908796879,0.258661413497625,"NS","No","Not_labeled"
"Phf10","5v0",0.848013427752522,0.593204291685982,"NS","No","Not_labeled"
"Phf14","5v0",-1.22784419219384,0.0730946398999278,"NS","No","Not_labeled"
"Phf2","5v0",-0.484119248287757,0.0808582218146927,"NS","No","Not_labeled"
"Phf20","5v0",0.191386094986122,0.645759725862001,"NS","No","Not_labeled"
"Phf20l1","5v0",0.745904570610568,0.048204697026529,"CLIP_Up","Yes","Increased"
"Phf24","5v0",-0.580106561113099,0.328193956609205,"NS","No","Not_labeled"
"Phf3","5v0",0.80459848011892,0.0543570677884127,"NS","No","Not_labeled"
"Phf6","5v0",-0.144817875585061,0.865280854370108,"NS","No","Not_labeled"
"Phip","5v0",0.140210603308,0.564333470417162,"NS","No","Not_labeled"
"Phkb","5v0",0.561002007476335,0.0818130816913655,"NS","No","Not_labeled"
"Phlpp1","5v0",0.395128436094676,0.128192269664991,"NS","No","Not_labeled"
"Phlpp2","5v0",0.131208137839322,0.479527080947714,"NS","No","Not_labeled"
"Phrf1","5v0",1.54619315363095,0.338347222249241,"NS","No","Not_labeled"
"Phyhip","5v0",-0.490704706034927,0.200686729651929,"NS","No","Not_labeled"
"Phyhipl","5v0",-0.0501802253238548,0.906930980027659,"NS","No","Not_labeled"
"Pi4k2a","5v0",0.563764300657819,0.624450545199537,"NS","No","Not_labeled"
"Pi4ka","5v0",0.0163660311906613,0.931540783252739,"NS","No","Not_labeled"
"Pi4kb","5v0",-0.90175333387043,0.134641274609919,"NS","No","Not_labeled"
"Pias1","5v0",-0.507174737982293,0.266733923942185,"NS","No","Not_labeled"
"Pias2","5v0",-0.34882558705934,0.437991648119946,"NS","No","Not_labeled"
"Picalm","5v0",-0.11034267992018,0.727627741720437,"NS","No","Not_labeled"
"Pigb","5v0",-1.1072389744526,0.454500347060589,"NS","No","Not_labeled"
"Pigq","5v0",-1.23028253650792,0.0747946993114725,"NS","No","Not_labeled"
"Pigt","5v0",-1.89782969793503,0.287076470574787,"NS","No","Not_labeled"
"Pik3c2a","5v0",1.24404285177689,0.33921042824639,"NS","No","Not_labeled"
"Pik3ca","5v0",-0.205092851427914,0.463100920245614,"NS","No","Not_labeled"
"Pik3cb","5v0",-0.132190254183161,0.766331137178282,"NS","No","Not_labeled"
"Pik3r1","5v0",-0.0426677731550078,0.91636663333386,"NS","No","Not_labeled"
"Pik3r2","5v0",-0.79585491153425,0.149765065744951,"NS","No","Not_labeled"
"Pik3r3","5v0",1.85866407587555,0.0450283458932572,"CLIP_Up","No","Not_labeled"
"Pik3r4","5v0",-1.57538746776151,0.151628288815001,"NS","No","Not_labeled"
"Pikfyve","5v0",0.269661853013069,0.366193220659184,"NS","No","Not_labeled"
"Pink1","5v0",-0.230007229186056,0.545683367245179,"NS","No","Not_labeled"
"Pip4k2a","5v0",-0.402656068745191,0.264017086475026,"NS","No","Not_labeled"
"Pip4k2b","5v0",-0.260340879105389,0.616161292144444,"NS","No","Not_labeled"
"Pip4k2c","5v0",0.67446592726038,0.203387176949695,"NS","No","Not_labeled"
"Pip5k1a","5v0",-0.296890705976523,0.342646285348585,"NS","No","Not_labeled"
"Pip5k1b","5v0",-0.182367732223781,0.724859651363459,"NS","No","Not_labeled"
"Pip5k1c","5v0",-0.315758964149795,0.391330761087837,"NS","No","Not_labeled"
"Pitpna","5v0",0.376232823845468,0.457860385289339,"NS","No","Not_labeled"
"Pitpnc1","5v0",0.934634772953644,0.269966293876538,"NS","No","Not_labeled"
"Pitpnm1","5v0",0.0070502935437311,0.986996788516247,"NS","No","Not_labeled"
"Pitpnm2","5v0",-0.590770356536252,0.143068236060562,"NS","No","Not_labeled"
"Pitpnm3","5v0",1.03838172487512,0.285577081354537,"NS","No","Not_labeled"
"Pja1","5v0",-0.599141785990823,0.542528950587315,"NS","No","Not_labeled"
"Pja2","5v0",-0.429859986650415,0.140004695126991,"NS","No","Not_labeled"
"Pkd1","5v0",1.21038262729045,0.392947875402698,"NS","No","Not_labeled"
"Pkia","5v0",0.807483352005904,0.391940524949097,"NS","No","Not_labeled"
"Pkm","5v0",0.0458093430448399,0.76576971605367,"NS","No","Not_labeled"
"Pkn1","5v0",-2.34478370778222,0.123592690745927,"NS","No","Not_labeled"
"Pkp4","5v0",-0.669126248899937,0.173457356961124,"NS","No","Not_labeled"
"Pla2g7","5v0",0.0413059464346208,0.892371902865602,"NS","No","Not_labeled"
"Plaa","5v0",1.10766663649678,0.22935765197304,"NS","No","Not_labeled"
"Plagl2","5v0",5.1406892540546,9.62525564057905e-07,"CLIP_Up","No","Not_labeled"
"Plcb1","5v0",-0.0954951391054077,0.774573454913888,"NS","No","Not_labeled"
"Plcb4","5v0",0.282478129455406,0.737994127981273,"NS","No","Not_labeled"
"Plce1","5v0",0.31562738427682,0.705929485935192,"NS","No","Not_labeled"
"Plcg1","5v0",-2.31951917792871,0.0709838159495596,"NS","No","Not_labeled"
"Plcl1","5v0",0.227542286741378,0.436562469635667,"NS","No","Not_labeled"
"Plcl2","5v0",0.311778742810291,0.0793337825117102,"NS","No","Not_labeled"
"Plcxd2","5v0",-0.556976737877163,0.183541594285428,"NS","No","Not_labeled"
"Pld3","5v0",-0.721904372450964,0.0433514641473288,"CLIP_Down","No","Not_labeled"
"Plek","5v0",0.225617039712591,0.814378013825997,"NS","No","Not_labeled"
"Plekha1","5v0",1.67979500460348,0.158182417581132,"NS","No","Not_labeled"
"Plekha2","5v0",0.934583968710906,0.0300089858962935,"CLIP_Up","No","Not_labeled"
"Plekha3","5v0",-0.426720025541516,0.310092106672477,"NS","No","Not_labeled"
"Plekha5","5v0",0.302936736400827,0.745444991071906,"NS","No","Not_labeled"
"Plekha6","5v0",0.678832012490773,0.52389497143218,"NS","No","Not_labeled"
"Plekhb2","5v0",-0.466900390380319,0.344934146692414,"NS","No","Not_labeled"
"Plekhg1","5v0",0.84685283937815,0.166030984735165,"NS","No","Not_labeled"
"Plekhg5","5v0",-1.06104662097217,0.30061730125625,"NS","No","Not_labeled"
"Plekhh1","5v0",-0.482426626444303,0.431555480810539,"NS","No","Not_labeled"
"Plekhm1","5v0",-0.389536555972592,0.535409485831869,"NS","No","Not_labeled"
"Plekhm2","5v0",-0.0445296495490766,0.763330894067074,"NS","No","Not_labeled"
"Plekhm3","5v0",0.367428210317176,0.411736698586802,"NS","No","Not_labeled"
"Plk2","5v0",-0.210902858565416,0.509532096945171,"NS","No","Not_labeled"
"Plp1","5v0",0.193663509725383,0.402196819474453,"NS","No","Not_labeled"
"Plpp3","5v0",0.440210826163351,0.371146548618731,"NS","No","Not_labeled"
"Plpp7","5v0",2.8697413784585,0.0388221099231291,"CLIP_Up","No","Not_labeled"
"Plppr2","5v0",-0.163337040798768,0.704088104725065,"NS","No","Not_labeled"
"Plppr4","5v0",-0.0588750716725146,0.873703570447465,"NS","No","Not_labeled"
"Pls3","5v0",-0.758713073979528,0.140522721506529,"NS","No","Not_labeled"
"Plxdc2","5v0",-1.29921583941119,0.0403109411073738,"CLIP_Down","No","Not_labeled"
"Plxna1","5v0",-0.291909852177893,0.194409870195829,"NS","No","Not_labeled"
"Plxna2","5v0",-0.220112368942211,0.314621737093904,"NS","No","Not_labeled"
"Plxna4","5v0",-0.196957994019188,0.479938759400829,"NS","No","Not_labeled"
"Plxnb1","5v0",2.12062328076167,0.220927411749629,"NS","No","Not_labeled"
"Plxnb2","5v0",-0.0381351901743328,0.925680911357067,"NS","No","Not_labeled"
"Plxnc1","5v0",0.0254880404248472,0.955632909997556,"NS","No","Not_labeled"
"Plxnd1","5v0",1.19585721792324,0.373119331018037,"NS","No","Not_labeled"
"Pmepa1","5v0",1.49756307786887,0.0863917553808293,"NS","No","Not_labeled"
"Pnisr","5v0",0.334345635598201,0.5948795200994,"NS","No","Not_labeled"
"Pnkd","5v0",0.628270204015552,0.341826641619748,"NS","No","Not_labeled"
"Pnma2","5v0",1.24678328829921,0.451011523993369,"NS","No","Not_labeled"
"Pnma8b","5v0",-0.441497644589194,0.535835030386207,"NS","No","Not_labeled"
"Pnn","5v0",-2.1842040992016,0.192909492662848,"NS","No","Not_labeled"
"Pnpla6","5v0",1.79895077469723,0.15253352327231,"NS","No","Not_labeled"
"Pnpla8","5v0",0.557896941287643,0.2913886573153,"NS","No","Not_labeled"
"Pnrc1","5v0",-0.148846091152917,0.647668817156314,"NS","No","Not_labeled"
"Pogk","5v0",1.70119662109649,0.388065434103528,"NS","No","Not_labeled"
"Pogz","5v0",1.35691915377523,0.400942810903957,"NS","No","Not_labeled"
"Poldip2","5v0",-1.50490255369597,0.0332563772995076,"CLIP_Down","No","Not_labeled"
"Poldip3","5v0",-1.6416031364307,0.234794467370505,"NS","No","Not_labeled"
"Polg","5v0",0.416200326279205,0.519319323041817,"NS","No","Not_labeled"
"Polr1a","5v0",0.302920498821869,0.781236595470603,"NS","No","Not_labeled"
"Polr2a","5v0",-0.0407560198756602,0.916060753180681,"NS","No","Not_labeled"
"Polr2b","5v0",0.160292037420676,0.757642909963486,"NS","No","Not_labeled"
"Polr2m","5v0",0.228588560988229,0.579128468583336,"NS","No","Not_labeled"
"Polr3e","5v0",-0.824444888341508,0.536152910519865,"NS","No","Not_labeled"
"Polr3h","5v0",-0.0634610471876558,0.873593482788799,"NS","No","Not_labeled"
"Pom121","5v0",-0.811973774080553,0.0377680032474955,"CLIP_Down","No","Not_labeled"
"Pou2f1","5v0",0.0907320708185688,0.859569443436342,"NS","No","Not_labeled"
"Pou3f1","5v0",1.06705525874966,0.0344795205562015,"CLIP_Up","No","Not_labeled"
"Pou3f3","5v0",0.0316699656565866,0.803514133149165,"NS","No","Not_labeled"
"Pou6f1","5v0",-0.368797142185385,0.197415136018752,"NS","No","Not_labeled"
"Ppa2","5v0",1.5512416300143,0.167009497281098,"NS","No","Not_labeled"
"Ppargc1a","5v0",0.228905236798205,0.3973246994139,"NS","No","Not_labeled"
"Ppfia1","5v0",1.39302400649822,0.322436414053256,"NS","No","Not_labeled"
"Ppfia2","5v0",0.00107359979204702,0.997733655291597,"NS","No","Not_labeled"
"Ppfia3","5v0",-0.110476258566118,0.780466327604892,"NS","No","Not_labeled"
"Ppfia4","5v0",-1.46595047371329,0.342700309800245,"NS","No","Not_labeled"
"Ppfibp1","5v0",0.900343430007843,0.283069819293005,"NS","No","Not_labeled"
"Pphln1","5v0",2.40139866329147,0.0754943056273078,"NS","No","Not_labeled"
"Ppig","5v0",-0.570905842101872,0.278123432780029,"NS","No","Not_labeled"
"Ppip5k1","5v0",-0.748210601425712,0.0789350805961165,"NS","No","Not_labeled"
"Ppip5k2","5v0",-0.595357781669233,0.236664281493954,"NS","No","Not_labeled"
"Ppm1a","5v0",0.687646562619304,0.618164402595807,"NS","No","Not_labeled"
"Ppm1b","5v0",-0.213181581511498,0.567190176321219,"NS","No","Not_labeled"
"Ppm1e","5v0",-0.115024700335247,0.701826832211634,"NS","No","Not_labeled"
"Ppm1h","5v0",1.1022436020109,0.142270740498141,"NS","No","Not_labeled"
"Ppm1k","5v0",-0.486539062671284,0.515108171298645,"NS","No","Not_labeled"
"Ppm1l","5v0",-0.52649244007043,0.0427523127956329,"CLIP_Down","No","Not_labeled"
"Ppp1ca","5v0",0.191580460786669,0.650702295772514,"NS","No","Not_labeled"
"Ppp1cb","5v0",-0.0910380242687605,0.548665150047719,"NS","No","Not_labeled"
"Ppp1cc","5v0",-1.11342751897229,0.165630188365115,"NS","No","Not_labeled"
"Ppp1r10","5v0",-0.367377268237952,0.253080036181411,"NS","No","Not_labeled"
"Ppp1r12a","5v0",-0.0660936499967947,0.879048094292763,"NS","No","Not_labeled"
"Ppp1r12b","5v0",0.0534353914031949,0.888230221151487,"NS","No","Not_labeled"
"Ppp1r12c","5v0",1.21621708467761,0.431297609864084,"NS","No","Not_labeled"
"Ppp1r13b","5v0",-0.592179233509448,0.152992666949751,"NS","No","Not_labeled"
"Ppp1r15a","5v0",2.17912160579081,0.287209129066513,"NS","No","Not_labeled"
"Ppp1r15b","5v0",0.0622377702719534,0.848517643076064,"NS","No","Not_labeled"
"Ppp1r16b","5v0",-0.237768016654597,0.398367908327576,"NS","No","Not_labeled"
"Ppp1r1a","5v0",1.49805823258426,0.325437405676239,"NS","No","Not_labeled"
"Ppp1r2","5v0",0.630614114204533,0.224893700502728,"NS","No","Not_labeled"
"Ppp1r21","5v0",-0.00289321675709875,0.995035472667695,"NS","No","Not_labeled"
"Ppp1r26","5v0",-0.792097262034345,0.129069259895578,"NS","No","Not_labeled"
"Ppp1r37","5v0",0.0813404683214198,0.696222586948476,"NS","No","Not_labeled"
"Ppp1r7","5v0",-0.154758938425192,0.87692414665504,"NS","No","Not_labeled"
"Ppp1r9a","5v0",0.165186384143613,0.372787038968608,"NS","No","Not_labeled"
"Ppp1r9b","5v0",-0.489665295453426,0.10238590215549,"NS","No","Not_labeled"
"Ppp2ca","5v0",0.20661438581037,0.586065631034453,"NS","No","Not_labeled"
"Ppp2r1a","5v0",0.0651553360268906,0.865832809847426,"NS","No","Not_labeled"
"Ppp2r2a","5v0",0.0984988936497431,0.745700103704812,"NS","No","Not_labeled"
"Ppp2r2b","5v0",0.349178463528716,0.693029964499071,"NS","No","Not_labeled"
"Ppp2r2c","5v0",-0.197537324920608,0.440788247539584,"NS","No","Not_labeled"
"Ppp2r3a","5v0",-0.289239106126489,0.625481023696383,"NS","No","Not_labeled"
"Ppp2r5a","5v0",-0.239233306999314,0.359622506014437,"NS","No","Not_labeled"
"Ppp2r5c","5v0",0.063727111442093,0.641185202280323,"NS","No","Not_labeled"
"Ppp2r5e","5v0",-0.0860566496577382,0.796929771516456,"NS","No","Not_labeled"
"Ppp3ca","5v0",-0.14245263984563,0.67329942362682,"NS","No","Not_labeled"
"Ppp3cb","5v0",-0.302027810684254,0.160732149854043,"NS","No","Not_labeled"
"Ppp3r1","5v0",-0.253502285410501,0.427157510601266,"NS","No","Not_labeled"
"Ppp4r2","5v0",0.683299068008314,0.33417592504052,"NS","No","Not_labeled"
"Ppp4r3a","5v0",-0.259146694861797,0.496414117618201,"NS","No","Not_labeled"
"Ppp4r3b","5v0",-0.0714073344448334,0.910505117798306,"NS","No","Not_labeled"
"Ppp4r4","5v0",0.449755869060845,0.166657745134466,"NS","No","Not_labeled"
"Ppp5c","5v0",0.651952450542806,0.654852940259837,"NS","No","Not_labeled"
"Ppp6c","5v0",1.41345439750005,0.19513325937061,"NS","No","Not_labeled"
"Ppp6r1","5v0",-0.193597940220468,0.138692136167962,"NS","No","Not_labeled"
"Ppp6r2","5v0",-0.137914509560921,0.710142343024843,"NS","No","Not_labeled"
"Ppp6r3","5v0",-0.292096640977754,0.355608284652724,"NS","No","Not_labeled"
"Pprc1","5v0",1.22876942700864,0.448428054232413,"NS","No","Not_labeled"
"Ppt1","5v0",0.0672318060546866,0.893105733721059,"NS","No","Not_labeled"
"Pptc7","5v0",-1.71174295336665,0.170595123840196,"NS","No","Not_labeled"
"Prdm11","5v0",1.05329368064027,0.299874016372669,"NS","No","Not_labeled"
"Prdm2","5v0",0.011926037265364,0.975890306651525,"NS","No","Not_labeled"
"Prep","5v0",-0.986486044638042,0.266517563186562,"NS","No","Not_labeled"
"Prepl","5v0",0.0282065108353793,0.922239405136792,"NS","No","Not_labeled"
"Prex1","5v0",0.318070910956765,0.645270718007903,"NS","No","Not_labeled"
"Prex2","5v0",0.499461140084894,0.347682577013994,"NS","No","Not_labeled"
"Prickle1","5v0",1.2200100139758,0.382376875378595,"NS","No","Not_labeled"
"Prickle2","5v0",0.0250617127809907,0.933516184739599,"NS","No","Not_labeled"
"Prkaa1","5v0",0.0106409591850003,0.982678359995107,"NS","No","Not_labeled"
"Prkaca","5v0",0.0344163269169409,0.959184081195718,"NS","No","Not_labeled"
"Prkacb","5v0",-0.0794184305776655,0.737500877197715,"NS","No","Not_labeled"
"Prkar1a","5v0",-0.12547788165639,0.606091135672786,"NS","No","Not_labeled"
"Prkar1b","5v0",-0.242802005645448,0.315077645840669,"NS","No","Not_labeled"
"Prkar2a","5v0",0.261019430199659,0.57948150748382,"NS","No","Not_labeled"
"Prkar2b","5v0",1.32753618523512,0.137042690093658,"NS","No","Not_labeled"
"Prkca","5v0",-0.115795627955138,0.466725624838231,"NS","No","Not_labeled"
"Prkcb","5v0",-0.120486234311223,0.761748322696267,"NS","No","Not_labeled"
"Prkce","5v0",-0.134567757010916,0.602254576086942,"NS","No","Not_labeled"
"Prkcg","5v0",-0.540474774425768,0.315087046994784,"NS","No","Not_labeled"
"Prkcz","5v0",0.0145136245985364,0.958761164520465,"NS","No","Not_labeled"
"Prkd3","5v0",-1.67839507971782,0.25735193278653,"NS","No","Not_labeled"
"Prkdc","5v0",0.918400439688944,0.114727967840812,"NS","No","Not_labeled"
"Prlr","5v0",1.06770439210031,0.0493983968937929,"CLIP_Up","No","Not_labeled"
"Prnp","5v0",-0.411782441485933,0.168097388583773,"NS","No","Not_labeled"
"Prox1","5v0",-0.610020357014156,0.154387069468279,"NS","No","Not_labeled"
"Prpf39","5v0",0.675922848900514,0.627931466131592,"NS","No","Not_labeled"
"Prpf40a","5v0",0.199411903773837,0.618706911472054,"NS","No","Not_labeled"
"Prpf4b","5v0",-0.202376100709136,0.535640769427728,"NS","No","Not_labeled"
"Prpf6","5v0",1.00930003966277,0.26579578845584,"NS","No","Not_labeled"
"Prpf8","5v0",-0.0895319205644931,0.644579040530503,"NS","No","Not_labeled"
"Prr12","5v0",-0.536654472229675,0.235171277238966,"NS","No","Not_labeled"
"Prr14l","5v0",-0.0607485133999921,0.724771610906494,"NS","No","Not_labeled"
"Prr18","5v0",2.54048085202192,0.281370673302065,"NS","No","Not_labeled"
"Prrc2a","5v0",-0.0683580289536083,0.695501206612091,"NS","No","Not_labeled"
"Prrc2b","5v0",-0.120607449191786,0.456460212795428,"NS","No","Not_labeled"
"Prrc2c","5v0",0.0525171050666495,0.852558910365666,"NS","No","Not_labeled"
"Prrt2","5v0",0.312118962431127,0.47988884387993,"NS","No","Not_labeled"
"Psat1","5v0",1.05222869219938,0.456320804940506,"NS","No","Not_labeled"
"Psd","5v0",-0.251525852621899,0.522358126527068,"NS","No","Not_labeled"
"Psd3","5v0",0.164154083240288,0.681000679315064,"NS","No","Not_labeled"
"Psen1","5v0",-0.990493377364867,0.103120736595391,"NS","No","Not_labeled"
"Psip1","5v0",0.179960446678991,0.538983898425102,"NS","No","Not_labeled"
"Psmb7","5v0",0.79474905680956,0.381080018940683,"NS","No","Not_labeled"
"Psmc1","5v0",-0.0967847213370741,0.832554454121998,"NS","No","Not_labeled"
"Psmd1","5v0",0.763270269299716,0.110465217954607,"NS","No","Not_labeled"
"Psmd2","5v0",0.121171181917106,0.746389365579249,"NS","No","Not_labeled"
"Psmd3","5v0",-2.35121296249639,0.157748181752031,"NS","No","Not_labeled"
"Psmd8","5v0",-0.217606459314723,0.547590997548647,"NS","No","Not_labeled"
"Psme3","5v0",1.29744126077431,0.440308466170188,"NS","No","Not_labeled"
"Psme4","5v0",0.0671727348645406,0.903362108466672,"NS","No","Not_labeled"
"Ptbp2","5v0",-0.0493533023128816,0.898543668368578,"NS","No","Not_labeled"
"Ptbp3","5v0",0.0603744971411846,0.922788019620306,"NS","No","Not_labeled"
"Ptch1","5v0",-1.1540607725973,0.178600736563068,"NS","No","Not_labeled"
"Pten","5v0",-0.0545669575925984,0.798743255049232,"NS","No","Not_labeled"
"Ptges3","5v0",0.0993630487870023,0.86612493595208,"NS","No","Not_labeled"
"Ptgs2","5v0",3.97605388016408,0.0630611162496468,"NS","No","Not_labeled"
"Ptk2","5v0",-0.328229405947623,0.337023850657548,"NS","No","Not_labeled"
"Ptk2b","5v0",-0.719628379507897,0.0785544004358421,"NS","No","Not_labeled"
"Ptma","5v0",0.301812731657958,0.49009150389288,"NS","No","Not_labeled"
"Ptov1","5v0",-0.306568657190782,0.616252753754445,"NS","No","Not_labeled"
"Ptp4a1","5v0",2.40302088717671,0.250579042889892,"NS","No","Not_labeled"
"Ptp4a2","5v0",0.201332367761293,0.671970291538875,"NS","No","Not_labeled"
"Ptpn1","5v0",0.181265693932995,0.805779818107966,"NS","No","Not_labeled"
"Ptpn11","5v0",-0.0683163975673322,0.896461456400189,"NS","No","Not_labeled"
"Ptpn12","5v0",-1.16677240071918,0.280167799105452,"NS","No","Not_labeled"
"Ptpn13","5v0",-0.0404460017925308,0.930228694789103,"NS","No","Not_labeled"
"Ptpn3","5v0",0.759345172403049,0.487997637825955,"NS","No","Not_labeled"
"Ptpn4","5v0",0.495182284837205,0.114961559981935,"NS","No","Not_labeled"
"Ptpn5","5v0",-1.18794882842416,0.417999622177653,"NS","No","Not_labeled"
"Ptpra","5v0",-0.568652272485566,0.249765073220651,"NS","No","Not_labeled"
"Ptprd","5v0",0.386077852136503,0.237335517612784,"NS","No","Not_labeled"
"Ptprf","5v0",0.69548613839365,0.6290339688437,"NS","No","Not_labeled"
"Ptprj","5v0",-0.304546837524702,0.330398784455136,"NS","No","Not_labeled"
"Ptprm","5v0",-0.187684351103405,0.736526808396551,"NS","No","Not_labeled"
"Ptprn","5v0",-0.401674983333574,0.103423179365446,"NS","No","Not_labeled"
"Ptprn2","5v0",-0.407708394392124,0.135547549735952,"NS","No","Not_labeled"
"Ptpro","5v0",0.735929726874926,0.397310145642425,"NS","No","Not_labeled"
"Ptprs","5v0",-0.476864171133146,0.119889051739649,"NS","No","Not_labeled"
"Ptprt","5v0",0.540537763512938,0.406253911438811,"NS","No","Not_labeled"
"Ptpru","5v0",0.272597361616287,0.648941268292176,"NS","No","Not_labeled"
"Ptprz1","5v0",0.186759474509403,0.615299199632186,"NS","No","Not_labeled"
"Pum1","5v0",-0.248567260885126,0.470599480853925,"NS","No","Not_labeled"
"Pum2","5v0",-0.40916419183245,0.24822818392585,"NS","No","Not_labeled"
"Pura","5v0",-0.0251381989859274,0.946418512473726,"NS","No","Not_labeled"
"Purb","5v0",0.198895192631383,0.522299432103486,"NS","No","Not_labeled"
"Purg","5v0",0.325098565260643,0.800369029789645,"NS","No","Not_labeled"
"Pwwp2a","5v0",-0.932700993914651,0.245265345079704,"NS","No","Not_labeled"
"Pxdn","5v0",-0.947931456605973,0.239548893476758,"NS","No","Not_labeled"
"Pxk","5v0",-0.985607051551038,0.355264560610854,"NS","No","Not_labeled"
"Pygb","5v0",-0.0229223988844476,0.971657428364413,"NS","No","Not_labeled"
"Pygo1","5v0",0.259815290476904,0.583462859634966,"NS","No","Not_labeled"
"Qki","5v0",0.59423444331891,0.0244965853322304,"CLIP_Up","No","Not_labeled"
"Qrich1","5v0",-0.120368254456732,0.597891746824104,"NS","No","Not_labeled"
"Qser1","5v0",-0.215893126601252,0.460140169354166,"NS","No","Not_labeled"
"R3hdm1","5v0",0.557309596612442,0.141696646700846,"NS","No","Not_labeled"
"R3hdm4","5v0",1.55855525490481,0.388285023215874,"NS","No","Not_labeled"
"Rab10","5v0",-0.0122689691838467,0.979353476639652,"NS","No","Not_labeled"
"Rab11a","5v0",0.0316384499217839,0.934406719723124,"NS","No","Not_labeled"
"Rab11b","5v0",0.429441667388368,0.166012929795628,"NS","No","Not_labeled"
"Rab11fip2","5v0",-0.078766524071745,0.854277010940286,"NS","No","Not_labeled"
"Rab11fip3","5v0",-0.445648819252074,0.279848455065367,"NS","No","Not_labeled"
"Rab11fip4","5v0",-0.375514465454587,0.170114250783408,"NS","No","Not_labeled"
"Rab12","5v0",-0.11724559061381,0.724487877099753,"NS","No","Not_labeled"
"Rab14","5v0",-0.43278679048397,0.0846673498742524,"NS","No","Not_labeled"
"Rab15","5v0",-0.523699724525439,0.480198993556872,"NS","No","Not_labeled"
"Rab18","5v0",0.0224438303185781,0.968517691621793,"NS","No","Not_labeled"
"Rab1a","5v0",2.15491236266815,0.186680639524499,"NS","No","Not_labeled"
"Rab21","5v0",0.161003072511107,0.787905955370628,"NS","No","Not_labeled"
"Rab22a","5v0",-0.472319132336969,0.269864667675216,"NS","No","Not_labeled"
"Rab2a","5v0",-0.182023141305315,0.590005139015684,"NS","No","Not_labeled"
"Rab30","5v0",2.33656928362849,0.0262611093754136,"CLIP_Up","No","Not_labeled"
"Rab39b","5v0",-0.326055691092046,0.236849629176758,"NS","No","Not_labeled"
"Rab3a","5v0",-0.101516005725647,0.770238047670817,"NS","No","Not_labeled"
"Rab3c","5v0",0.835376707455188,0.123910782418742,"NS","No","Not_labeled"
"Rab3gap1","5v0",-0.131152027422375,0.728848118971953,"NS","No","Not_labeled"
"Rab3gap2","5v0",-0.10198610875177,0.776894786283893,"NS","No","Not_labeled"
"Rab43","5v0",3.59768358012434,0.0119643474127705,"CLIP_Up","No","Not_labeled"
"Rab5a","5v0",-0.217223290284161,0.602924458558114,"NS","No","Not_labeled"
"Rab5c","5v0",-0.87654564342121,0.138213540361899,"NS","No","Not_labeled"
"Rab6a","5v0",0.327695502460414,0.175824696712453,"NS","No","Not_labeled"
"Rab6b","5v0",-0.0333249705579099,0.822917713354905,"NS","No","Not_labeled"
"Rab7","5v0",1.61427413774475,0.233470945566837,"NS","No","Not_labeled"
"Rabep1","5v0",1.03553959418097,0.284150172600323,"NS","No","Not_labeled"
"Rabgap1","5v0",-0.0137331997414356,0.929625385443276,"NS","No","Not_labeled"
"Rabgap1l","5v0",-0.330137816068429,0.215559851031406,"NS","No","Not_labeled"
"Rabgef1","5v0",-0.28240447830087,0.615938082539109,"NS","No","Not_labeled"
"Rabl6","5v0",1.88330402719661,0.173357739172656,"NS","No","Not_labeled"
"Rac1","5v0",-0.797351123683995,0.0543551513216801,"NS","No","Not_labeled"
"Rack1","5v0",-0.0243916692848711,0.970129207021008,"NS","No","Not_labeled"
"Rad17","5v0",1.89753513175189,0.21019339412781,"NS","No","Not_labeled"
"Rad21","5v0",0.385886257526559,0.0850949709202682,"NS","No","Not_labeled"
"Rad23a","5v0",1.1018469293369,0.517839361761084,"NS","No","Not_labeled"
"Rad23b","5v0",1.23389466013239,0.357126453042767,"NS","No","Not_labeled"
"Rad50","5v0",-2.38410267076846,0.0691434380169692,"NS","No","Not_labeled"
"Raf1","5v0",1.50628414578126,0.223144485178984,"NS","No","Not_labeled"
"Rai1","5v0",-0.570833959922876,0.0536421666422525,"NS","No","Not_labeled"
"Ralbp1","5v0",-1.67006489824132,0.250100292125592,"NS","No","Not_labeled"
"Ralgapa1","5v0",-0.195478063691648,0.46817573280376,"NS","No","Not_labeled"
"Ralgapa2","5v0",-1.46227143915007,0.0205563509089008,"CLIP_Down","No","Not_labeled"
"Ralgapb","5v0",-0.116385030945838,0.623900658473789,"NS","No","Not_labeled"
"Ralgds","5v0",0.0594088064043019,0.85645519740837,"NS","No","Not_labeled"
"Ralgps1","5v0",1.40506245425475,0.10197582810744,"NS","No","Not_labeled"
"Ramac","5v0",-2.45335239545152,0.193951607584386,"NS","No","Not_labeled"
"Ran","5v0",1.95084917942109,0.338912209598727,"NS","No","Not_labeled"
"Ranbp2","5v0",0.383582421398859,0.0754775608414127,"NS","No","Not_labeled"
"Ranbp6","5v0",-0.771093180723929,0.0599251632734255,"NS","No","Not_labeled"
"Ranbp9","5v0",-0.157252030011875,0.67509673692358,"NS","No","Not_labeled"
"Rangap1","5v0",1.93410153868647,0.162846686089632,"NS","No","Not_labeled"
"Rap1a","5v0",-0.341481239025849,0.639122500719314,"NS","No","Not_labeled"
"Rap1b","5v0",3.13672099723642,0.0241110288292053,"CLIP_Up","No","Not_labeled"
"Rap1gap2","5v0",-0.339477194171212,0.369807143621013,"NS","No","Not_labeled"
"Rap1gds1","5v0",0.29145650036372,0.536228811905079,"NS","No","Not_labeled"
"Rap2a","5v0",2.86393717816348,0.0541417605561287,"NS","No","Not_labeled"
"Rap2b","5v0",-2.44219483482468,0.192102939416554,"NS","No","Not_labeled"
"Rap2c","5v0",0.392770463247869,0.613783145567367,"NS","No","Not_labeled"
"Rapgef1","5v0",-0.618121892335092,0.136920539585893,"NS","No","Not_labeled"
"Rapgef2","5v0",-0.362933386769178,0.0946831980915401,"NS","No","Not_labeled"
"Rapgef4","5v0",-0.134544635274592,0.638167418065919,"NS","No","Not_labeled"
"Rapgef5","5v0",0.323279398726666,0.223889669451408,"NS","No","Not_labeled"
"Rapgef6","5v0",-0.434270595459964,0.465378590034357,"NS","No","Not_labeled"
"Rapgefl1","5v0",-0.522635123703138,0.190453117894477,"NS","No","Not_labeled"
"Raph1","5v0",-0.670374854214028,0.206296494018356,"NS","No","Not_labeled"
"Rasa1","5v0",-0.341641974313413,0.171759576556531,"NS","No","Not_labeled"
"Rasa3","5v0",0.545112804910161,0.223141871573031,"NS","No","Not_labeled"
"Rasal1","5v0",-2.09170231983475,0.1317146822385,"NS","No","Not_labeled"
"Rasal2","5v0",-0.174874916999212,0.49456797023388,"NS","No","Not_labeled"
"Rasd1","5v0",-1.24329800751137,0.0743455098746385,"NS","No","Not_labeled"
"Rasd2","5v0",-0.14596210677679,0.788623424281962,"NS","No","Not_labeled"
"Rasgef1a","5v0",-0.468413514152596,0.24192012323446,"NS","No","Not_labeled"
"Rasgrf1","5v0",-0.182784864414124,0.435980246127849,"NS","No","Not_labeled"
"Rasgrf2","5v0",-0.477751334592474,0.0177324570109427,"CLIP_Down","No","Not_labeled"
"Rasgrp1","5v0",0.00614537367915613,0.981822921393296,"NS","No","Not_labeled"
"Rasl10b","5v0",-0.441617897800809,0.14110511791202,"NS","No","Not_labeled"
"Rassf2","5v0",2.01297092320922,0.233103340103426,"NS","No","Not_labeled"
"Rassf8","5v0",2.16169948012064,0.0492572760126983,"CLIP_Up","No","Not_labeled"
"Raver1","5v0",1.71013175853529,0.231948937332983,"NS","No","Not_labeled"
"Raver2","5v0",-0.280221625841313,0.524813428204529,"NS","No","Not_labeled"
"Rb1","5v0",1.16340540520563,0.281386523560408,"NS","No","Not_labeled"
"Rb1cc1","5v0",-0.0674995352152674,0.755478583907327,"NS","No","Not_labeled"
"Rbbp5","5v0",-4.36078801054859,0.0185993511602163,"CLIP_Down","No","Not_labeled"
"Rbbp6","5v0",-0.0377071794136814,0.824216478494569,"NS","No","Not_labeled"
"Rbbp7","5v0",0.366657778433112,0.244624479036866,"NS","No","Not_labeled"
"Rbck1","5v0",-0.809441577415124,0.653138627061161,"NS","No","Not_labeled"
"Rbfox1","5v0",-0.494648666684212,0.167326807241094,"NS","No","Not_labeled"
"Rbfox2","5v0",-0.709116151734175,0.0568764376809513,"NS","No","Not_labeled"
"Rbfox3","5v0",0.330931969959142,0.130799366242879,"NS","No","Not_labeled"
"Rbl2","5v0",0.684374537060713,0.043333206182758,"CLIP_Up","No","Not_labeled"
"Rbm10","5v0",1.13073515778045,0.370351155970334,"NS","No","Not_labeled"
"Rbm12b1","5v0",3.28448572519255,0.166880725243237,"NS","No","Not_labeled"
"Rbm12b2","5v0",3.82216207759853,0.0964276996618101,"NS","No","Not_labeled"
"Rbm15b","5v0",-0.309855832097312,0.57905298691812,"NS","No","Not_labeled"
"Rbm25","5v0",1.48698289051826,0.230791988669432,"NS","No","Not_labeled"
"Rbm26","5v0",0.206800987652652,0.640425348294743,"NS","No","Not_labeled"
"Rbm27","5v0",-0.203178873302911,0.693333126774499,"NS","No","Not_labeled"
"Rbm33","5v0",0.362423991408785,0.211256450841591,"NS","No","Not_labeled"
"Rbm39","5v0",1.55296785313508,0.374815754934135,"NS","No","Not_labeled"
"Rbms2","5v0",2.19005383899206,0.0130816976497953,"CLIP_Up","No","Not_labeled"
"Rbpj","5v0",0.846550654423599,0.497925475706344,"NS","No","Not_labeled"
"Rbsn","5v0",0.89237098220727,0.479535512133338,"NS","No","Not_labeled"
"Rc3h1","5v0",0.283208509157297,0.304791804584882,"NS","No","Not_labeled"
"Rc3h2","5v0",0.141223215602396,0.684643301684452,"NS","No","Not_labeled"
"Rcan2","5v0",0.600915614038869,0.444504955329084,"NS","No","Not_labeled"
"Rcc2","5v0",-0.219241034203431,0.797339578476543,"NS","No","Not_labeled"
"Rcn2","5v0",0.228844360335001,0.610596137660559,"NS","No","Not_labeled"
"Rdx","5v0",0.502566900625646,0.280704516376327,"NS","No","Not_labeled"
"Reep1","5v0",-0.156259122372931,0.855149718246621,"NS","No","Not_labeled"
"Reep5","5v0",1.13503272312577,0.430314595408304,"NS","No","Not_labeled"
"Reln","5v0",-0.174455057010115,0.78961451801614,"NS","No","Not_labeled"
"Repin1","5v0",4.38117482181663,0.0824305314622751,"NS","No","Not_labeled"
"Reps2","5v0",-0.581279887271734,0.130230177633538,"NS","No","Not_labeled"
"Rere","5v0",0.106158037999142,0.80083754214347,"NS","No","Not_labeled"
"Rest","5v0",1.52021076625082,0.299346732218052,"NS","No","Not_labeled"
"Retreg2","5v0",2.75661776339054,0.222469742576676,"NS","No","Not_labeled"
"Retreg3","5v0",-0.0509851097149072,0.915680476221523,"NS","No","Not_labeled"
"Rev3l","5v0",-0.330796772371366,0.373174167332932,"NS","No","Not_labeled"
"Rexo1","5v0",1.46667013947397,0.302533419426653,"NS","No","Not_labeled"
"Rfc5","5v0",0.301133222958251,0.575999890996292,"NS","No","Not_labeled"
"Rfwd3","5v0",0.270564693710454,0.316689576890457,"NS","No","Not_labeled"
"Rfx3","5v0",0.224557028421734,0.546383415132773,"NS","No","Not_labeled"
"Rfx7","5v0",0.280079335634334,0.316626559302499,"NS","No","Not_labeled"
"Rgl1","5v0",0.57424343662506,0.0702278430388736,"NS","No","Not_labeled"
"Rgs14","5v0",-3.12742305844162,0.0234285128582791,"CLIP_Down","Yes","Decreased"
"Rgs17","5v0",0.873428044703281,0.408209353284386,"NS","No","Not_labeled"
"Rgs5","5v0",1.4312368905234,0.211903529677294,"NS","No","Not_labeled"
"Rgs7","5v0",0.432998946110062,0.413300015609593,"NS","No","Not_labeled"
"Rgs7bp","5v0",-0.2129202261789,0.686331561607751,"NS","No","Not_labeled"
"Rgs8","5v0",-0.521967348071604,0.55080603628557,"NS","No","Not_labeled"
"Rhbdd2","5v0",1.25482184847504,0.40682820981378,"NS","No","Not_labeled"
"Rhob","5v0",-0.166839994856532,0.670563708534247,"NS","No","Not_labeled"
"Rhobtb2","5v0",-0.392057926088019,0.345357934023302,"NS","No","Not_labeled"
"Rhobtb3","5v0",0.521631693522053,0.337559920296774,"NS","No","Not_labeled"
"Rhof","5v0",-2.8587803888717,0.0761890801876997,"NS","No","Not_labeled"
"Ric1","5v0",-0.00692027128865913,0.987184840766837,"NS","No","Not_labeled"
"Ric3","5v0",0.209559661540424,0.539012108098339,"NS","No","Not_labeled"
"Ric8b","5v0",0.893260952062449,0.38384669207786,"NS","No","Not_labeled"
"Rictor","5v0",-0.356908031289687,0.0787638760855211,"NS","No","Not_labeled"
"Rif1","5v0",0.945960508757402,0.551310323152583,"NS","No","Not_labeled"
"Rimbp2","5v0",0.399288606098568,0.409215750196977,"NS","No","Not_labeled"
"Rimoc1","5v0",1.68725766344113,0.28344236375616,"NS","No","Not_labeled"
"Rims2","5v0",0.163624695588186,0.531055963201201,"NS","No","Not_labeled"
"Rin1","5v0",-0.48281647701056,0.25970876468928,"NS","No","Not_labeled"
"Ripor1","5v0",-0.963883159500502,0.037955528879283,"CLIP_Down","No","Not_labeled"
"Ripor2","5v0",0.690045022575467,0.299404120220725,"NS","No","Not_labeled"
"Rlf","5v0",0.276329251210569,0.178542643541534,"NS","No","Not_labeled"
"Rlim","5v0",-0.261119815202351,0.24930037927594,"NS","No","Not_labeled"
"Rmnd5a","5v0",-0.524603329858522,0.0965793775120747,"NS","No","Not_labeled"
"Rnf10","5v0",-0.397219029531467,0.30712339145647,"NS","No","Not_labeled"
"Rnf103","5v0",-0.0537151753327167,0.829616119234237,"NS","No","Not_labeled"
"Rnf11","5v0",0.219713495257446,0.58037670927024,"NS","No","Not_labeled"
"Rnf111","5v0",-0.450276504165447,0.335055386155919,"NS","No","Not_labeled"
"Rnf112","5v0",2.19720606249899,0.276806574326622,"NS","No","Not_labeled"
"Rnf114","5v0",3.00483685480478,0.0499675158163973,"CLIP_Up","No","Not_labeled"
"Rnf115","5v0",0.686172793335451,0.138068723508983,"NS","No","Not_labeled"
"Rnf13","5v0",-0.114124511386278,0.765634094324093,"NS","No","Not_labeled"
"Rnf14","5v0",-0.0104449191854759,0.967561003016012,"NS","No","Not_labeled"
"Rnf141","5v0",0.0753804316471514,0.879900561711816,"NS","No","Not_labeled"
"Rnf144a","5v0",-1.43061444128206,0.173189736024727,"NS","No","Not_labeled"
"Rnf145","5v0",-0.0147618796850468,0.976426129022827,"NS","No","Not_labeled"
"Rnf149","5v0",1.37766654460278,0.26428288540102,"NS","No","Not_labeled"
"Rnf150","5v0",0.544117893731419,0.477608380129441,"NS","No","Not_labeled"
"Rnf157","5v0",-0.400824252069174,0.359194876068709,"NS","No","Not_labeled"
"Rnf169","5v0",-0.355443967633043,0.671366269662415,"NS","No","Not_labeled"
"Rnf182","5v0",1.78130556680152,0.0551840038559503,"NS","No","Not_labeled"
"Rnf187","5v0",2.1617032962541,0.221882764829894,"NS","No","Not_labeled"
"Rnf19a","5v0",-0.808983573375021,0.192856341076288,"NS","No","Not_labeled"
"Rnf19b","5v0",2.00036681102551,0.181200740150247,"NS","No","Not_labeled"
"Rnf2","5v0",2.77337646818026,0.0875406647691115,"NS","No","Not_labeled"
"Rnf20","5v0",0.818325424701908,0.617026420452008,"NS","No","Not_labeled"
"Rnf208","5v0",0.0933209823432906,0.864813027894763,"NS","No","Not_labeled"
"Rnf214","5v0",1.50218925926724,0.087988478136777,"NS","No","Not_labeled"
"Rnf216","5v0",0.48378872997397,0.25668804384505,"NS","No","Not_labeled"
"Rnf217","5v0",0.98390283568939,0.165098884620557,"NS","No","Not_labeled"
"Rnf220","5v0",0.882239817971435,0.276977589887341,"NS","No","Not_labeled"
"Rnf24","5v0",-1.81463802263724,0.182514795165822,"NS","No","Not_labeled"
"Rnf34","5v0",2.37417467006107,0.0564690343856839,"NS","No","Not_labeled"
"Rnf4","5v0",0.302542061220771,0.839403950779053,"NS","No","Not_labeled"
"Rnf41","5v0",0.864378152753835,0.508630898642765,"NS","No","Not_labeled"
"Rnf6","5v0",-0.00689295387405853,0.987576180491079,"NS","No","Not_labeled"
"Rngtt","5v0",-1.3877591965841,0.0795621576311208,"NS","No","Not_labeled"
"Rnps1","5v0",-0.439640720855728,0.341962329350405,"NS","No","Not_labeled"
"Ro60","5v0",0.220895291417271,0.584348612693718,"NS","No","Not_labeled"
"Robo1","5v0",0.0691416416178142,0.872823049277239,"NS","No","Not_labeled"
"Robo2","5v0",-0.622866645004068,0.0801352370045671,"NS","No","Not_labeled"
"Rock2","5v0",0.322409211643321,0.140040637267197,"NS","No","Not_labeled"
"Rora","5v0",0.736884642242706,0.16119025902687,"NS","No","Not_labeled"
"Rorb","5v0",1.7541155628345,0.103469284581077,"NS","No","Not_labeled"
"Rpgrip1l","5v0",-0.915224905235539,0.421623834823941,"NS","No","Not_labeled"
"Rph3a","5v0",-0.297802223314979,0.265415453453484,"NS","No","Not_labeled"
"Rpl4","5v0",-0.486813196519092,0.204367392257198,"NS","No","Not_labeled"
"Rpl8","5v0",2.26146926130447,0.279444871224511,"NS","No","Not_labeled"
"Rplp0","5v0",1.4780571378435,0.480707443531333,"NS","No","Not_labeled"
"Rplp1","5v0",2.0390735285815,0.376285889610308,"NS","No","Not_labeled"
"Rpn1","5v0",1.85333034450721,0.107037124537383,"NS","No","Not_labeled"
"Rpn2","5v0",1.41760335257152,0.21764695504928,"NS","No","Not_labeled"
"Rprd1a","5v0",-0.935779227254616,0.205220922460789,"NS","No","Not_labeled"
"Rprd2","5v0",-0.272304838169077,0.424964165735898,"NS","No","Not_labeled"
"Rps15","5v0",2.39998940397248,0.319948348889606,"NS","No","Not_labeled"
"Rps21","5v0",-0.262856478098808,0.790564373449199,"NS","No","Not_labeled"
"Rps3a1","5v0",-0.567169696926455,0.0517783072900619,"NS","No","Not_labeled"
"Rps6ka2","5v0",-1.07005298042647,0.0137967568303135,"CLIP_Down","No","Not_labeled"
"Rps6ka3","5v0",0.478526143715631,0.346632731414111,"NS","No","Not_labeled"
"Rps6kb1","5v0",-0.39308653258778,0.464949539419673,"NS","No","Not_labeled"
"Rps6kc1","5v0",-0.635743389498969,0.364813037890573,"NS","No","Not_labeled"
"Rpsa","5v0",2.33274084845095,0.233118883057298,"NS","No","Not_labeled"
"Rpsa-ps10","5v0",3.12000781941196,0.224796118357071,"NS","No","Not_labeled"
"Rptor","5v0",-0.841065761439482,0.133898522159638,"NS","No","Not_labeled"
"Rragc","5v0",2.66342548457277,0.131106520209683,"NS","No","Not_labeled"
"Rragd","5v0",0.254102747824436,0.557651172395013,"NS","No","Not_labeled"
"Rrn3","5v0",-0.438219550457386,0.263167006848558,"NS","No","Not_labeled"
"Rrp1","5v0",-0.898967863696673,0.192314797607707,"NS","No","Not_labeled"
"Rsbn1","5v0",-0.132151711714424,0.550708206728513,"NS","No","Not_labeled"
"Rsbn1l","5v0",1.14896577215483,0.275133802459564,"NS","No","Not_labeled"
"Rsf1","5v0",0.54481792424249,0.37807339067487,"NS","No","Not_labeled"
"Rsrc2","5v0",2.58549255205669,0.0964193236654731,"NS","No","Not_labeled"
"Rtf1","5v0",-0.953500868020477,0.279044683516603,"NS","No","Not_labeled"
"Rtl6","5v0",0.805458981289688,0.0797453108730983,"NS","No","Not_labeled"
"Rtn1","5v0",-0.21677566685742,0.591120470736279,"NS","No","Not_labeled"
"Rtn2","5v0",1.5083615338582,0.275634456721818,"NS","No","Not_labeled"
"Rtn3","5v0",-0.410902427201098,0.164590113646735,"NS","No","Not_labeled"
"Rtn4","5v0",-0.0350729456257071,0.848063941500778,"NS","No","Not_labeled"
"Rtn4r","5v0",-1.85015992283882,0.21953339937106,"NS","No","Not_labeled"
"Rtn4rl1","5v0",-0.38109842648107,0.374241968695104,"NS","No","Not_labeled"
"Rubcn","5v0",0.787618156659415,0.173587635911887,"NS","No","Not_labeled"
"Rundc3a","5v0",-2.36781581737263,0.233388853867937,"NS","No","Not_labeled"
"Runx1t1","5v0",-0.489114555993974,0.566497010574114,"NS","No","Not_labeled"
"Rusc1","5v0",-0.567774258313129,0.42009434024622,"NS","No","Not_labeled"
"Rusc2","5v0",-0.288894685422934,0.537522856428596,"NS","No","Not_labeled"
"Rwdd1","5v0",2.80351254873307,0.0418828005001293,"CLIP_Up","No","Not_labeled"
"Rybp","5v0",0.875183580755927,0.0847720380972892,"NS","No","Not_labeled"
"Ryk","5v0",0.909740654888341,0.19950266254475,"NS","No","Not_labeled"
"Ryr2","5v0",-0.193993013653508,0.355743687062118,"NS","No","Not_labeled"
"Ryr3","5v0",0.208096119706978,0.274630253932295,"NS","No","Not_labeled"
"S100pbp","5v0",0.182828832506752,0.764698436253821,"NS","No","Not_labeled"
"S1pr1","5v0",0.303696085667787,0.520106763200008,"NS","No","Not_labeled"
"Sacm1l","5v0",-0.314440218200573,0.412231266534809,"NS","No","Not_labeled"
"Sacs","5v0",-0.36341700735503,0.213926971948146,"NS","No","Not_labeled"
"Sall1","5v0",2.89834064026581,0.0820797614031661,"NS","No","Not_labeled"
"Sall2","5v0",0.196154851943985,0.589385958523448,"NS","No","Not_labeled"
"Samd4","5v0",0.342201531575433,0.503803214167484,"NS","No","Not_labeled"
"Samd8","5v0",-0.876861014328425,0.0318146236561684,"CLIP_Down","No","Not_labeled"
"Sanbr","5v0",1.13116376514226,0.342292458196906,"NS","No","Not_labeled"
"Sap130","5v0",-0.728341393581775,0.113023635360078,"NS","No","Not_labeled"
"Saraf","5v0",-0.913275288347685,0.147722894865201,"NS","No","Not_labeled"
"Sarm1","5v0",1.21336265670974,0.385894565762394,"NS","No","Not_labeled"
"Sars1","5v0",0.243085387299325,0.626089352578314,"NS","No","Not_labeled"
"Sash1","5v0",0.36590502392468,0.472611502773192,"NS","No","Not_labeled"
"Satb1","5v0",-0.515703291695204,0.404646048849457,"NS","No","Not_labeled"
"Satb2","5v0",0.431185321171901,0.627663004254423,"NS","No","Not_labeled"
"Sav1","5v0",0.113616397964595,0.803832733175326,"NS","No","Not_labeled"
"Sbf1","5v0",-0.100827414389838,0.483827477375418,"NS","No","Not_labeled"
"Sbf2","5v0",-0.318745487325472,0.0869949031816669,"NS","No","Not_labeled"
"Sbk1","5v0",0.689409605850214,0.0152409178132629,"CLIP_Up","No","Not_labeled"
"Sbno1","5v0",0.303993405936999,0.12576816407501,"NS","No","Not_labeled"
"Sc5d","5v0",3.8181528714341,0.0526021831767876,"NS","No","Not_labeled"
"Scaf1","5v0",-0.0405580115071871,0.719314202780929,"NS","No","Not_labeled"
"Scaf11","5v0",-0.0321379243495254,0.908673008786818,"NS","No","Not_labeled"
"Scaf4","5v0",1.53827906538281,0.155114960854888,"NS","No","Not_labeled"
"Scaf8","5v0",0.0222954500636159,0.956212983146147,"NS","No","Not_labeled"
"Scai","5v0",0.438696229313639,0.365714683203146,"NS","No","Not_labeled"
"Scamp1","5v0",-0.106153051239745,0.874090364178397,"NS","No","Not_labeled"
"Scamp3","5v0",7.22272550510825,4.19783174115355e-06,"CLIP_Up","No","Not_labeled"
"Scap","5v0",-0.955568540192145,0.210787396529634,"NS","No","Not_labeled"
"Scaper","5v0",-1.07727317070407,0.126876771404074,"NS","No","Not_labeled"
"Scarb2","5v0",1.13597606731857,0.118658096167067,"NS","No","Not_labeled"
"Sccpdh","5v0",2.02324084907214,0.179444682631525,"NS","No","Not_labeled"
"Scd1","5v0",-0.0695086992895053,0.88698678147153,"NS","No","Not_labeled"
"Scd2","5v0",-0.225020280906792,0.446504080688181,"NS","No","Not_labeled"
"Scg2","5v0",0.209361647167654,0.766451926667785,"NS","No","Not_labeled"
"Scg3","5v0",1.22416464826258,0.30644244161521,"NS","No","Not_labeled"
"Scn1a","5v0",0.266394398166391,0.101778856544728,"NS","No","Not_labeled"
"Scn1b","5v0",-0.631193153080646,0.103580478886296,"NS","No","Not_labeled"
"Scn2a","5v0",-0.294480772834757,0.143765457182112,"NS","No","Not_labeled"
"Scn2b","5v0",0.198430159394099,0.68030904496892,"NS","No","Not_labeled"
"Scn3a","5v0",-0.574714088658324,0.0510594221740493,"NS","No","Not_labeled"
"Scn3b","5v0",-0.634655804698101,0.445820006683162,"NS","No","Not_labeled"
"Scn8a","5v0",-0.345189612402021,0.0592485576635481,"NS","No","Not_labeled"
"Scoc","5v0",-0.862428619681121,0.254772449157505,"NS","No","Not_labeled"
"Scrib","5v0",-0.186845911914805,0.550359298329755,"NS","No","Not_labeled"
"Scrn1","5v0",-0.538173108969575,0.162876339085837,"NS","No","Not_labeled"
"Scrt1","5v0",0.0920999062623995,0.830249001659979,"NS","No","Not_labeled"
"Scyl2","5v0",0.360210843077795,0.629277329042523,"NS","No","Not_labeled"
"Sdc3","5v0",-0.754567063869214,0.318180360811335,"NS","No","Not_labeled"
"Sdcbp","5v0",-0.287207997262875,0.579671512335531,"NS","No","Not_labeled"
"Sdf4","5v0",-0.073789421402084,0.8774424543424,"NS","No","Not_labeled"
"Sdha","5v0",-0.0986743386811617,0.801754463235605,"NS","No","Not_labeled"
"Sdk2","5v0",-0.403500338229775,0.312931531215696,"NS","No","Not_labeled"
"Sec14l1","5v0",-0.0902801489233358,0.756504343169031,"NS","No","Not_labeled"
"Sec16a","5v0",-0.288695466775208,0.299979982724728,"NS","No","Not_labeled"
"Sec23a","5v0",0.207062266158534,0.490081406042803,"NS","No","Not_labeled"
"Sec23ip","5v0",-0.347601214749503,0.449619737663037,"NS","No","Not_labeled"
"Sec24a","5v0",1.17159324185354,0.385067766930432,"NS","No","Not_labeled"
"Sec24b","5v0",1.04647686170745,0.501830930641832,"NS","No","Not_labeled"
"Sec24c","5v0",-0.125165933588696,0.855048368321274,"NS","No","Not_labeled"
"Sec24d","5v0",1.39971451943936,0.0866987596336041,"NS","No","Not_labeled"
"Sec31a","5v0",-0.832529893135186,0.00415600088272749,"CLIP_Down","No","Not_labeled"
"Sec62","5v0",1.17597812603378,0.397097834084154,"NS","No","Not_labeled"
"Sec63","5v0",0.0121397447255247,0.980746589832628,"NS","No","Not_labeled"
"Secisbp2l","5v0",0.219376441562508,0.569868912177944,"NS","No","Not_labeled"
"Sel1l","5v0",-0.461740384894452,0.0756656437843092,"NS","No","Not_labeled"
"Sel1l3","5v0",1.50915727402513,0.0617856949318362,"NS","No","Not_labeled"
"Selenof","5v0",1.35943290494091,0.307840010725854,"NS","No","Not_labeled"
"Selenoi","5v0",2.5368423812445,0.0817809748969299,"NS","No","Not_labeled"
"Selenop","5v0",-0.527649254902819,0.440600971310252,"NS","No","Not_labeled"
"Selenot","5v0",-0.480446632239405,0.190197299849197,"NS","No","Not_labeled"
"Selenow","5v0",2.17722536903659,0.174714112527665,"NS","No","Not_labeled"
"Sema3e","5v0",-0.0357879080259351,0.883044880256297,"NS","No","Not_labeled"
"Sema5a","5v0",-0.75675420411569,0.0287442152490265,"CLIP_Down","No","Not_labeled"
"Sema6b","5v0",-1.14452324347167,0.0491473894306749,"CLIP_Down","No","Not_labeled"
"Sema7a","5v0",-0.321742447593885,0.0126761182246292,"CLIP_Down","No","Not_labeled"
"Senp3","5v0",1.16094601434844,0.491729060464056,"NS","No","Not_labeled"
"Senp7","5v0",-0.303799089991498,0.610066330894929,"NS","No","Not_labeled"
"Septin11","5v0",2.20318092256463,0.0123545988838033,"CLIP_Up","No","Not_labeled"
"Septin3","5v0",-0.40986917312736,0.293034832648189,"NS","No","Not_labeled"
"Septin5","5v0",-0.944588109220957,0.0464883757891701,"CLIP_Down","Yes","Decreased"
"Septin6","5v0",-1.24665277334863,0.169076102131694,"NS","No","Not_labeled"
"Septin7","5v0",0.202433395206518,0.624302302793523,"NS","No","Not_labeled"
"Septin8","5v0",0.0594240547320082,0.934710026706783,"NS","No","Not_labeled"
"Serbp1","5v0",0.134543797874223,0.66195714616113,"NS","No","Not_labeled"
"Serinc1","5v0",-0.0702044438065861,0.873456893008719,"NS","No","Not_labeled"
"Serinc3","5v0",-0.420805007236604,0.124218190035027,"NS","No","Not_labeled"
"Serpine2","5v0",0.0781914618065034,0.936241826834886,"NS","No","Not_labeled"
"Serpini1","5v0",0.288574540263255,0.260843863318508,"NS","No","Not_labeled"
"Sertad2","5v0",0.867931243207924,0.445400398073199,"NS","No","Not_labeled"
"Sertm1","5v0",-0.0197239498788897,0.877571784874293,"NS","No","Not_labeled"
"Sesn1","5v0",1.08705286696041,0.321490816091162,"NS","No","Not_labeled"
"Sesn3","5v0",0.907918904296675,0.41711196162922,"NS","No","Not_labeled"
"Sestd1","5v0",-0.0504803600309434,0.929156125122315,"NS","No","Not_labeled"
"Set","5v0",0.316501225440494,0.699942537839456,"NS","No","Not_labeled"
"Setbp1","5v0",0.663358246262275,0.00533240397119964,"CLIP_Up","Yes","Increased"
"Setd1a","5v0",-0.63095205003329,0.106188448769122,"NS","No","Not_labeled"
"Setd1b","5v0",-0.360456506786507,0.456254357317142,"NS","No","Not_labeled"
"Setd2","5v0",-0.459620521326409,0.232814331426859,"NS","No","Not_labeled"
"Setd3","5v0",-0.198220009245651,0.692560637865919,"NS","No","Not_labeled"
"Setd5","5v0",-0.958722821256797,0.0428784708662465,"CLIP_Down","Yes","Decreased"
"Setd7","5v0",0.0044419262525377,0.979355490583609,"NS","No","Not_labeled"
"Setdb1","5v0",-1.86269706699126,0.222463914232435,"NS","No","Not_labeled"
"Setdb2","5v0",1.44268377344549,0.257065333220893,"NS","No","Not_labeled"
"Setx","5v0",-0.200158141212272,0.410338463709047,"NS","No","Not_labeled"
"Sez6","5v0",1.26607209648894,0.371265702262857,"NS","No","Not_labeled"
"Sez6l","5v0",-0.224364159688805,0.606317963472865,"NS","No","Not_labeled"
"Sez6l2","5v0",-0.674536763616136,0.0629040383611466,"NS","No","Not_labeled"
"Sf1","5v0",-0.65245675761596,0.322571745701504,"NS","No","Not_labeled"
"Sf3a1","5v0",1.66062339999586,0.206441551606186,"NS","No","Not_labeled"
"Sf3b1","5v0",-0.484167941982415,0.0471138230214841,"CLIP_Down","No","Not_labeled"
"Sf3b2","5v0",-0.17867597806383,0.548008196824698,"NS","No","Not_labeled"
"Sf3b3","5v0",0.737304110159376,0.562766587584138,"NS","No","Not_labeled"
"Sfpq","5v0",0.0228936156872197,0.963143292489444,"NS","No","Not_labeled"
"Sgip1","5v0",-0.771623497918424,0.196663811480153,"NS","No","Not_labeled"
"Sgms1","5v0",0.88708315642748,0.177733283404778,"NS","No","Not_labeled"
"Sgpp1","5v0",1.71738004452288,0.161770639702884,"NS","No","Not_labeled"
"Sgsm1","5v0",-0.467526618326149,0.344844031460856,"NS","No","Not_labeled"
"Sgsm2","5v0",-0.211012137734995,0.588474626876885,"NS","No","Not_labeled"
"Sgtb","5v0",-0.827356567262655,0.26012917189704,"NS","No","Not_labeled"
"Sh2d5","5v0",3.47158217422622,0.080441216304618,"NS","No","Not_labeled"
"Sh3bgrl","5v0",2.02794727426975,0.0329181507777523,"CLIP_Up","No","Not_labeled"
"Sh3bp1","5v0",0.979767164653218,0.437698775152818,"NS","No","Not_labeled"
"Sh3bp4","5v0",1.65288098525071,0.0885140498185676,"NS","No","Not_labeled"
"Sh3bp5","5v0",1.71227996492725,0.135070885498564,"NS","No","Not_labeled"
"Sh3d19","5v0",1.58780904363957,0.138577495643024,"NS","No","Not_labeled"
"Sh3gl2","5v0",-0.0218627783442686,0.955893904203756,"NS","No","Not_labeled"
"Sh3glb1","5v0",0.380004401505253,0.378953670401058,"NS","No","Not_labeled"
"Sh3pxd2a","5v0",0.103322865727423,0.725274772931329,"NS","No","Not_labeled"
"Sh3rf1","5v0",-0.0869429722130455,0.825675474780745,"NS","No","Not_labeled"
"Shank1","5v0",-0.343384409982717,0.458096489245161,"NS","No","Not_labeled"
"Shank2","5v0",-0.216641080966693,0.405373927724995,"NS","No","Not_labeled"
"Shank3","5v0",-0.0769229416819153,0.792959717653791,"NS","No","Not_labeled"
"Shc2","5v0",1.61750010124551,0.160248638663301,"NS","No","Not_labeled"
"Shc3","5v0",-0.72605454202425,0.0332322324665539,"CLIP_Down","Yes","Decreased"
"Shisa6","5v0",-0.201176824100489,0.432132376834032,"NS","No","Not_labeled"
"Shisa7","5v0",-0.020274690690254,0.962482685639102,"NS","No","Not_labeled"
"Shisa9","5v0",-0.0061691608437564,0.987915690550647,"NS","No","Not_labeled"
"Shoc2","5v0",0.270657298311379,0.346347719450874,"NS","No","Not_labeled"
"Shprh","5v0",-0.182409925217457,0.658272071441904,"NS","No","Not_labeled"
"Shroom2","5v0",0.104204309545568,0.924425151554786,"NS","No","Not_labeled"
"Shtn1","5v0",-0.275026565811027,0.545905469172539,"NS","No","Not_labeled"
"Sidt1","5v0",1.41641822953501,0.306229835409696,"NS","No","Not_labeled"
"Sidt2","5v0",1.77443080900652,0.272269312906542,"NS","No","Not_labeled"
"Sik3","5v0",0.248935303536225,0.572826771772665,"NS","No","Not_labeled"
"Sike1","5v0",2.79859010518669,0.165901624486753,"NS","No","Not_labeled"
"Simc1","5v0",-0.751724622871008,0.566629361441588,"NS","No","Not_labeled"
"Sin3b","5v0",1.28520170809708,0.283405535174575,"NS","No","Not_labeled"
"Sipa1l1","5v0",-0.279114168377541,0.433131607516782,"NS","No","Not_labeled"
"Sipa1l2","5v0",-0.365469446551585,0.124693462445763,"NS","No","Not_labeled"
"Sipa1l3","5v0",0.0259622914048308,0.902710430376011,"NS","No","Not_labeled"
"Ski","5v0",-0.113614155778399,0.607177293860865,"NS","No","Not_labeled"
"Skil","5v0",0.429482685793131,0.377736883935838,"NS","No","Not_labeled"
"Skp1","5v0",-2.60112436660646,0.201090904506824,"NS","No","Not_labeled"
"Slain1","5v0",-0.390397855191966,0.241116425178353,"NS","No","Not_labeled"
"Slain2","5v0",1.63029790881943,0.133076600600485,"NS","No","Not_labeled"
"Slc12a2","5v0",0.578067413580762,0.153298659825048,"NS","No","Not_labeled"
"Slc12a5","5v0",-0.751328452680291,0.0863925193825475,"NS","No","Not_labeled"
"Slc12a6","5v0",-0.435928936564555,0.297085677924413,"NS","No","Not_labeled"
"Slc16a7","5v0",-1.4062066197499,0.227465034831826,"NS","No","Not_labeled"
"Slc17a5","5v0",1.62313288697862,0.246007637175986,"NS","No","Not_labeled"
"Slc17a7","5v0",-0.524221130587113,0.157736231149119,"NS","No","Not_labeled"
"Slc19a2","5v0",2.99671849669823,0.118770144978605,"NS","No","Not_labeled"
"Slc1a1","5v0",-0.764646301594321,0.26501593848615,"NS","No","Not_labeled"
"Slc1a2","5v0",0.189430162950467,0.588727681626932,"NS","No","Not_labeled"
"Slc1a3","5v0",0.118682784575508,0.888427345699135,"NS","No","Not_labeled"
"Slc20a1","5v0",2.51912975736589,0.0657356875740104,"NS","No","Not_labeled"
"Slc20a2","5v0",0.125622634992485,0.87620569976249,"NS","No","Not_labeled"
"Slc22a17","5v0",-0.715931969218186,0.0312785290982607,"CLIP_Down","No","Not_labeled"
"Slc22a23","5v0",-0.92119235804815,0.214391062721073,"NS","No","Not_labeled"
"Slc23a2","5v0",0.731294626299751,0.442105989534322,"NS","No","Not_labeled"
"Slc24a2","5v0",-0.250107656920928,0.198606464847224,"NS","No","Not_labeled"
"Slc24a3","5v0",0.240261665979637,0.466718179068502,"NS","No","Not_labeled"
"Slc25a11","5v0",-2.00596617470756,0.339798281616511,"NS","No","Not_labeled"
"Slc25a12","5v0",-0.159066194178034,0.658042637894152,"NS","No","Not_labeled"
"Slc25a16","5v0",1.544427020879,0.139297965535267,"NS","No","Not_labeled"
"Slc25a23","5v0",-0.38888657222039,0.213185412678702,"NS","No","Not_labeled"
"Slc25a26","5v0",1.68816908325259,0.0164108781533657,"CLIP_Up","No","Not_labeled"
"Slc25a4","5v0",0.0669287159944689,0.848268252048122,"NS","No","Not_labeled"
"Slc25a44","5v0",1.8004588623632,0.273394337308501,"NS","No","Not_labeled"
"Slc25a46","5v0",1.34166942234479,0.353469277834024,"NS","No","Not_labeled"
"Slc25a5","5v0",-0.469433968226137,0.336233408912678,"NS","No","Not_labeled"
"Slc25a51","5v0",0.110167581904676,0.774831940687287,"NS","No","Not_labeled"
"Slc27a4","5v0",0.0843940181799372,0.876054154774592,"NS","No","Not_labeled"
"Slc2a13","5v0",0.505639682257972,0.208671190898776,"NS","No","Not_labeled"
"Slc2a3","5v0",-1.78646858689766,0.137853780929003,"NS","No","Not_labeled"
"Slc30a4","5v0",0.446534562911371,0.378373529473192,"NS","No","Not_labeled"
"Slc30a9","5v0",0.566479003329156,0.0362727358253087,"CLIP_Up","No","Not_labeled"
"Slc33a1","5v0",0.0200772834265845,0.973701460934234,"NS","No","Not_labeled"
"Slc35a5","5v0",1.59048395974266,0.247645298139624,"NS","No","Not_labeled"
"Slc35b1","5v0",-2.99758850010895,0.17536662029102,"NS","No","Not_labeled"
"Slc35e1","5v0",-0.485397281779874,0.247197485293505,"NS","No","Not_labeled"
"Slc35e2","5v0",-0.239556742374939,0.552851823865307,"NS","No","Not_labeled"
"Slc35f3","5v0",0.0617188597243579,0.952282655329939,"NS","No","Not_labeled"
"Slc36a1","5v0",0.21294918492419,0.797091143044986,"NS","No","Not_labeled"
"Slc38a1","5v0",-0.145915272893139,0.757235564291505,"NS","No","Not_labeled"
"Slc38a10","5v0",-0.851960900397311,0.108182801183122,"NS","No","Not_labeled"
"Slc38a2","5v0",0.407562846803563,0.499596049638638,"NS","No","Not_labeled"
"Slc39a10","5v0",0.0249977125591885,0.950498584378987,"NS","No","Not_labeled"
"Slc39a12","5v0",1.19682078164815,0.231843050085343,"NS","No","Not_labeled"
"Slc39a6","5v0",-1.24679809425742,0.388924762929019,"NS","No","Not_labeled"
"Slc3a2","5v0",4.03367462196272,0.0177824965087965,"CLIP_Up","No","Not_labeled"
"Slc41a1","5v0",0.325912595428755,0.328008291858453,"NS","No","Not_labeled"
"Slc44a1","5v0",-0.538549483211903,0.209020931113059,"NS","No","Not_labeled"
"Slc45a1","5v0",-4.11980387914585,0.0135374223619684,"CLIP_Down","No","Not_labeled"
"Slc45a4","5v0",-0.843434864299017,0.0989581340868195,"NS","No","Not_labeled"
"Slc4a10","5v0",-0.15461834431641,0.640048330004903,"NS","No","Not_labeled"
"Slc4a4","5v0",0.0541062613526186,0.844991344259328,"NS","No","Not_labeled"
"Slc4a7","5v0",1.04398597898524,0.209956000177487,"NS","No","Not_labeled"
"Slc4a8","5v0",-0.178104191404898,0.462719748436703,"NS","No","Not_labeled"
"Slc5a3","5v0",0.0282313528915221,0.955111461637719,"NS","No","Not_labeled"
"Slc6a1","5v0",1.59088764645453,0.191039596575411,"NS","No","Not_labeled"
"Slc6a15","5v0",-0.655992085546711,0.221318505942799,"NS","No","Not_labeled"
"Slc6a17","5v0",-0.438634727760359,0.401343078216621,"NS","No","Not_labeled"
"Slc6a6","5v0",1.20694256181928,0.178274382893764,"NS","No","Not_labeled"
"Slc6a8","5v0",2.00734862886101,0.311247695072596,"NS","No","Not_labeled"
"Slc7a10","5v0",-0.371335064846454,0.589960494568535,"NS","No","Not_labeled"
"Slc7a11","5v0",0.213843036879128,0.520756296438947,"NS","No","Not_labeled"
"Slc7a14","5v0",-1.00535702765776,0.027193105940623,"CLIP_Down","No","Not_labeled"
"Slc8a1","5v0",-0.283253984901119,0.279978267683646,"NS","No","Not_labeled"
"Slc8a2","5v0",-0.620532528703956,0.145452408162635,"NS","No","Not_labeled"
"Slc9a1","5v0",0.148980630842616,0.758521355356721,"NS","No","Not_labeled"
"Slc9a6","5v0",0.555835703244628,0.689335337331738,"NS","No","Not_labeled"
"Slf1","5v0",-0.392411711522795,0.665045789337024,"NS","No","Not_labeled"
"Slf2","5v0",1.50449542606138,0.198958651412558,"NS","No","Not_labeled"
"Slit1","5v0",-0.458026315778942,0.323064138211943,"NS","No","Not_labeled"
"Slit3","5v0",-0.508244795243263,0.27719958093625,"NS","No","Not_labeled"
"Slitrk1","5v0",0.517894676601198,0.212114614485135,"NS","No","Not_labeled"
"Slitrk2","5v0",-0.647668999286643,0.0369838581530467,"CLIP_Down","No","Not_labeled"
"Slitrk3","5v0",0.58044272599379,0.0591171661403088,"NS","No","Not_labeled"
"Slitrk4","5v0",-1.23830491478391,0.0356859498651062,"CLIP_Down","No","Not_labeled"
"Slitrk5","5v0",0.0603347976203583,0.863339909885699,"NS","No","Not_labeled"
"Slk","5v0",-0.255345006110037,0.391169518754042,"NS","No","Not_labeled"
"Slmap","5v0",1.76938226042435,0.0659808918811279,"NS","No","Not_labeled"
"Slu7","5v0",1.66788936671077,0.272715994368555,"NS","No","Not_labeled"
"Slx4","5v0",0.8635672211058,0.533918692954077,"NS","No","Not_labeled"
"Smad3","5v0",-0.333036825806352,0.679338167573698,"NS","No","Not_labeled"
"Smad4","5v0",0.481279888274223,0.19122826675285,"NS","No","Not_labeled"
"Smad5","5v0",-3.07684785284056,0.0831984368862716,"NS","No","Not_labeled"
"Smad7","5v0",1.8285457313592,0.172703407051936,"NS","No","Not_labeled"
"Smap2","5v0",0.60590306895486,0.586464665614064,"NS","No","Not_labeled"
"Smarca1","5v0",1.52209325312907,0.222683726363084,"NS","No","Not_labeled"
"Smarca2","5v0",-1.09712730258677,0.156304486485239,"NS","No","Not_labeled"
"Smarca4","5v0",0.0883556940751964,0.796791487168258,"NS","No","Not_labeled"
"Smarca5","5v0",-0.100019668394643,0.827419028422241,"NS","No","Not_labeled"
"Smarcad1","5v0",-0.0403513286896846,0.958313929369838,"NS","No","Not_labeled"
"Smarcc1","5v0",-0.175251001005102,0.753885977747594,"NS","No","Not_labeled"
"Smarcc2","5v0",0.0101421237006685,0.96497265335772,"NS","No","Not_labeled"
"Smarcd1","5v0",-1.09404651247406,0.0645340341038583,"NS","No","Not_labeled"
"Smc1a","5v0",0.783221497065409,0.241440773153769,"NS","No","Not_labeled"
"Smc2","5v0",-2.30345241259273,0.0302445041831791,"CLIP_Down","No","Not_labeled"
"Smc3","5v0",-0.268983732890164,0.257538902283057,"NS","No","Not_labeled"
"Smc4","5v0",-1.6063175627136,0.293264430833216,"NS","No","Not_labeled"
"Smc6","5v0",1.48243891271306,0.214066955040997,"NS","No","Not_labeled"
"Smchd1","5v0",0.572483448579486,0.190043788309099,"NS","No","Not_labeled"
"Smcr8","5v0",-0.176478832176895,0.530235939452097,"NS","No","Not_labeled"
"Smg1","5v0",-0.148200807379496,0.453981461047415,"NS","No","Not_labeled"
"Smg6","5v0",0.0810474311278753,0.833938918666875,"NS","No","Not_labeled"
"Smg7","5v0",-0.727071339273134,0.0230462369334414,"CLIP_Down","No","Not_labeled"
"Smim10l1","5v0",0.672567217420555,0.0361840676666353,"CLIP_Up","No","Not_labeled"
"Smim13","5v0",0.546673792176637,0.23958530394917,"NS","No","Not_labeled"
"Smpd1","5v0",3.96868817444884,0.079705640322253,"NS","No","Not_labeled"
"Smpd3","5v0",0.876832607863942,0.408486233981197,"NS","No","Not_labeled"
"Sms","5v0",0.863113899753282,0.476328908236903,"NS","No","Not_labeled"
"Smurf1","5v0",-1.18790154664172,0.0667406071341036,"NS","No","Not_labeled"
"Smurf2","5v0",-0.0342506423101097,0.930390240172759,"NS","No","Not_labeled"
"Snap25","5v0",0.026043290683982,0.892108103721074,"NS","No","Not_labeled"
"Snap91","5v0",0.137479487671305,0.327868085994047,"NS","No","Not_labeled"
"Snapc4","5v0",-1.43300272079022,0.29802201935233,"NS","No","Not_labeled"
"Snca","5v0",0.815127737261354,0.00306629120837424,"CLIP_Up","No","Not_labeled"
"Snd1","5v0",0.316967270583033,0.463210500979846,"NS","No","Not_labeled"
"Snhg11","5v0",0.320791087779994,0.640135689404008,"NS","No","Not_labeled"
"Snn","5v0",-0.0224608941004707,0.945563732254303,"NS","No","Not_labeled"
"Snph","5v0",-0.2948888057619,0.339490944855417,"NS","No","Not_labeled"
"Snrk","5v0",-0.253621150521627,0.540881272083618,"NS","No","Not_labeled"
"Snrnp200","5v0",-0.420595342661745,0.276622513894806,"NS","No","Not_labeled"
"Snrnp27","5v0",4.25911278737985,0.0142012189692855,"CLIP_Up","No","Not_labeled"
"Snrpn","5v0",0.0596436140948524,0.80599502156915,"NS","No","Not_labeled"
"Snta1","5v0",0.682243247432898,0.508541087724982,"NS","No","Not_labeled"
"Snx1","5v0",1.71025970590373,0.172695340442023,"NS","No","Not_labeled"
"Snx10","5v0",-0.122572241295938,0.841505485312851,"NS","No","Not_labeled"
"Snx12","5v0",1.72621762940213,0.0152959337200368,"CLIP_Up","No","Not_labeled"
"Snx13","5v0",0.0817028346829893,0.764351614739576,"NS","No","Not_labeled"
"Snx18","5v0",1.66521523534264,0.244599509974246,"NS","No","Not_labeled"
"Snx19","5v0",-1.3406174909283,0.0508147096837167,"NS","No","Not_labeled"
"Snx25","5v0",1.75937111874772,0.102292326209473,"NS","No","Not_labeled"
"Snx27","5v0",0.333984193435511,0.544318026896791,"NS","No","Not_labeled"
"Snx30","5v0",0.840193727027483,0.340396186869788,"NS","No","Not_labeled"
"Snx5","5v0",0.321757407771202,0.536281426425295,"NS","No","Not_labeled"
"Snx7","5v0",3.19897092906735,0.00024560495763667,"CLIP_Up","No","Not_labeled"
"Soat1","5v0",0.634025801782083,0.565007153387817,"NS","No","Not_labeled"
"Sobp","5v0",-0.216046258136253,0.661610752896537,"NS","No","Not_labeled"
"Socs3","5v0",3.92959777043112,0.119107780772094,"NS","No","Not_labeled"
"Socs5","5v0",0.490105350584513,0.267241541225901,"NS","No","Not_labeled"
"Socs7","5v0",-0.142438382229793,0.814626515726081,"NS","No","Not_labeled"
"Sod2","5v0",0.0551937145816477,0.856663828984964,"NS","No","Not_labeled"
"Soga1","5v0",-0.145368538322789,0.858297913007043,"NS","No","Not_labeled"
"Soga3","5v0",0.0189914622020175,0.969102534762986,"NS","No","Not_labeled"
"Son","5v0",-1.15667349680386,0.0409626920765682,"CLIP_Down","No","Not_labeled"
"Sorbs1","5v0",0.287333109744749,0.551054574413499,"NS","No","Not_labeled"
"Sorl1","5v0",-0.285499443553059,0.234064226384728,"NS","No","Not_labeled"
"Sort1","5v0",-0.0277148500374413,0.901055807576282,"NS","No","Not_labeled"
"Sos1","5v0",0.75664460358625,0.0296937089678824,"CLIP_Up","No","Not_labeled"
"Sos2","5v0",1.76551297608093,0.252846953244893,"NS","No","Not_labeled"
"Sowaha","5v0",-0.076032603373462,0.836360768765187,"NS","No","Not_labeled"
"Sowahc","5v0",0.381832422272405,0.276089701320379,"NS","No","Not_labeled"
"Sox11","5v0",1.63973897761475,0.358646976727267,"NS","No","Not_labeled"
"Sox12","5v0",-3.86584278468927,0.0751215009877734,"NS","No","Not_labeled"
"Sox6","5v0",0.653569497715542,0.45401735541242,"NS","No","Not_labeled"
"Sox9","5v0",1.81780948752798,0.381563474050172,"NS","No","Not_labeled"
"Sp2","5v0",-3.51349314543322,0.0697609619189006,"NS","No","Not_labeled"
"Sp3","5v0",-0.161709764175969,0.572238594811816,"NS","No","Not_labeled"
"Sparc","5v0",-0.367146374434443,0.368094009190291,"NS","No","Not_labeled"
"Sparcl1","5v0",-0.0510050573928273,0.845090220567263,"NS","No","Not_labeled"
"Spart","5v0",1.06546465205809,0.491319165948062,"NS","No","Not_labeled"
"Spast","5v0",0.135184330576057,0.70481595834455,"NS","No","Not_labeled"
"Spata13","5v0",0.158852848072181,0.701602910784295,"NS","No","Not_labeled"
"Spata2","5v0",-0.984757806012734,0.14656394030452,"NS","No","Not_labeled"
"Spata2l","5v0",0.475031262282003,0.502750606967074,"NS","No","Not_labeled"
"Specc1","5v0",-0.374365587412702,0.210589523398081,"NS","No","Not_labeled"
"Specc1l","5v0",0.318990286660013,0.0907458814883198,"NS","No","Not_labeled"
"Speg","5v0",-0.00829077526131083,0.975713125024816,"NS","No","Not_labeled"
"Spen","5v0",-0.126138287279371,0.619506117916994,"NS","No","Not_labeled"
"Spg11","5v0",-0.132433970632009,0.806280075316745,"NS","No","Not_labeled"
"Sphkap","5v0",-0.586047377270166,0.111626708420929,"NS","No","Not_labeled"
"Spin1","5v0",-0.631843165555294,0.166172905078964,"NS","No","Not_labeled"
"Spire1","5v0",-0.209906216309165,0.429023655483059,"NS","No","Not_labeled"
"Spns2","5v0",-2.04053079107064,0.0170793079023599,"CLIP_Down","No","Not_labeled"
"Spock1","5v0",-1.35500402899051,0.0385490134934052,"CLIP_Down","No","Not_labeled"
"Spock2","5v0",0.0784427940894123,0.893604633045787,"NS","No","Not_labeled"
"Spock3","5v0",-2.35905030362498,0.0244395417575023,"CLIP_Down","No","Not_labeled"
"Spop","5v0",0.657079532848212,0.0771855869924906,"NS","No","Not_labeled"
"Spopl","5v0",1.44656216389316,0.175115974163031,"NS","No","Not_labeled"
"Sppl2a","5v0",0.0882453752757497,0.880040690840763,"NS","No","Not_labeled"
"Sppl3","5v0",-0.510536438284468,0.141309423814348,"NS","No","Not_labeled"
"Spred1","5v0",0.396140738657308,0.237733951794888,"NS","No","Not_labeled"
"Spred2","5v0",-0.301960001890906,0.345472476161206,"NS","No","Not_labeled"
"Sprn","5v0",0.138282302529777,0.641933151552416,"NS","No","Not_labeled"
"Spryd7","5v0",0.236134233011013,0.646532629553903,"NS","No","Not_labeled"
"Sptan1","5v0",-0.288713380413573,0.65138692277378,"NS","No","Not_labeled"
"Sptb","5v0",0.0252285573638651,0.947725580253531,"NS","No","Not_labeled"
"Sptbn1","5v0",-0.0457331314570499,0.717493490551468,"NS","No","Not_labeled"
"Sptbn2","5v0",-0.276664461280477,0.327769395459824,"NS","No","Not_labeled"
"Sptbn4","5v0",-0.243867578417328,0.752686426803574,"NS","No","Not_labeled"
"Spty2d1","5v0",1.76135415338996,0.236976837133563,"NS","No","Not_labeled"
"Sqle","5v0",-2.0213552911212,0.239274150115429,"NS","No","Not_labeled"
"Sqstm1","5v0",-0.664057201763141,0.123552012517985,"NS","No","Not_labeled"
"Src","5v0",0.104027240925785,0.685935828733686,"NS","No","Not_labeled"
"Srcap","5v0",0.391826756757315,0.466760666946771,"NS","No","Not_labeled"
"Srcin1","5v0",-0.0167113265791476,0.955826547247909,"NS","No","Not_labeled"
"Srebf1","5v0",2.72940786776046,0.113632263115594,"NS","No","Not_labeled"
"Srebf2","5v0",0.216223798363345,0.3207080626876,"NS","No","Not_labeled"
"Srf","5v0",0.0884397221496052,0.80188051654567,"NS","No","Not_labeled"
"Srgap1","5v0",0.579490541293604,0.283178062928083,"NS","No","Not_labeled"
"Srgap2","5v0",2.17652761403395,0.0473248421996442,"CLIP_Up","No","Not_labeled"
"Srgap3","5v0",-0.0748711139461342,0.676920335275376,"NS","No","Not_labeled"
"Sri","5v0",0.583818920805423,0.315506364370944,"NS","No","Not_labeled"
"Srl","5v0",-2.216662079304,0.0717392612827198,"NS","No","Not_labeled"
"Srp54c","5v0",-0.16278517914186,0.760926656465794,"NS","No","Not_labeled"
"Srp68","5v0",-2.0031491466636,0.165773281386794,"NS","No","Not_labeled"
"Srp72","5v0",-0.739401935957858,0.259879854447024,"NS","No","Not_labeled"
"Srpk1","5v0",-2.60586862931065,0.065370180812568,"NS","No","Not_labeled"
"Srpk2","5v0",0.0613028036727188,0.833559265219344,"NS","No","Not_labeled"
"Srr","5v0",3.29906618715616,0.0252489080289101,"CLIP_Up","No","Not_labeled"
"Srrm2","5v0",-0.0197918304558913,0.915377183253438,"NS","No","Not_labeled"
"Srrm3","5v0",-0.205168602715181,0.747607590229105,"NS","No","Not_labeled"
"Srrm4","5v0",0.377992239648276,0.620538623948947,"NS","No","Not_labeled"
"Srsf1","5v0",2.47107029742182,0.218387751202134,"NS","No","Not_labeled"
"Srsf10","5v0",1.85822739280904,0.280651096377471,"NS","No","Not_labeled"
"Ss18","5v0",3.06879081054037,0.0644377634649972,"NS","No","Not_labeled"
"Ss18l1","5v0",1.0974585680515,0.388497335161848,"NS","No","Not_labeled"
"Ssb","5v0",2.25480522514978,0.226177515640072,"NS","No","Not_labeled"
"Ssh1","5v0",0.986656248783782,0.456204514840015,"NS","No","Not_labeled"
"Ssh2","5v0",-0.660611689473115,0.27081409305681,"NS","No","Not_labeled"
"Ssr1","5v0",-0.380882860380193,0.468735475373726,"NS","No","Not_labeled"
"Ssr3","5v0",-0.396088365855077,0.529373113146033,"NS","No","Not_labeled"
"Ssx2ip","5v0",-0.487632217626508,0.446437459397041,"NS","No","Not_labeled"
"St13","5v0",1.20320354810574,0.382728105266618,"NS","No","Not_labeled"
"St3gal2","5v0",-0.941699692248764,0.086997311915572,"NS","No","Not_labeled"
"St3gal5","5v0",-0.75698759323415,0.143411332032963,"NS","No","Not_labeled"
"St6gal2","5v0",-0.889323401727963,0.140160611720203,"NS","No","Not_labeled"
"St6galnac5","5v0",-0.0498873306296695,0.942994854231733,"NS","No","Not_labeled"
"St8sia1","5v0",0.14021869032302,0.821699484102189,"NS","No","Not_labeled"
"St8sia3","5v0",-0.258864707110905,0.3484717845876,"NS","No","Not_labeled"
"St8sia4","5v0",1.2805757806625,0.134372174990672,"NS","No","Not_labeled"
"St8sia5","5v0",0.297252912417064,0.47839535467211,"NS","No","Not_labeled"
"Stag1","5v0",0.632977791703009,0.321982934531202,"NS","No","Not_labeled"
"Stag2","5v0",0.359544948534369,0.430901217836305,"NS","No","Not_labeled"
"Stam","5v0",-0.256080325981737,0.477491948646471,"NS","No","Not_labeled"
"Stambp","5v0",2.21418468403539,0.0753529737208061,"NS","No","Not_labeled"
"Stat3","5v0",0.784407311084396,0.544192562343053,"NS","No","Not_labeled"
"Stat5b","5v0",-0.020638036298311,0.973327599192921,"NS","No","Not_labeled"
"Stim2","5v0",0.252084987379996,0.159879099579857,"NS","No","Not_labeled"
"Stip1","5v0",1.57773930901438,0.285663001030396,"NS","No","Not_labeled"
"Stk11","5v0",-0.0204992621607465,0.960135759210274,"NS","No","Not_labeled"
"Stk16","5v0",-0.743564183160737,0.305118606454414,"NS","No","Not_labeled"
"Stk3","5v0",-0.1898195683168,0.767473236441062,"NS","No","Not_labeled"
"Stk32c","5v0",0.285053399696582,0.797832011902637,"NS","No","Not_labeled"
"Stk39","5v0",-0.18931717635169,0.658842811155883,"NS","No","Not_labeled"
"Stk4","5v0",0.851569528946312,0.447950282455039,"NS","No","Not_labeled"
"Stk40","5v0",-1.32358623831951,0.0212424992643593,"CLIP_Down","No","Not_labeled"
"Stmn2","5v0",-1.23724226984214,0.0249114139834631,"CLIP_Down","No","Not_labeled"
"Ston2","5v0",0.46899908261514,0.634788432024748,"NS","No","Not_labeled"
"Stox2","5v0",0.246548698769563,0.335600058628334,"NS","No","Not_labeled"
"Strap","5v0",-0.736992653568964,0.184659632489175,"NS","No","Not_labeled"
"Strbp","5v0",-0.495296470125391,0.0836393477378792,"NS","No","Not_labeled"
"Strip1","5v0",2.65816847404227,0.0665393823844944,"NS","No","Not_labeled"
"Strip2","5v0",-1.03779198122879,0.0458100126425885,"CLIP_Down","No","Not_labeled"
"Strn","5v0",0.127527164206685,0.647468342103758,"NS","No","Not_labeled"
"Strn3","5v0",-0.0830945195523425,0.840950737967443,"NS","No","Not_labeled"
"Strn4","5v0",-0.14876580371108,0.735309874470105,"NS","No","Not_labeled"
"Stt3b","5v0",0.700300746684811,0.0514609521252221,"NS","No","Not_labeled"
"Stum","5v0",-0.21962341355628,0.352532150807345,"NS","No","Not_labeled"
"Stx12","5v0",1.5641170341618,0.155601437974691,"NS","No","Not_labeled"
"Stx16","5v0",0.754561779090788,0.595499499201595,"NS","No","Not_labeled"
"Stx1b","5v0",-0.0128072408019242,0.981660201106645,"NS","No","Not_labeled"
"Stx2","5v0",1.97698088747205,0.137849142531279,"NS","No","Not_labeled"
"Stxbp1","5v0",-0.584192821207348,0.0246667088681886,"CLIP_Down","Yes","Decreased"
"Stxbp3","5v0",2.0185876921317,0.081162634170069,"NS","No","Not_labeled"
"Stxbp5","5v0",-0.434301533121007,0.287910302236103,"NS","No","Not_labeled"
"Stxbp5l","5v0",0.265126102521325,0.650137227371518,"NS","No","Not_labeled"
"Sub1","5v0",2.03310059707104,0.20651812381716,"NS","No","Not_labeled"
"Sucla2","5v0",-0.129115338616201,0.714570065324524,"NS","No","Not_labeled"
"Suds3","5v0",0.693276291331564,0.64636838908328,"NS","No","Not_labeled"
"Sugp2","5v0",-1.86967922932262,0.305753760199532,"NS","No","Not_labeled"
"Sulf2","5v0",-0.470297971218228,0.185651963257317,"NS","No","Not_labeled"
"Sun1","5v0",0.831093514342271,0.485605795053452,"NS","No","Not_labeled"
"Supt16","5v0",-0.578808527614441,0.108400258063962,"NS","No","Not_labeled"
"Supt5","5v0",0.436690276459879,0.276417264803787,"NS","No","Not_labeled"
"Supt6","5v0",0.130857468833835,0.440907038901365,"NS","No","Not_labeled"
"Supv3l1","5v0",-4.580159613959,0.0115238939310977,"CLIP_Down","No","Not_labeled"
"Susd4","5v0",-0.055467480878286,0.810141105149855,"NS","No","Not_labeled"
"Susd6","5v0",0.761870951038222,0.309750843093329,"NS","No","Not_labeled"
"Suz12","5v0",0.369625041912435,0.312365469200058,"NS","No","Not_labeled"
"Sv2a","5v0",-0.753160973724786,0.106671346076988,"NS","No","Not_labeled"
"Sv2b","5v0",-0.0910661588396091,0.656996395925733,"NS","No","Not_labeled"
"Svip","5v0",1.76424532194685,0.33097406236531,"NS","No","Not_labeled"
"Sybu","5v0",0.450089417755359,0.6757756024226,"NS","No","Not_labeled"
"Sympk","5v0",-0.929265518945945,0.0152316788307544,"CLIP_Down","No","Not_labeled"
"Syn1","5v0",-0.111118256716233,0.446320559051979,"NS","No","Not_labeled"
"Syn2","5v0",0.310552031591103,0.0725908192185421,"NS","No","Not_labeled"
"Syncrip","5v0",-1.30816014145666,0.418688296682866,"NS","No","Not_labeled"
"Syne1","5v0",-0.173305004693868,0.299608712034997,"NS","No","Not_labeled"
"Syne2","5v0",0.480148267368567,0.219594415942716,"NS","No","Not_labeled"
"Syngap1","5v0",-0.404073737527989,0.286570289810705,"NS","No","Not_labeled"
"Syngr1","5v0",-0.821051325383887,0.00206311332669214,"CLIP_Down","No","Not_labeled"
"Synj1","5v0",-0.175729324276236,0.515006912022007,"NS","No","Not_labeled"
"Synj2","5v0",-0.14054397259557,0.804316941007656,"NS","No","Not_labeled"
"Synj2bp","5v0",2.68900539955347,0.0574627261028019,"NS","No","Not_labeled"
"Synm","5v0",0.189290473748016,0.653792986836908,"NS","No","Not_labeled"
"Synpo","5v0",-0.702165067735988,0.173379207637534,"NS","No","Not_labeled"
"Synpo2","5v0",2.13687534843919,0.0433758303164259,"CLIP_Up","No","Not_labeled"
"Synpr","5v0",-0.605493559864705,0.535993446900646,"NS","No","Not_labeled"
"Synrg","5v0",-0.127405843004415,0.722055891528322,"NS","No","Not_labeled"
"Syp","5v0",0.0973786178605793,0.76265710382275,"NS","No","Not_labeled"
"Syt1","5v0",-0.433773095427256,0.0368605054292267,"CLIP_Down","Yes","Decreased"
"Syt11","5v0",0.0348970010293383,0.906641917773396,"NS","No","Not_labeled"
"Syt13","5v0",-0.548625827796885,0.435696419064727,"NS","No","Not_labeled"
"Syt14","5v0",0.458798376767036,0.489606680893303,"NS","No","Not_labeled"
"Syt16","5v0",0.412199929782213,0.28587150799037,"NS","No","Not_labeled"
"Syt4","5v0",0.187979396306361,0.607887753375179,"NS","No","Not_labeled"
"Syt7","5v0",-0.0748491752546325,0.497617115840642,"NS","No","Not_labeled"
"Tab2","5v0",0.99926995830887,0.0338565619504373,"CLIP_Up","No","Not_labeled"
"Tab3","5v0",1.65724898536611,0.121696143576404,"NS","No","Not_labeled"
"Tacc1","5v0",0.275580507877842,0.485451483242344,"NS","No","Not_labeled"
"Tacc2","5v0",-1.5113058974348,0.226452517085314,"NS","No","Not_labeled"
"Tada2b","5v0",1.57972757601437,0.319664551547689,"NS","No","Not_labeled"
"Taf1","5v0",-0.283425326785949,0.563061540907961,"NS","No","Not_labeled"
"Taf2","5v0",0.787530589717022,0.036523729382062,"CLIP_Up","No","Not_labeled"
"Taf4","5v0",0.588083055880914,0.241488315376747,"NS","No","Not_labeled"
"Taf4b","5v0",0.221042745867677,0.58711025462427,"NS","No","Not_labeled"
"Taf5l","5v0",-3.27521190985399,0.0466262323017176,"CLIP_Down","No","Not_labeled"
"Taf9b","5v0",1.86963633067661,0.179172847273836,"NS","No","Not_labeled"
"Tafa1","5v0",-0.047423637172002,0.94005365988612,"NS","No","Not_labeled"
"Tafa2","5v0",-0.688317686427065,0.18385987276654,"NS","No","Not_labeled"
"Tafa5","5v0",-0.215314852448415,0.558475762399184,"NS","No","Not_labeled"
"Tanc1","5v0",-0.0708844446777448,0.483998449295939,"NS","No","Not_labeled"
"Tanc2","5v0",-0.199283186889661,0.259884064971688,"NS","No","Not_labeled"
"Taok1","5v0",0.0681258032982113,0.762425368584462,"NS","No","Not_labeled"
"Taok2","5v0",-0.366603558628932,0.223119640339455,"NS","No","Not_labeled"
"Taok3","5v0",-1.39506613331397,0.168483468308946,"NS","No","Not_labeled"
"Tapt1","5v0",0.0147896509214327,0.973430035660002,"NS","No","Not_labeled"
"Tardbp","5v0",-1.71990736243979,0.33804592791072,"NS","No","Not_labeled"
"Tasor","5v0",0.967640761212431,0.0756134797105396,"NS","No","Not_labeled"
"Tasor2","5v0",1.77563198343877,0.244810760015204,"NS","No","Not_labeled"
"Tatdn2","5v0",-2.839204498904,0.0935811173421562,"NS","No","Not_labeled"
"Tax1bp1","5v0",0.657805898814193,0.0755641655740184,"NS","No","Not_labeled"
"Tbc1d15","5v0",0.517360939968751,0.363119464350874,"NS","No","Not_labeled"
"Tbc1d16","5v0",-0.62165035706992,0.2149086146281,"NS","No","Not_labeled"
"Tbc1d20","5v0",-0.2309676480652,0.476280199241865,"NS","No","Not_labeled"
"Tbc1d2b","5v0",1.37334498708957,0.0448944529072474,"CLIP_Up","No","Not_labeled"
"Tbc1d32","5v0",0.00152791685935316,0.997362615036272,"NS","No","Not_labeled"
"Tbc1d5","5v0",0.260173328069279,0.568078165263212,"NS","No","Not_labeled"
"Tbc1d8","5v0",0.556732195848399,0.55938863788735,"NS","No","Not_labeled"
"Tbc1d9","5v0",-0.226480244351215,0.607094690837103,"NS","No","Not_labeled"
"Tbc1d9b","5v0",-0.313654532423103,0.297870504638859,"NS","No","Not_labeled"
"Tbck","5v0",0.0351090097426707,0.953835203809879,"NS","No","Not_labeled"
"Tbk1","5v0",-0.782066869082596,0.539847190395771,"NS","No","Not_labeled"
"Tbl1x","5v0",0.569326304114844,0.519352216672235,"NS","No","Not_labeled"
"Tbl1xr1","5v0",0.0352579464409799,0.954878132946297,"NS","No","Not_labeled"
"Tbpl1","5v0",0.507397618448731,0.676376692140683,"NS","No","Not_labeled"
"Tbr1","5v0",1.92607126760715,0.286319383262365,"NS","No","Not_labeled"
"Tcaf1","5v0",-0.202578250224168,0.503693416912806,"NS","No","Not_labeled"
"Tcea1","5v0",-0.357503755649159,0.478246039033772,"NS","No","Not_labeled"
"Tceal3","5v0",0.0170028710197736,0.986225831689097,"NS","No","Not_labeled"
"Tcerg1","5v0",0.840309881413575,0.491344387873565,"NS","No","Not_labeled"
"Tcf20","5v0",-0.064501960887605,0.648949558468203,"NS","No","Not_labeled"
"Tcf25","5v0",0.0643427782088475,0.737566415272443,"NS","No","Not_labeled"
"Tcf4","5v0",-0.256211955973918,0.43354515256809,"NS","No","Not_labeled"
"Tcp1","5v0",0.210781357530532,0.501746422340997,"NS","No","Not_labeled"
"Tcp11l1","5v0",-1.32116451621461,0.363054777224455,"NS","No","Not_labeled"
"Tdg","5v0",-1.42044448382149,0.338568413377396,"NS","No","Not_labeled"
"Tdrd7","5v0",0.9274374295001,0.468086699543955,"NS","No","Not_labeled"
"Tdrkh","5v0",-0.992651373366547,0.0579983278777587,"NS","No","Not_labeled"
"Tead1","5v0",1.17433157132834,0.099698376411377,"NS","No","Not_labeled"
"Tecpr1","5v0",-1.49112901895816,0.0118251682329116,"CLIP_Down","No","Not_labeled"
"Tecpr2","5v0",-0.510095780618041,0.0347832910241614,"CLIP_Down","No","Not_labeled"
"Tef","5v0",-0.43708681047546,0.114683710372932,"NS","No","Not_labeled"
"Tenm1","5v0",-0.133434717974262,0.734098468049678,"NS","No","Not_labeled"
"Tenm2","5v0",-0.30105121874531,0.426564232086069,"NS","No","Not_labeled"
"Tenm3","5v0",-0.364834212879896,0.224455994359317,"NS","No","Not_labeled"
"Tenm4","5v0",-0.13835450320092,0.560879967398906,"NS","No","Not_labeled"
"Tent4a","5v0",0.741610886406041,0.0597815041656928,"NS","No","Not_labeled"
"Tent4b","5v0",-1.12054987123474,0.0251643260739556,"CLIP_Down","No","Not_labeled"
"Tesk1","5v0",-0.966707561950325,0.0235474613073296,"CLIP_Down","No","Not_labeled"
"Tet1","5v0",-0.722684139980025,0.522976337328272,"NS","No","Not_labeled"
"Tet3","5v0",0.399234672478417,0.323537042832692,"NS","No","Not_labeled"
"Tex10","5v0",1.01633849433291,0.45384001750079,"NS","No","Not_labeled"
"Tex2","5v0",0.0366370808260843,0.886045942007462,"NS","No","Not_labeled"
"Tfrc","5v0",-1.32846075375693,0.0666498373037012,"NS","No","Not_labeled"
"Tgfb2","5v0",-0.657555634991771,0.267548204408555,"NS","No","Not_labeled"
"Tgfbr1","5v0",1.00914914250113,0.245192451220594,"NS","No","Not_labeled"
"Tgfbrap1","5v0",-0.424961118542429,0.666642571934567,"NS","No","Not_labeled"
"Tgoln1","5v0",-0.0633991198741093,0.866237481039508,"NS","No","Not_labeled"
"Tgs1","5v0",1.35086360267632,0.151880165027076,"NS","No","Not_labeled"
"Thada","5v0",0.672404323300851,0.256706189075128,"NS","No","Not_labeled"
"Thap12","5v0",0.137442322518265,0.776554402741555,"NS","No","Not_labeled"
"Thbd","5v0",1.57612851031521,0.420976467791021,"NS","No","Not_labeled"
"Thnsl1","5v0",-1.67737155563089,0.406971471274344,"NS","No","Not_labeled"
"Thoc1","5v0",0.561565972022901,0.363349220491373,"NS","No","Not_labeled"
"Thoc2","5v0",-0.609483825407675,0.257680369565442,"NS","No","Not_labeled"
"Thra","5v0",0.156460416753601,0.579594486625582,"NS","No","Not_labeled"
"Thrap3","5v0",-0.831606066961665,0.0697287294467103,"NS","No","Not_labeled"
"Thrb","5v0",0.29066580229187,0.321549389560916,"NS","No","Not_labeled"
"Thsd4","5v0",1.30905683922468,0.0158129430233085,"CLIP_Up","No","Not_labeled"
"Thsd7a","5v0",0.353204904799524,0.691069518503995,"NS","No","Not_labeled"
"Thtpa","5v0",1.22122954699955,0.25694744145258,"NS","No","Not_labeled"
"Thy1","5v0",-0.430383153347756,0.23951761215991,"NS","No","Not_labeled"
"Tial1","5v0",1.85435893742475,0.142276284181583,"NS","No","Not_labeled"
"Tiam1","5v0",-0.271279624936356,0.342617310777373,"NS","No","Not_labeled"
"Tiam2","5v0",0.0297629048474387,0.970452131950723,"NS","No","Not_labeled"
"Timm17a","5v0",-0.440934525428898,0.468318592091553,"NS","No","Not_labeled"
"Timm29","5v0",2.61751046664241,0.128189715824743,"NS","No","Not_labeled"
"Tiparp","5v0",0.464358060795576,0.300480204178132,"NS","No","Not_labeled"
"Tjp1","5v0",0.103128990038279,0.727364212148648,"NS","No","Not_labeled"
"Tlcd3b","5v0",-3.24773790993229,0.0848329223138578,"NS","No","Not_labeled"
"Tlcd4","5v0",-0.287701892079153,0.55299991316925,"NS","No","Not_labeled"
"Tle1","5v0",1.39945376197232,0.244959932282923,"NS","No","Not_labeled"
"Tle4","5v0",0.323222108824593,0.128432162026713,"NS","No","Not_labeled"
"Tle5","5v0",0.429334090945148,0.398281778885452,"NS","No","Not_labeled"
"Tlk1","5v0",-0.444211348182724,0.275837479889358,"NS","No","Not_labeled"
"Tlk2","5v0",2.91482587229728,0.00463360706651429,"CLIP_Up","Yes","Increased"
"Tln1","5v0",1.78871144483564,0.262967786206308,"NS","No","Not_labeled"
"Tln2","5v0",-0.373715959919086,0.110657143805502,"NS","No","Not_labeled"
"Tlr3","5v0",2.14258489611979,0.214746974741782,"NS","No","Not_labeled"
"Tm9sf2","5v0",1.08360560401149,0.29952638323101,"NS","No","Not_labeled"
"Tm9sf3","5v0",0.363250402681516,0.148253790122735,"NS","No","Not_labeled"
"Tmbim6","5v0",1.55304164111126,0.264519065174002,"NS","No","Not_labeled"
"Tmcc1","5v0",-0.578516203660239,0.390583953405824,"NS","No","Not_labeled"
"Tmcc2","5v0",0.521559430409661,0.0815118688792598,"NS","No","Not_labeled"
"Tmcc3","5v0",0.872952115670589,0.256631740823978,"NS","No","Not_labeled"
"Tmed2","5v0",-0.2051629647301,0.765190416441439,"NS","No","Not_labeled"
"Tmed5","5v0",1.26273661813496,0.398431188879821,"NS","No","Not_labeled"
"Tmeff1","5v0",-0.0891329633027047,0.869300064103093,"NS","No","Not_labeled"
"Tmem106b","5v0",-0.535019218477304,0.247878574042236,"NS","No","Not_labeled"
"Tmem108","5v0",2.18020855165298,0.0255163534980438,"CLIP_Up","No","Not_labeled"
"Tmem127","5v0",-0.448159232628235,0.473531292015385,"NS","No","Not_labeled"
"Tmem131","5v0",-0.607031286853361,0.258202709726428,"NS","No","Not_labeled"
"Tmem132a","5v0",-0.0249303463071997,0.945109941973041,"NS","No","Not_labeled"
"Tmem132b","5v0",-0.260912329869138,0.282249329256382,"NS","No","Not_labeled"
"Tmem135","5v0",0.191673854255334,0.712925435849121,"NS","No","Not_labeled"
"Tmem151a","5v0",-0.207043500049454,0.702001023462342,"NS","No","Not_labeled"
"Tmem151b","5v0",-0.395518171763887,0.378295384839498,"NS","No","Not_labeled"
"Tmem167","5v0",1.22589810717955,0.124344215822275,"NS","No","Not_labeled"
"Tmem167b","5v0",1.66711213651111,0.357247262020984,"NS","No","Not_labeled"
"Tmem170b","5v0",0.168224419468412,0.70578839892333,"NS","No","Not_labeled"
"Tmem178","5v0",-0.0766768758726069,0.925535612255257,"NS","No","Not_labeled"
"Tmem178b","5v0",-0.0923449359058828,0.860151628758148,"NS","No","Not_labeled"
"Tmem183a","5v0",1.87527644972064,0.134616781898409,"NS","No","Not_labeled"
"Tmem184b","5v0",0.214809863805955,0.858685259666629,"NS","No","Not_labeled"
"Tmem184c","5v0",0.19255051414931,0.328520485573503,"NS","No","Not_labeled"
"Tmem200a","5v0",-0.983269031058823,0.0406916350214994,"CLIP_Down","No","Not_labeled"
"Tmem229a","5v0",1.99805730066356,0.388678891994224,"NS","No","Not_labeled"
"Tmem229b","5v0",-0.459739430224315,0.537112842303213,"NS","No","Not_labeled"
"Tmem245","5v0",0.513388227381909,0.0674351830653926,"NS","No","Not_labeled"
"Tmem248","5v0",2.79869993125161,0.0951691845887538,"NS","No","Not_labeled"
"Tmem259","5v0",-2.54290247903376,0.148965738250379,"NS","No","Not_labeled"
"Tmem30a","5v0",0.0386002850702347,0.87692878016596,"NS","No","Not_labeled"
"Tmem33","5v0",0.0496667398146782,0.935186303256782,"NS","No","Not_labeled"
"Tmem47","5v0",0.926270240580755,0.116462802023631,"NS","No","Not_labeled"
"Tmem59","5v0",1.13147623857832,0.369056473655641,"NS","No","Not_labeled"
"Tmem63b","5v0",-2.23762972750073,0.131779032289761,"NS","No","Not_labeled"
"Tmem68","5v0",0.399654070726194,0.73266415712394,"NS","No","Not_labeled"
"Tmem88b","5v0",-0.386525093020787,0.0287980988425155,"CLIP_Down","No","Not_labeled"
"Tmem8b","5v0",-0.553923327750982,0.222010936649381,"NS","No","Not_labeled"
"Tmem94","5v0",-0.28818005111703,0.336702471265086,"NS","No","Not_labeled"
"Tmem9b","5v0",-0.761247450274771,0.0149012710276357,"CLIP_Down","No","Not_labeled"
"Tmf1","5v0",0.100532899738898,0.84735583963561,"NS","No","Not_labeled"
"Tmod2","5v0",-0.0633511789113959,0.859092801327442,"NS","No","Not_labeled"
"Tmsb4x","5v0",-0.0106875887214928,0.97394906661423,"NS","No","Not_labeled"
"Tmtc1","5v0",-0.0716454141496889,0.719945437030668,"NS","No","Not_labeled"
"Tmub2","5v0",-2.78905865937787,0.151811007685362,"NS","No","Not_labeled"
"Tmx2","5v0",2.65161019656086,0.0979610074803782,"NS","No","Not_labeled"
"Tmx3","5v0",0.766479829838278,0.174719827766082,"NS","No","Not_labeled"
"Tmx4","5v0",-0.236756709637551,0.413754900926103,"NS","No","Not_labeled"
"Tnfaip1","5v0",1.12507157683036,0.468837087574573,"NS","No","Not_labeled"
"Tnfaip3","5v0",0.437258640411262,0.241767076167828,"NS","No","Not_labeled"
"Tnfrsf19","5v0",0.381202554221851,0.381948007633972,"NS","No","Not_labeled"
"Tnfrsf21","5v0",-0.965530028401838,0.000969604546016365,"CLIP_Down","No","Not_labeled"
"Tnik","5v0",-0.0238922941317263,0.947616174709575,"NS","No","Not_labeled"
"Tnk2","5v0",0.870128868679011,0.572284720325138,"NS","No","Not_labeled"
"Tnks","5v0",-0.188760796515133,0.34105436108134,"NS","No","Not_labeled"
"Tnks1bp1","5v0",-0.377106003810489,0.43270337004419,"NS","No","Not_labeled"
"Tnks2","5v0",-0.376455756074714,0.126326343749268,"NS","No","Not_labeled"
"Tnpo1","5v0",0.766697667565103,0.00371734844513742,"CLIP_Up","Yes","Increased"
"Tnpo2","5v0",-0.446474052006828,0.101175001025737,"NS","No","Not_labeled"
"Tnpo3","5v0",0.81329753756555,0.550521032250009,"NS","No","Not_labeled"
"Tnr","5v0",-0.425999746350556,0.229227611304206,"NS","No","Not_labeled"
"Tnrc18","5v0",-0.563569408747967,0.0708019653219871,"NS","No","Not_labeled"
"Tnrc6a","5v0",1.16723803685942,0.303126878812916,"NS","No","Not_labeled"
"Tnrc6b","5v0",0.147420614245966,0.226160048502448,"NS","No","Not_labeled"
"Tnrc6c","5v0",0.263055057160169,0.390048634718805,"NS","No","Not_labeled"
"Tns1","5v0",-0.623369146449916,0.494714219305166,"NS","No","Not_labeled"
"Tns3","5v0",0.896293106071289,0.275723939468079,"NS","No","Not_labeled"
"Tob1","5v0",-0.167832296561373,0.80435494470622,"NS","No","Not_labeled"
"Togaram1","5v0",0.136961263651247,0.72031238738613,"NS","No","Not_labeled"
"Tollip","5v0",-1.14951045179654,0.110454909383617,"NS","No","Not_labeled"
"Tom1","5v0",1.40384613182312,0.289664349863092,"NS","No","Not_labeled"
"Tomm20","5v0",0.629636151478685,0.310400396466539,"NS","No","Not_labeled"
"Tomm34","5v0",1.27894164751572,0.359385163096408,"NS","No","Not_labeled"
"Tomm40","5v0",3.30959999385524,0.0543756901829514,"NS","No","Not_labeled"
"Tomm70a","5v0",-0.195706384486416,0.598202656803309,"NS","No","Not_labeled"
"Top1","5v0",0.461799640432326,0.0684249094339607,"NS","No","Not_labeled"
"Top2b","5v0",0.650257606847809,0.420225008968703,"NS","No","Not_labeled"
"Topbp1","5v0",-0.544754124801364,0.284764466254325,"NS","No","Not_labeled"
"Topors","5v0",0.444114862589993,0.145954129007469,"NS","No","Not_labeled"
"Tox4","5v0",-0.0150342721323877,0.961324520253415,"NS","No","Not_labeled"
"Tpd52","5v0",1.13363596404767,0.217461108702651,"NS","No","Not_labeled"
"Tpgs2","5v0",0.375376542582225,0.508583945119841,"NS","No","Not_labeled"
"Tpp2","5v0",-0.53805526875983,0.309882296893679,"NS","No","Not_labeled"
"Tppp","5v0",0.342419761214135,0.0514492315609898,"NS","No","Not_labeled"
"Tpr","5v0",0.0406505392276451,0.887045307398298,"NS","No","Not_labeled"
"Tprg1l","5v0",-0.111320980847393,0.868614228993417,"NS","No","Not_labeled"
"Tpt1","5v0",-2.81041996244565,0.235600417981865,"NS","No","Not_labeled"
"Tra2b","5v0",0.202029085060209,0.707032086156372,"NS","No","Not_labeled"
"Traf3","5v0",-0.170089925434467,0.805881162323942,"NS","No","Not_labeled"
"Traf7","5v0",0.179252488514751,0.683743012000262,"NS","No","Not_labeled"
"Trafd1","5v0",-1.89552060565302,0.273242330599096,"NS","No","Not_labeled"
"Trak1","5v0",-0.137203031161891,0.581238100577596,"NS","No","Not_labeled"
"Trak2","5v0",-0.270913680396784,0.332023176750487,"NS","No","Not_labeled"
"Tram1","5v0",1.97641462308155,0.0959848382094283,"NS","No","Not_labeled"
"Trank1","5v0",0.386274855118252,0.185310946991113,"NS","No","Not_labeled"
"Trap1","5v0",0.908139279976603,0.47140867055192,"NS","No","Not_labeled"
"Trappc10","5v0",-0.271104382894932,0.127155383037941,"NS","No","Not_labeled"
"Trappc11","5v0",0.18452790439473,0.648562523710093,"NS","No","Not_labeled"
"Trappc12","5v0",-0.815364067160665,0.146877944252472,"NS","No","Not_labeled"
"Trappc13","5v0",-0.152398631814223,0.73405719723784,"NS","No","Not_labeled"
"Trappc2","5v0",3.00779376066798,0.104946591074947,"NS","No","Not_labeled"
"Trappc6b","5v0",1.60581566943776,0.186100282915134,"NS","No","Not_labeled"
"Trappc8","5v0",-0.158410279386849,0.557013425393498,"NS","No","Not_labeled"
"Trappc9","5v0",-0.148147640795508,0.872738938354743,"NS","No","Not_labeled"
"Trf","5v0",1.02094311087665,0.437972660034178,"NS","No","Not_labeled"
"Trhde","5v0",-1.8481398058062,0.00593853988164674,"CLIP_Down","No","Not_labeled"
"Trib1","5v0",0.245193325009833,0.545725553762159,"NS","No","Not_labeled"
"Tril","5v0",0.0245078470638651,0.969972043246351,"NS","No","Not_labeled"
"Trim2","5v0",-0.21831631951125,0.511049931699268,"NS","No","Not_labeled"
"Trim23","5v0",-0.032801673538227,0.909707450896416,"NS","No","Not_labeled"
"Trim24","5v0",1.193039366293,0.391766467412223,"NS","No","Not_labeled"
"Trim28","5v0",-0.779407538043297,0.207257218310305,"NS","No","Not_labeled"
"Trim3","5v0",-0.988597877937505,0.537800720286922,"NS","No","Not_labeled"
"Trim32","5v0",1.96857754013493,0.290951075479925,"NS","No","Not_labeled"
"Trim33","5v0",-0.0782875971086092,0.500774328113979,"NS","No","Not_labeled"
"Trim35","5v0",0.0684351345814345,0.837731903858764,"NS","No","Not_labeled"
"Trim37","5v0",0.109576428629639,0.785601275072791,"NS","No","Not_labeled"
"Trim44","5v0",0.394076912068614,0.00557035866382923,"CLIP_Up","No","Not_labeled"
"Trim66","5v0",-1.16634182774506,0.200986394342339,"NS","No","Not_labeled"
"Trim8","5v0",0.219213869119743,0.641503728959107,"NS","No","Not_labeled"
"Trim9","5v0",-0.369922781613062,0.226205234935613,"NS","No","Not_labeled"
"Trio","5v0",0.012102253941555,0.925076188735828,"NS","No","Not_labeled"
"Trip11","5v0",0.306365926002496,0.212209894182975,"NS","No","Not_labeled"
"Trip12","5v0",-0.0976558251796371,0.671973071274296,"NS","No","Not_labeled"
"Trip4","5v0",0.980922898830795,0.376213720594884,"NS","No","Not_labeled"
"Trmt1l","5v0",1.95440551225842,0.168576687759333,"NS","No","Not_labeled"
"Trnp1","5v0",-0.10394359005433,0.8582228351171,"NS","No","Not_labeled"
"Tro","5v0",-1.02739172592085,0.0586491913396001,"NS","No","Not_labeled"
"Trp53bp1","5v0",-0.0110342417562661,0.954730723246052,"NS","No","Not_labeled"
"Trp53bp2","5v0",1.51835481528269,0.22623201768013,"NS","No","Not_labeled"
"Trp53inp2","5v0",-0.0178328884639498,0.963502505255716,"NS","No","Not_labeled"
"Trpc1","5v0",-1.69097875899568,0.271117757098813,"NS","No","Not_labeled"
"Trpc4","5v0",-0.0474525968558601,0.88950902643724,"NS","No","Not_labeled"
"Trpc4ap","5v0",-0.00661919209969009,0.987203534905623,"NS","No","Not_labeled"
"Trpc5","5v0",0.183237417767087,0.671074619196467,"NS","No","Not_labeled"
"Trpm3","5v0",-0.162286682293202,0.605450743603109,"NS","No","Not_labeled"
"Trpm7","5v0",0.0761910736941691,0.890202175228725,"NS","No","Not_labeled"
"Trps1","5v0",-0.114996162084504,0.651210957943111,"NS","No","Not_labeled"
"Trrap","5v0",-0.194221086544498,0.282449073660592,"NS","No","Not_labeled"
"Tsc2","5v0",-0.0527689311086847,0.814121155037491,"NS","No","Not_labeled"
"Tsc22d1","5v0",-0.224476618051564,0.131289525094927,"NS","No","Not_labeled"
"Tsc22d2","5v0",0.23442008628276,0.625788121658745,"NS","No","Not_labeled"
"Tshz1","5v0",0.0573419963524797,0.933498594674343,"NS","No","Not_labeled"
"Tshz2","5v0",-0.391621754385627,0.556321642397497,"NS","No","Not_labeled"
"Tsn","5v0",0.315513214895855,0.562722546632057,"NS","No","Not_labeled"
"Tsnax","5v0",0.0678611552943265,0.893157570084121,"NS","No","Not_labeled"
"Tspan13","5v0",0.552805359923158,0.327570763117071,"NS","No","Not_labeled"
"Tspan2","5v0",-0.141613285204565,0.811079608584813,"NS","No","Not_labeled"
"Tspan3","5v0",0.282611207544259,0.563872932524204,"NS","No","Not_labeled"
"Tspan5","5v0",0.0938149927931836,0.898359545327114,"NS","No","Not_labeled"
"Tspan7","5v0",0.962899496139336,0.377144488680914,"NS","No","Not_labeled"
"Tspoap1","5v0",0.0801507100657242,0.836167399825515,"NS","No","Not_labeled"
"Tspyl1","5v0",0.769089464734391,0.0680515090334419,"NS","No","Not_labeled"
"Tspyl2","5v0",-0.451633623131969,0.332806366672574,"NS","No","Not_labeled"
"Tspyl4","5v0",0.365979269455837,0.267559380563306,"NS","No","Not_labeled"
"Tsr1","5v0",3.10150965317529,0.146520821828764,"NS","No","Not_labeled"
"Ttbk1","5v0",-0.0964899530957748,0.820804088352954,"NS","No","Not_labeled"
"Ttbk2","5v0",0.675119153768826,0.0886210131280991,"NS","No","Not_labeled"
"Ttc13","5v0",2.51069684459276,0.0706920580371706,"NS","No","Not_labeled"
"Ttc14","5v0",0.0356013898309682,0.957772659369434,"NS","No","Not_labeled"
"Ttc17","5v0",-0.715312452320828,0.104679095871882,"NS","No","Not_labeled"
"Ttc19","5v0",0.746652230175364,0.225779590382164,"NS","No","Not_labeled"
"Ttc28","5v0",-0.909012558507375,0.0659076597170316,"NS","No","Not_labeled"
"Ttc3","5v0",-0.418320614600663,0.167639962040294,"NS","No","Not_labeled"
"Ttc39b","5v0",-1.39057322118055,0.115860747992662,"NS","No","Not_labeled"
"Ttc39c","5v0",-0.60368511218207,0.454285542893951,"NS","No","Not_labeled"
"Ttc7b","5v0",-0.276073281393154,0.372196728889018,"NS","No","Not_labeled"
"Tti1","5v0",1.38625425334127,0.238290113435173,"NS","No","Not_labeled"
"Ttl","5v0",0.337123920185822,0.51039254753833,"NS","No","Not_labeled"
"Ttll7","5v0",-0.0555332392877519,0.802476072734014,"NS","No","Not_labeled"
"Ttpal","5v0",-0.527701322786972,0.328026520814635,"NS","No","Not_labeled"
"Ttr","5v0",-0.275861465453167,0.799869776511404,"NS","No","Not_labeled"
"Ttyh1","5v0",4.09096034500245,0.0398528061526828,"CLIP_Up","No","Not_labeled"
"Ttyh3","5v0",-0.5871557304601,0.276104347010393,"NS","No","Not_labeled"
"Tub","5v0",0.356606238138513,0.502283890044675,"NS","No","Not_labeled"
"Tuba1a","5v0",-0.183467570840729,0.65395297317292,"NS","No","Not_labeled"
"Tuba1b","5v0",-0.585638081302204,0.122715317980069,"NS","No","Not_labeled"
"Tuba4a","5v0",-0.387863248496106,0.214647716602422,"NS","No","Not_labeled"
"Tubb2a","5v0",0.00619391469807429,0.986358509186688,"NS","No","Not_labeled"
"Tubb2b","5v0",1.45280555449319,0.505339956610002,"NS","No","Not_labeled"
"Tubb4a","5v0",-0.328948708026533,0.298922121639907,"NS","No","Not_labeled"
"Tubb5","5v0",-0.928885561860292,0.038230425676987,"CLIP_Down","No","Not_labeled"
"Tubgcp2","5v0",0.953707382023414,0.402921070853547,"NS","No","Not_labeled"
"Tubgcp3","5v0",0.573514583340146,0.36466088870763,"NS","No","Not_labeled"
"Tubgcp6","5v0",0.410152872058309,0.401078273921777,"NS","No","Not_labeled"
"Tulp4","5v0",-0.0764374955571521,0.822402496572082,"NS","No","Not_labeled"
"Tut4","5v0",-0.413554836043585,0.0941195213727806,"NS","No","Not_labeled"
"Tut7","5v0",0.0332762050508539,0.914270409820065,"NS","No","Not_labeled"
"Twf1","5v0",-0.987305411621396,0.0924160551766883,"NS","No","Not_labeled"
"Txndc11","5v0",0.687825536038418,0.578210088188413,"NS","No","Not_labeled"
"Txndc16","5v0",1.21911622037397,0.22103436937127,"NS","No","Not_labeled"
"Txnl4a","5v0",3.00723677823743,0.0870825534841653,"NS","No","Not_labeled"
"Txnrd1","5v0",0.722785368814026,0.0339477254562343,"CLIP_Up","No","Not_labeled"
"U2af2","5v0",2.66943566192696,0.143208932200054,"NS","No","Not_labeled"
"U2surp","5v0",1.33377646621941,0.357125758581775,"NS","No","Not_labeled"
"Uap1","5v0",2.73908859820737,0.0366453794672935,"CLIP_Up","No","Not_labeled"
"Uba1","5v0",-0.00473425460098564,0.982718448393658,"NS","No","Not_labeled"
"Uba3","5v0",0.0331095853733006,0.941378211025303,"NS","No","Not_labeled"
"Uba6","5v0",0.0720559449774001,0.730080337705409,"NS","No","Not_labeled"
"Ubap2","5v0",-0.210849181451922,0.651441347750234,"NS","No","Not_labeled"
"Ubap2l","5v0",-0.210604306499117,0.710041644816325,"NS","No","Not_labeled"
"Ubb","5v0",-0.609438568266568,0.257803602737789,"NS","No","Not_labeled"
"Ubc","5v0",-0.427003274515948,0.439652407803125,"NS","No","Not_labeled"
"Ube2b","5v0",0.0486408877922013,0.916706567075052,"NS","No","Not_labeled"
"Ube2d2a","5v0",0.078249048885874,0.843971920589073,"NS","No","Not_labeled"
"Ube2d3","5v0",-0.0794477040386377,0.798971337543686,"NS","No","Not_labeled"
"Ube2e2","5v0",-1.4839741925936,0.0830285198734722,"NS","No","Not_labeled"
"Ube2g1","5v0",-1.6430868616275,0.169019428930322,"NS","No","Not_labeled"
"Ube2h","5v0",-1.62453638569869,0.00757454384112656,"CLIP_Down","No","Not_labeled"
"Ube2j1","5v0",-1.70425900063667,0.0555218079846195,"NS","No","Not_labeled"
"Ube2k","5v0",-0.147197810440248,0.743869884436128,"NS","No","Not_labeled"
"Ube2l3","5v0",1.22492413196117,0.275690446398907,"NS","No","Not_labeled"
"Ube2n","5v0",-0.0616732207275048,0.868166591051227,"NS","No","Not_labeled"
"Ube2o","5v0",1.04439197246744,0.417923128629129,"NS","No","Not_labeled"
"Ube2q1","5v0",-0.123394224960069,0.827756171599172,"NS","No","Not_labeled"
"Ube2q2","5v0",0.342514597950113,0.524115712901987,"NS","No","Not_labeled"
"Ube2ql1","5v0",1.95338265602306,0.180407632847986,"NS","No","Not_labeled"
"Ube3a","5v0",0.071219789832595,0.766608412032602,"NS","No","Not_labeled"
"Ube3b","5v0",-0.0270039287223467,0.872425813180218,"NS","No","Not_labeled"
"Ube3c","5v0",0.00273246550493589,0.993544767300031,"NS","No","Not_labeled"
"Ube4a","5v0",0.363965261671367,0.548525640780177,"NS","No","Not_labeled"
"Ube4b","5v0",0.470611412424839,0.0936988752666625,"NS","No","Not_labeled"
"Ubl3","5v0",-0.0621266334460517,0.839770178926113,"NS","No","Not_labeled"
"Ubn1","5v0",0.00272343342725101,0.993972957047392,"NS","No","Not_labeled"
"Ubn2","5v0",0.300383213067935,0.353360387433615,"NS","No","Not_labeled"
"Ubp1","5v0",-0.803468799575556,0.0876739175983506,"NS","No","Not_labeled"
"Ubqln1","5v0",-0.434138254776682,0.0910564245909768,"NS","No","Not_labeled"
"Ubqln2","5v0",-0.450004497982344,0.14640350518258,"NS","No","Not_labeled"
"Ubqln4","5v0",-0.566499017250167,0.162210456979524,"NS","No","Not_labeled"
"Ubr1","5v0",0.335336836787536,0.509783112267527,"NS","No","Not_labeled"
"Ubr2","5v0",0.100488289271286,0.490548036926087,"NS","No","Not_labeled"
"Ubr3","5v0",0.236742705141417,0.178726520417524,"NS","No","Not_labeled"
"Ubr4","5v0",-0.0512479846492901,0.765038971987101,"NS","No","Not_labeled"
"Ubr5","5v0",0.286360227291251,0.349974079603411,"NS","No","Not_labeled"
"Ubxn1","5v0",3.75170147547764,0.0451358581230679,"CLIP_Up","No","Not_labeled"
"Ubxn2a","5v0",-3.15077292368442,0.0375614010867652,"CLIP_Down","No","Not_labeled"
"Ubxn7","5v0",0.13256098013199,0.753893497909603,"NS","No","Not_labeled"
"Uck2","5v0",0.444196844767318,0.437668027832837,"NS","No","Not_labeled"
"Ufl1","5v0",-1.27026403423534,0.378696978916912,"NS","No","Not_labeled"
"Ufm1","5v0",1.85506690714534,0.201490871195103,"NS","No","Not_labeled"
"Ugdh","5v0",0.431772289662491,0.337355449985477,"NS","No","Not_labeled"
"Uggt1","5v0",1.52881256608381,0.0659982895798794,"NS","No","Not_labeled"
"Uggt2","5v0",1.25585148245633,0.0262708762539938,"CLIP_Up","No","Not_labeled"
"Ugp2","5v0",1.3369770479095,0.374086353252238,"NS","No","Not_labeled"
"Ugt8a","5v0",0.803366791783692,0.498135099891867,"NS","No","Not_labeled"
"Uhmk1","5v0",-0.234544114745402,0.608687598376107,"NS","No","Not_labeled"
"Uhrf2","5v0",0.848963956512458,0.266839008292476,"NS","No","Not_labeled"
"Ulk1","5v0",-0.236878180505778,0.557272184808569,"NS","No","Not_labeled"
"Ulk2","5v0",-0.313588680374935,0.325784537558416,"NS","No","Not_labeled"
"Umad1","5v0",0.358545604852361,0.579224094206599,"NS","No","Not_labeled"
"Unc13a","5v0",-0.400717501602323,0.214461596414896,"NS","No","Not_labeled"
"Unc13c","5v0",-0.105337069458517,0.627989755466599,"NS","No","Not_labeled"
"Unc5a","5v0",0.0470570716163881,0.846720897340644,"NS","No","Not_labeled"
"Unc5b","5v0",0.748792452618964,0.429076158106577,"NS","No","Not_labeled"
"Unc5c","5v0",0.233653983314141,0.70781952052807,"NS","No","Not_labeled"
"Unc5d","5v0",0.28704338108736,0.551971478706685,"NS","No","Not_labeled"
"Unc79","5v0",-0.127210140365404,0.734666206820212,"NS","No","Not_labeled"
"Unc80","5v0",-0.276503786722565,0.321956603131183,"NS","No","Not_labeled"
"Unkl","5v0",-0.37072566986028,0.679503121252296,"NS","No","Not_labeled"
"Upf1","5v0",-0.756031682684556,0.0880421452154481,"NS","No","Not_labeled"
"Upf2","5v0",0.0139442131743404,0.90894165691504,"NS","No","Not_labeled"
"Uqcrc1","5v0",-2.63229685484695,0.154538447859521,"NS","No","Not_labeled"
"Uqcrc2","5v0",-0.286809548218869,0.299216401728165,"NS","No","Not_labeled"
"Urb1","5v0",0.756631178763231,0.0972994310353259,"NS","No","Not_labeled"
"Uri1","5v0",-1.17260545337292,0.15092524772406,"NS","No","Not_labeled"
"Usf3","5v0",-0.195030453907985,0.378533839676148,"NS","No","Not_labeled"
"Uso1","5v0",-0.278785298172723,0.372962609695828,"NS","No","Not_labeled"
"Usp1","5v0",-0.801071962027486,0.226874580844487,"NS","No","Not_labeled"
"Usp11","5v0",-1.40048329941977,0.0602635068392411,"NS","No","Not_labeled"
"Usp12","5v0",0.32076948622083,0.262592230194729,"NS","No","Not_labeled"
"Usp14","5v0",-0.948414904990962,0.0579521490040276,"NS","No","Not_labeled"
"Usp15","5v0",0.129185548473304,0.753586997231958,"NS","No","Not_labeled"
"Usp20","5v0",-1.69992120525532,0.248695927837876,"NS","No","Not_labeled"
"Usp22","5v0",-0.516989331701601,0.11851577738457,"NS","No","Not_labeled"
"Usp24","5v0",0.0688778165056849,0.743063982170177,"NS","No","Not_labeled"
"Usp25","5v0",0.566139223734219,0.0469728474890762,"CLIP_Up","No","Not_labeled"
"Usp27x","5v0",2.10775511149687,0.340257707972662,"NS","No","Not_labeled"
"Usp31","5v0",-0.387960602474392,0.237113472250964,"NS","No","Not_labeled"
"Usp32","5v0",0.00688959518807408,0.979489356377119,"NS","No","Not_labeled"
"Usp33","5v0",-0.265167063348789,0.477699100973533,"NS","No","Not_labeled"
"Usp34","5v0",0.080612925810069,0.562951976258689,"NS","No","Not_labeled"
"Usp37","5v0",-0.172230931493579,0.722993808779506,"NS","No","Not_labeled"
"Usp38","5v0",0.0099359632831364,0.963382128372891,"NS","No","Not_labeled"
"Usp4","5v0",-0.295553330953632,0.692921222313476,"NS","No","Not_labeled"
"Usp42","5v0",-0.494430561723628,0.468501065714883,"NS","No","Not_labeled"
"Usp45","5v0",0.196208374107079,0.577074852921263,"NS","No","Not_labeled"
"Usp46","5v0",-0.194475255928323,0.596408388902674,"NS","No","Not_labeled"
"Usp47","5v0",0.104656244152197,0.768286521261255,"NS","No","Not_labeled"
"Usp48","5v0",2.04211149047014,0.0999992140212105,"NS","No","Not_labeled"
"Usp5","5v0",0.248159978187976,0.455025657203893,"NS","No","Not_labeled"
"Usp53","5v0",1.55396649076476,0.177898521299563,"NS","No","Not_labeled"
"Usp54","5v0",0.0243563534448308,0.959491702604698,"NS","No","Not_labeled"
"Usp6nl","5v0",0.950028556589896,0.344441922743676,"NS","No","Not_labeled"
"Usp7","5v0",0.0589030503059824,0.85616742838937,"NS","No","Not_labeled"
"Usp8","5v0",-0.358562334137609,0.552398168876481,"NS","No","Not_labeled"
"Usp9x","5v0",0.0197631623399284,0.899013636373756,"NS","No","Not_labeled"
"Ust","5v0",0.464533893089058,0.578348349269065,"NS","No","Not_labeled"
"Utp14b","5v0",-0.0615837617753145,0.90153331469667,"NS","No","Not_labeled"
"Utp20","5v0",0.555787034766926,0.0706143904930955,"NS","No","Not_labeled"
"Utp4","5v0",-1.15632058814715,0.395096520547211,"NS","No","Not_labeled"
"Utp6","5v0",0.492655708465804,0.575398197151548,"NS","No","Not_labeled"
"Utrn","5v0",0.416899490937592,0.651335114810681,"NS","No","Not_labeled"
"Uvrag","5v0",-0.372369449504372,0.414610828227022,"NS","No","Not_labeled"
"Uvssa","5v0",2.87990516365724,0.0271151203402601,"CLIP_Up","No","Not_labeled"
"Uxs1","5v0",2.13378390686173,0.0554285760296058,"NS","No","Not_labeled"
"Vamp2","5v0",0.171067523679399,0.635042435867074,"NS","No","Not_labeled"
"Vapa","5v0",-0.426134955745129,0.458683074334693,"NS","No","Not_labeled"
"Vapb","5v0",1.20142457318871,0.304099631241025,"NS","No","Not_labeled"
"Vav3","5v0",0.820291290951786,0.220093420556036,"NS","No","Not_labeled"
"Vcp","5v0",0.148624821630607,0.281804632516377,"NS","No","Not_labeled"
"Vcpip1","5v0",0.514417686381929,0.0334771235921136,"CLIP_Up","No","Not_labeled"
"Vdac1","5v0",-0.263004854240607,0.569969527741479,"NS","No","Not_labeled"
"Vdac2","5v0",-0.391662412829417,0.151069844818546,"NS","No","Not_labeled"
"Vdac3","5v0",-1.5236408767502,0.361879183450435,"NS","No","Not_labeled"
"Vegfa","5v0",0.0016270740543165,0.997459905814165,"NS","No","Not_labeled"
"Vezf1","5v0",0.871667258439252,0.631451948362765,"NS","No","Not_labeled"
"Vezt","5v0",1.26270539678669,0.332519369246998,"NS","No","Not_labeled"
"Vim","5v0",0.14331053686184,0.842625157371985,"NS","No","Not_labeled"
"Vipas39","5v0",1.75823711768221,0.260512261774329,"NS","No","Not_labeled"
"Virma","5v0",-0.617680193992978,0.0493860982085699,"CLIP_Down","No","Not_labeled"
"Vkorc1l1","5v0",1.05306987310299,0.343252319449413,"NS","No","Not_labeled"
"Vldlr","5v0",-0.164309936799982,0.762601556685974,"NS","No","Not_labeled"
"Vma21","5v0",-1.59522107698785,0.373571161659697,"NS","No","Not_labeled"
"Vmp1","5v0",0.440184052006008,0.597198333750128,"NS","No","Not_labeled"
"Vps11","5v0",2.09919868094113,0.142783619720186,"NS","No","Not_labeled"
"Vps13a","5v0",-0.250325558816726,0.367438879314422,"NS","No","Not_labeled"
"Vps13b","5v0",-0.224088185749071,0.371128999886796,"NS","No","Not_labeled"
"Vps13c","5v0",-0.26894413384749,0.0866819113465056,"NS","No","Not_labeled"
"Vps13d","5v0",-0.0539642436807339,0.764681249339692,"NS","No","Not_labeled"
"Vps26a","5v0",2.17147449023507,0.163409883180429,"NS","No","Not_labeled"
"Vps26b","5v0",-0.155624974193916,0.643646670687321,"NS","No","Not_labeled"
"Vps33a","5v0",0.765776198407858,0.513323551884465,"NS","No","Not_labeled"
"Vps35","5v0",-0.0258546161712609,0.899940972626217,"NS","No","Not_labeled"
"Vps35l","5v0",-2.80078076421095,0.0324871593261561,"CLIP_Down","No","Not_labeled"
"Vps37a","5v0",-0.0551567555599721,0.915693780087333,"NS","No","Not_labeled"
"Vps39","5v0",-0.355910488298195,0.261728749613907,"NS","No","Not_labeled"
"Vps41","5v0",0.128169290130983,0.734211656873098,"NS","No","Not_labeled"
"Vps4a","5v0",1.4094677934056,0.0850908656110351,"NS","No","Not_labeled"
"Vps4b","5v0",2.91448189097208,0.0336602906853235,"CLIP_Up","No","Not_labeled"
"Vps50","5v0",1.97413354765615,0.141616827565566,"NS","No","Not_labeled"
"Vps51","5v0",2.43104878348046,0.128551132297691,"NS","No","Not_labeled"
"Vps53","5v0",1.54956281032691,0.179606299063653,"NS","No","Not_labeled"
"Vps54","5v0",0.614375621299197,0.174306752309,"NS","No","Not_labeled"
"Vsnl1","5v0",0.880929697226262,0.358341878812259,"NS","No","Not_labeled"
"Vwa5a","5v0",0.666433263532996,0.650545561665445,"NS","No","Not_labeled"
"Vwa8","5v0",0.563203954080202,0.257587775060006,"NS","No","Not_labeled"
"Vxn","5v0",0.33185509254025,0.440716616299437,"NS","No","Not_labeled"
"Wac","5v0",0.795964077543274,0.0524316262613416,"NS","No","Not_labeled"
"Wapl","5v0",-0.227933039140634,0.512796211418203,"NS","No","Not_labeled"
"Wasf1","5v0",-0.316474159039499,0.290467682837829,"NS","No","Not_labeled"
"Wasf3","5v0",0.204369805422393,0.226654657987263,"NS","No","Not_labeled"
"Washc1","5v0",4.24083235633567,0.0492835213051266,"CLIP_Up","No","Not_labeled"
"Washc2","5v0",0.22446746397113,0.588077169723915,"NS","No","Not_labeled"
"Washc5","5v0",-1.58441652329167,0.264888463156683,"NS","No","Not_labeled"
"Wasl","5v0",-0.585215242484206,0.330488257733859,"NS","No","Not_labeled"
"Wbp11","5v0",0.178872542050146,0.815248796244623,"NS","No","Not_labeled"
"Wbp1l","5v0",-1.25139431605509,0.34992071302405,"NS","No","Not_labeled"
"Wbp2","5v0",1.59932087999027,0.334708877111054,"NS","No","Not_labeled"
"Wbp4","5v0",1.05343391886791,0.217078910299793,"NS","No","Not_labeled"
"Wdfy1","5v0",3.77232453247471,0.00243897349639064,"CLIP_Up","No","Not_labeled"
"Wdfy3","5v0",0.103392913766687,0.257499033613291,"NS","No","Not_labeled"
"Wdpcp","5v0",0.112677154727236,0.815841186850728,"NS","No","Not_labeled"
"Wdr1","5v0",0.717383697605671,0.0208059450063713,"CLIP_Up","No","Not_labeled"
"Wdr13","5v0",0.239171516392368,0.402289743156072,"NS","No","Not_labeled"
"Wdr26","5v0",0.469268097636441,0.171680558205223,"NS","No","Not_labeled"
"Wdr33","5v0",-0.716613038847918,0.341732505780964,"NS","No","Not_labeled"
"Wdr35","5v0",0.534251993631021,0.624046943378963,"NS","No","Not_labeled"
"Wdr36","5v0",0.487103628937727,0.726803238581625,"NS","No","Not_labeled"
"Wdr37","5v0",0.391207523577292,0.267762944291337,"NS","No","Not_labeled"
"Wdr44","5v0",-0.812625844370632,0.483860826769295,"NS","No","Not_labeled"
"Wdr45b","5v0",-0.44537739761692,0.500269400818393,"NS","No","Not_labeled"
"Wdr47","5v0",0.287851026804184,0.373840547635439,"NS","No","Not_labeled"
"Wdr48","5v0",-0.129755110939611,0.795600951109691,"NS","No","Not_labeled"
"Wdr59","5v0",1.46014613880463,0.213394428202318,"NS","No","Not_labeled"
"Wdr7","5v0",-0.471014673973127,0.0913315474778125,"NS","No","Not_labeled"
"Wdr81","5v0",-0.0975213031563493,0.875298703639571,"NS","No","Not_labeled"
"Wdr82","5v0",-0.530233091090969,0.376446033844861,"NS","No","Not_labeled"
"Wdtc1","5v0",-0.705145523442591,0.13089808607649,"NS","No","Not_labeled"
"Wfs1","5v0",-0.621646271343024,0.143974827899532,"NS","No","Not_labeled"
"Wipf2","5v0",-0.303186125119018,0.54009714172146,"NS","No","Not_labeled"
"Wipf3","5v0",-0.178908022076294,0.653398074065001,"NS","No","Not_labeled"
"Wipi2","5v0",-1.24479711349654,0.405622749736058,"NS","No","Not_labeled"
"Wiz","5v0",-0.0127729228613207,0.988093798092763,"NS","No","Not_labeled"
"Wnk1","5v0",-0.181884118600158,0.657562833373725,"NS","No","Not_labeled"
"Wnk2","5v0",1.90806744782237,0.116554004712052,"NS","No","Not_labeled"
"Wnk3","5v0",-0.924126543506012,0.00864850142432405,"CLIP_Down","No","Not_labeled"
"Wnt7b","5v0",-2.72315311991929,0.11267562025647,"NS","No","Not_labeled"
"Wrn","5v0",-1.08619960097377,0.206892327773815,"NS","No","Not_labeled"
"Wsb2","5v0",-0.0857079288529228,0.770594840151583,"NS","No","Not_labeled"
"Wscd1","5v0",0.895596479191928,0.596796163947459,"NS","No","Not_labeled"
"Wscd2","5v0",-0.237533642538862,0.602397549287198,"NS","No","Not_labeled"
"Wtap","5v0",2.25639543990177,0.112861760761,"NS","No","Not_labeled"
"Wwc1","5v0",0.377951836074571,0.180225470420549,"NS","No","Not_labeled"
"Wwc2","5v0",0.0284036894728574,0.922442057530992,"NS","No","Not_labeled"
"Wwp1","5v0",1.69537326324235,0.200506608538705,"NS","No","Not_labeled"
"Wwtr1","5v0",1.41828610634413,0.221415606402739,"NS","No","Not_labeled"
"Xpnpep1","5v0",1.63181567950012,0.0219954402903699,"CLIP_Up","No","Not_labeled"
"Xpo1","5v0",0.371856553749656,0.19729862640382,"NS","No","Not_labeled"
"Xpo5","5v0",0.0684666966225609,0.896381687701716,"NS","No","Not_labeled"
"Xpo6","5v0",0.222150751560746,0.846524480283933,"NS","No","Not_labeled"
"Xpo7","5v0",0.183135253158856,0.216110319116079,"NS","No","Not_labeled"
"Xpot","5v0",0.346066464449156,0.450469066007405,"NS","No","Not_labeled"
"Xpr1","5v0",-0.362951091057403,0.104070186364656,"NS","No","Not_labeled"
"Xrn1","5v0",-0.236012017543864,0.762122123290726,"NS","No","Not_labeled"
"Xylt2","5v0",-0.189144496666066,0.76029673732068,"NS","No","Not_labeled"
"Yaf2","5v0",-0.139524948008047,0.748219258318303,"NS","No","Not_labeled"
"Yeats2","5v0",0.9222213098105,0.375755152821424,"NS","No","Not_labeled"
"Yipf6","5v0",-0.36241579256692,0.547339032773602,"NS","No","Not_labeled"
"Ylpm1","5v0",-0.297648874570815,0.208253351681143,"NS","No","Not_labeled"
"Yme1l1","5v0",-0.202690098233556,0.171612447838768,"NS","No","Not_labeled"
"Ythdc2","5v0",0.235192438803789,0.69490664247995,"NS","No","Not_labeled"
"Ythdf1","5v0",-0.764142259384219,0.096280259887584,"NS","No","Not_labeled"
"Ythdf3","5v0",-0.18691393114978,0.511188440224089,"NS","No","Not_labeled"
"Ywhab","5v0",0.0720863252573465,0.812124761485722,"NS","No","Not_labeled"
"Ywhae","5v0",-0.69015604815968,0.0126369361997763,"CLIP_Down","No","Not_labeled"
"Ywhag","5v0",-0.0691044872075444,0.76543050302127,"NS","No","Not_labeled"
"Ywhah","5v0",0.0956305095351473,0.76229577307434,"NS","No","Not_labeled"
"Ywhaq","5v0",0.142481824082559,0.760378536541043,"NS","No","Not_labeled"
"Ywhaz","5v0",0.0108800130419215,0.979694209247219,"NS","No","Not_labeled"
"Zbed6","5v0",1.52866006397545,0.361212778881726,"NS","No","Not_labeled"
"Zbtb11","5v0",-0.254656300645483,0.601507181282045,"NS","No","Not_labeled"
"Zbtb16","5v0",-0.0767680991585522,0.888866688028119,"NS","No","Not_labeled"
"Zbtb18","5v0",-0.325266904873453,0.324399820984283,"NS","No","Not_labeled"
"Zbtb2","5v0",0.433647688603267,0.303542571960258,"NS","No","Not_labeled"
"Zbtb20","5v0",0.312756457293503,0.0708675366674768,"NS","No","Not_labeled"
"Zbtb21","5v0",-0.0494304652319748,0.915292685026066,"NS","No","Not_labeled"
"Zbtb22","5v0",2.91649294328066,0.113096651056391,"NS","No","Not_labeled"
"Zbtb25","5v0",1.07760419164201,0.527556085714436,"NS","No","Not_labeled"
"Zbtb33","5v0",-0.338617184047468,0.589377614166258,"NS","No","Not_labeled"
"Zbtb38","5v0",-0.266572363376502,0.434544637021267,"NS","No","Not_labeled"
"Zbtb4","5v0",-0.598065645166099,0.131110463004001,"NS","No","Not_labeled"
"Zbtb41","5v0",0.124576040083582,0.605196072562414,"NS","No","Not_labeled"
"Zbtb44","5v0",-0.203919374362193,0.597001880089816,"NS","No","Not_labeled"
"Zbtb47","5v0",0.0205269117595126,0.939148265631401,"NS","No","Not_labeled"
"Zbtb5","5v0",0.538453828464498,0.450118471271805,"NS","No","Not_labeled"
"Zbtb6","5v0",1.2281057799676,0.429127373233025,"NS","No","Not_labeled"
"Zbtb7a","5v0",0.337732075376194,0.392249991658369,"NS","No","Not_labeled"
"Zc2hc1a","5v0",0.615805448999846,0.0304661168829075,"CLIP_Up","No","Not_labeled"
"Zc3h12b","5v0",0.174305439899912,0.718173301908251,"NS","No","Not_labeled"
"Zc3h12c","5v0",0.725777869616237,0.241847295594281,"NS","No","Not_labeled"
"Zc3h13","5v0",1.20522776842288,0.291372150510611,"NS","No","Not_labeled"
"Zc3h14","5v0",-0.867708699906568,0.167678069557305,"NS","No","Not_labeled"
"Zc3h15","5v0",-0.240633172319114,0.736502236910758,"NS","No","Not_labeled"
"Zc3h4","5v0",-1.05768251886332,0.11710956523665,"NS","No","Not_labeled"
"Zc3h6","5v0",-0.0776301629370382,0.802744111655217,"NS","No","Not_labeled"
"Zc3h7b","5v0",0.369033195660958,0.520135185074826,"NS","No","Not_labeled"
"Zc3hav1","5v0",0.927667668330719,0.432461323193248,"NS","No","Not_labeled"
"Zcchc14","5v0",-0.385514252876178,0.144242350947573,"NS","No","Not_labeled"
"Zcchc18","5v0",0.108559341685762,0.904111695239161,"NS","No","Not_labeled"
"Zcchc2","5v0",-0.683534426770855,0.182988297272991,"NS","No","Not_labeled"
"Zcchc24","5v0",1.42731839402775,0.266152356497955,"NS","No","Not_labeled"
"Zdbf2","5v0",0.369646050082107,0.272798600274888,"NS","No","Not_labeled"
"Zdhhc14","5v0",-0.176883945221238,0.691598180202286,"NS","No","Not_labeled"
"Zdhhc17","5v0",-0.506331049653811,0.122725163603422,"NS","No","Not_labeled"
"Zdhhc2","5v0",1.62373000708879,0.158335703201016,"NS","No","Not_labeled"
"Zdhhc20","5v0",-0.187453553240745,0.758537474186918,"NS","No","Not_labeled"
"Zdhhc21","5v0",-0.811999041577313,0.202261133914755,"NS","No","Not_labeled"
"Zdhhc3","5v0",-1.55422088716173,0.271191942473877,"NS","No","Not_labeled"
"Zdhhc8","5v0",1.04505639944124,0.483161110520299,"NS","No","Not_labeled"
"Zeb1","5v0",0.531228779167677,0.15586377743393,"NS","No","Not_labeled"
"Zeb2","5v0",-0.410960665938832,0.224601384348063,"NS","No","Not_labeled"
"Zer1","5v0",-0.0694700597408593,0.705588034494573,"NS","No","Not_labeled"
"Zfand2a","5v0",0.153923744607531,0.699012897296494,"NS","No","Not_labeled"
"Zfand5","5v0",2.40083320847717,0.176465055675074,"NS","No","Not_labeled"
"Zfand6","5v0",-1.02158173391019,0.503221476936026,"NS","No","Not_labeled"
"Zfc3h1","5v0",-0.538961794774003,0.0399105426027151,"CLIP_Down","No","Not_labeled"
"Zfhx2","5v0",-0.286849778533208,0.36217037944533,"NS","No","Not_labeled"
"Zfhx4","5v0",-0.152464527745622,0.651087202562801,"NS","No","Not_labeled"
"Zfp106","5v0",-0.021866681148869,0.923156165751649,"NS","No","Not_labeled"
"Zfp12","5v0",1.4388124778377,0.380464189366231,"NS","No","Not_labeled"
"Zfp120","5v0",0.507467812479453,0.497974231474445,"NS","No","Not_labeled"
"Zfp131","5v0",0.180505657957903,0.621267823998349,"NS","No","Not_labeled"
"Zfp148","5v0",-0.305231247670619,0.183738454344211,"NS","No","Not_labeled"
"Zfp180","5v0",-0.245958223132844,0.632225832740869,"NS","No","Not_labeled"
"Zfp207","5v0",-0.287600943784367,0.571932273880916,"NS","No","Not_labeled"
"Zfp236","5v0",0.279270799263903,0.0315311258211365,"CLIP_Up","No","Not_labeled"
"Zfp260","5v0",1.35257160014981,0.389761592242934,"NS","No","Not_labeled"
"Zfp266","5v0",0.586148288417033,0.169280213773531,"NS","No","Not_labeled"
"Zfp267","5v0",-1.26913133111921,0.110515170670157,"NS","No","Not_labeled"
"Zfp275","5v0",-0.544052377784912,0.425112821237792,"NS","No","Not_labeled"
"Zfp280c","5v0",1.77810778937691,0.224879523356813,"NS","No","Not_labeled"
"Zfp281","5v0",-1.38361572849575,0.0458868016301019,"CLIP_Down","No","Not_labeled"
"Zfp287","5v0",0.949822663767621,0.442126503072173,"NS","No","Not_labeled"
"Zfp292","5v0",0.669761540802148,0.213187424318758,"NS","No","Not_labeled"
"Zfp316","5v0",1.45929885947835,0.292715830409946,"NS","No","Not_labeled"
"Zfp318","5v0",-0.172686957392709,0.65500610063374,"NS","No","Not_labeled"
"Zfp322a","5v0",2.54594845612967,0.102538570741371,"NS","No","Not_labeled"
"Zfp335","5v0",-0.387639903315463,0.524888974543564,"NS","No","Not_labeled"
"Zfp354c","5v0",-1.02862949052579,0.116931315818701,"NS","No","Not_labeled"
"Zfp36","5v0",2.37513266681091,0.249042561795238,"NS","No","Not_labeled"
"Zfp362","5v0",2.94967129158624,0.0194099826012721,"CLIP_Up","No","Not_labeled"
"Zfp365","5v0",-0.0580523807075348,0.819578235140025,"NS","No","Not_labeled"
"Zfp36l1","5v0",-0.129467655187679,0.774674638017941,"NS","No","Not_labeled"
"Zfp36l2","5v0",-0.152766434630365,0.477554199227342,"NS","No","Not_labeled"
"Zfp382","5v0",2.29528543139614,0.0732085491652282,"NS","No","Not_labeled"
"Zfp385b","5v0",0.460295015537496,0.473345728592533,"NS","No","Not_labeled"
"Zfp40","5v0",1.42246151814398,0.323543620663668,"NS","No","Not_labeled"
"Zfp407","5v0",0.432408120892985,0.26353291041131,"NS","No","Not_labeled"
"Zfp422","5v0",3.68542316249905,0.10240584606001,"NS","No","Not_labeled"
"Zfp423","5v0",0.405922539704978,0.68111442631489,"NS","No","Not_labeled"
"Zfp433","5v0",-3.07815119209455,0.104001456706198,"NS","No","Not_labeled"
"Zfp445","5v0",-0.404335063702845,0.260765804908097,"NS","No","Not_labeled"
"Zfp451","5v0",-0.281479421591675,0.418654981187013,"NS","No","Not_labeled"
"Zfp458","5v0",-0.209446825042329,0.675422467433489,"NS","No","Not_labeled"
"Zfp46","5v0",0.0387153172136943,0.969791165764325,"NS","No","Not_labeled"
"Zfp462","5v0",-0.122035182168562,0.726261726696971,"NS","No","Not_labeled"
"Zfp513","5v0",-1.31449126546948,0.53978983171176,"NS","No","Not_labeled"
"Zfp516","5v0",-0.556413622669194,0.195927114528525,"NS","No","Not_labeled"
"Zfp518a","5v0",0.435676678609421,0.307411940728032,"NS","No","Not_labeled"
"Zfp518b","5v0",-0.849350560705843,0.0989010986478935,"NS","No","Not_labeled"
"Zfp52","5v0",-0.0547374363672448,0.899781199063643,"NS","No","Not_labeled"
"Zfp521","5v0",0.320438852753695,0.626925760654911,"NS","No","Not_labeled"
"Zfp523","5v0",1.53712183237389,0.295757559787338,"NS","No","Not_labeled"
"Zfp532","5v0",1.1494787728471,0.371599609351834,"NS","No","Not_labeled"
"Zfp536","5v0",0.488351007666163,0.628972380145433,"NS","No","Not_labeled"
"Zfp574","5v0",3.21210009556167,0.147788200761787,"NS","No","Not_labeled"
"Zfp592","5v0",-1.0793314138063,0.433290645388477,"NS","No","Not_labeled"
"Zfp598","5v0",2.70103036068109,0.0340974750870783,"CLIP_Up","No","Not_labeled"
"Zfp606","5v0",1.44648697346523,0.336673256347703,"NS","No","Not_labeled"
"Zfp608","5v0",-0.195974689826846,0.772566234025088,"NS","No","Not_labeled"
"Zfp638","5v0",-0.242120266002982,0.535266636341802,"NS","No","Not_labeled"
"Zfp644","5v0",0.130501229114237,0.618278807240148,"NS","No","Not_labeled"
"Zfp652","5v0",0.197782003024445,0.525936874790455,"NS","No","Not_labeled"
"Zfp654","5v0",-0.488795475421897,0.400014532451683,"NS","No","Not_labeled"
"Zfp655","5v0",1.8581913544425,0.181024226780047,"NS","No","Not_labeled"
"Zfp664","5v0",1.3025439583312,0.338422565251694,"NS","No","Not_labeled"
"Zfp667","5v0",1.36679586465517,0.352637495195818,"NS","No","Not_labeled"
"Zfp68","5v0",0.87480975825182,0.212290570198816,"NS","No","Not_labeled"
"Zfp697","5v0",-0.422014685964458,0.593350233755409,"NS","No","Not_labeled"
"Zfp703","5v0",-0.965170233350251,0.129263681911734,"NS","No","Not_labeled"
"Zfp704","5v0",-0.370217509393073,0.313173748728297,"NS","No","Not_labeled"
"Zfp706","5v0",-0.54453786518839,0.226779690845279,"NS","No","Not_labeled"
"Zfp710","5v0",1.92227494615052,0.235123361181381,"NS","No","Not_labeled"
"Zfp715","5v0",0.821565281629456,0.631656218444411,"NS","No","Not_labeled"
"Zfp719","5v0",1.53724784434189,0.227376257673166,"NS","No","Not_labeled"
"Zfp729a","5v0",-0.221561160613266,0.565223295564329,"NS","No","Not_labeled"
"Zfp729b","5v0",1.60321822954169,0.282087791697644,"NS","No","Not_labeled"
"Zfp738","5v0",-0.280617720911357,0.464935701855923,"NS","No","Not_labeled"
"Zfp758","5v0",-1.6465062315008,0.343114293550961,"NS","No","Not_labeled"
"Zfp770","5v0",0.0889659712882107,0.851775302100628,"NS","No","Not_labeled"
"Zfp777","5v0",1.7640483788048,0.224901340969899,"NS","No","Not_labeled"
"Zfp788","5v0",0.0163438482609468,0.972875524283172,"NS","No","Not_labeled"
"Zfp804a","5v0",0.0536404997771429,0.714572514488315,"NS","No","Not_labeled"
"Zfp827","5v0",0.569299025119676,0.615857919680793,"NS","No","Not_labeled"
"Zfp831","5v0",-0.130826614330102,0.691595121360896,"NS","No","Not_labeled"
"Zfp846","5v0",-0.831213898306794,0.0775622743514102,"NS","No","Not_labeled"
"Zfp865","5v0",1.57556342907527,0.275038923621991,"NS","No","Not_labeled"
"Zfp871","5v0",0.474443101477956,0.187243734445329,"NS","No","Not_labeled"
"Zfp91","5v0",-0.368874661882958,0.11886307607861,"NS","No","Not_labeled"
"Zfp932","5v0",-2.49594020138111,0.165751144948892,"NS","No","Not_labeled"
"Zfp943","5v0",-1.03754463145226,0.115374396655833,"NS","No","Not_labeled"
"Zfp944","5v0",1.04497199084364,0.119226083296232,"NS","No","Not_labeled"
"Zfp945","5v0",2.06547064568072,0.149407930400197,"NS","No","Not_labeled"
"Zfp992","5v0",0.282244236434751,0.438456729794351,"NS","No","Not_labeled"
"Zfpm1","5v0",-0.0127180594966383,0.980518215658475,"NS","No","Not_labeled"
"Zfpm2","5v0",-0.162957776839883,0.122501061772921,"NS","No","Not_labeled"
"Zfr","5v0",-0.0937002899110491,0.657461610764361,"NS","No","Not_labeled"
"Zfta","5v0",0.14942564215499,0.63784835850372,"NS","No","Not_labeled"
"Zftraf1","5v0",0.917135283616591,0.565774581119862,"NS","No","Not_labeled"
"Zfx","5v0",1.23678681108167,0.343393995882229,"NS","No","Not_labeled"
"Zfyve1","5v0",-0.601908343782343,0.351982897835304,"NS","No","Not_labeled"
"Zfyve26","5v0",-0.207226494410388,0.785651296496052,"NS","No","Not_labeled"
"Zfyve9","5v0",-0.504220020176171,0.218988470857349,"NS","No","Not_labeled"
"Zhx1","5v0",-0.361021428736079,0.187405565574334,"NS","No","Not_labeled"
"Zhx2","5v0",0.017531681792068,0.987866210822011,"NS","No","Not_labeled"
"Zhx3","5v0",-0.251805699798962,0.464413257153471,"NS","No","Not_labeled"
"Zkscan1","5v0",0.181584245236501,0.842274777938567,"NS","No","Not_labeled"
"Zkscan6","5v0",2.46508463892884,0.0735410084520975,"NS","No","Not_labeled"
"Zmat3","5v0",0.0183401661514213,0.976441399583654,"NS","No","Not_labeled"
"Zmiz1","5v0",0.253789526138425,0.156758830224349,"NS","No","Not_labeled"
"Zmiz2","5v0",1.33054085627087,0.456383795039986,"NS","No","Not_labeled"
"Zmym2","5v0",-0.266776016509043,0.097444759275156,"NS","No","Not_labeled"
"Zmym3","5v0",2.05273850600821,0.308376694801478,"NS","No","Not_labeled"
"Zmym4","5v0",-0.299519889069388,0.311289162639605,"NS","No","Not_labeled"
"Zmym5","5v0",2.1411825303315,0.207831090408308,"NS","No","Not_labeled"
"Zmym6","5v0",-0.575421576184105,0.31026439997741,"NS","No","Not_labeled"
"Zmynd8","5v0",-0.413926601744194,0.317692490394457,"NS","No","Not_labeled"
"Znfx1","5v0",0.0172701000343842,0.977045720567495,"NS","No","Not_labeled"
"Znrf3","5v0",0.204856785975905,0.795496302077174,"NS","No","Not_labeled"
"Zranb1","5v0",1.52222807821446,0.00286345681386517,"CLIP_Up","No","Not_labeled"
"Zrsr2","5v0",2.21082001515726,0.135818310104636,"NS","No","Not_labeled"
"Zscan26","5v0",-0.222061909866766,0.72851534116287,"NS","No","Not_labeled"
"Zswim6","5v0",-1.15284140052472,0.148193422161961,"NS","No","Not_labeled"
"Zswim8","5v0",0.81489697650866,0.0491372982109062,"CLIP_Up","No","Not_labeled"
"Zwint","5v0",-0.930870743802314,0.0584547630654691,"NS","No","Not_labeled"
"Zxdb","5v0",-0.0128249060223631,0.961981200038923,"NS","No","Not_labeled"
"Zyg11b","5v0",0.0642052486430895,0.700925730576365,"NS","No","Not_labeled"
"Zzef1","5v0",-0.225868483358679,0.376698348375886,"NS","No","Not_labeled"
"Zzz3","5v0",0.350212224279909,0.473026526698878,"NS","No","Not_labeled"
"1110002L01Rik","30v5",-0.236206533517399,0.894088970199511,"NS","No","Not_labeled"
"1110004F10Rik","30v5",0.415690716229554,0.865260830071646,"NS","No","Not_labeled"
"1700008O03Rik","30v5",0.659667608022015,0.388988433128343,"NS","No","Not_labeled"
"2210408I21Rik","30v5",-0.0240119352762602,0.969352115910701,"NS","No","Not_labeled"
"2510009E07Rik","30v5",-0.926148318968583,0.563609800305174,"NS","No","Not_labeled"
"2900026A02Rik","30v5",0.550982470197076,0.181696598377121,"NS","No","Not_labeled"
"4833420G17Rik","30v5",-0.156758094687159,0.928934515619361,"NS","No","Not_labeled"
"4833439L19Rik","30v5",1.57916941605779,0.112503014493392,"NS","No","Not_labeled"
"5031439G07Rik","30v5",0.278184048682014,0.64497076058166,"NS","No","Not_labeled"
"5730455P16Rik","30v5",-4.73766405449499,0.0619688331709438,"NS","No","Not_labeled"
"6430548M08Rik","30v5",0.175524431282267,0.685568934730146,"NS","No","Not_labeled"
"9330159F19Rik","30v5",-2.13876229370323,0.350724747923633,"NS","No","Not_labeled"
"9530068E07Rik","30v5",-2.74444050975459,0.380865966870364,"NS","No","Not_labeled"
"9930021J03Rik","30v5",0.498011057647619,0.346213299983137,"NS","No","Not_labeled"
"A830018L16Rik","30v5",0.792581861006843,0.531975473893332,"NS","No","Not_labeled"
"Aak1","30v5",0.153015351234224,0.480744952418634,"NS","No","Not_labeled"
"Aamp","30v5",-6.23343525582811,0.054378242588739,"NS","No","Not_labeled"
"Aars1","30v5",-4.07465817258586,0.0474925216471567,"CLIP_Down","No","Not_labeled"
"Aatk","30v5",-2.21460934616797,0.193815192836772,"NS","No","Not_labeled"
"Abat","30v5",0.40787187761569,0.651445962640543,"NS","No","Not_labeled"
"Abca1","30v5",-1.62071282863302,0.126065574844633,"NS","No","Not_labeled"
"Abca2","30v5",0.345938453429374,0.40345780538157,"NS","No","Not_labeled"
"Abca3","30v5",-3.92959805302506,0.062276574077447,"NS","No","Not_labeled"
"Abca5","30v5",-0.318318145235302,0.828540582236867,"NS","No","Not_labeled"
"Abca8b","30v5",0.806779994218157,0.624769929132236,"NS","No","Not_labeled"
"Abcb7","30v5",-2.45367388633656,0.0550990845819286,"NS","No","Not_labeled"
"Abcc5","30v5",-1.12366413451656,0.565135834431041,"NS","No","Not_labeled"
"Abcd2","30v5",-0.603442910598202,0.658355500223599,"NS","No","Not_labeled"
"Abcd3","30v5",-3.18040793277875,0.0782021725319096,"NS","No","Not_labeled"
"Abce1","30v5",-0.343266005978668,0.730060476271625,"NS","No","Not_labeled"
"Abcf1","30v5",-4.23238492893227,0.0765072411542867,"NS","No","Not_labeled"
"Abcf2","30v5",-2.40147003701133,0.267279026020577,"NS","No","Not_labeled"
"Abcg1","30v5",0.429925131897592,0.818015855398621,"NS","No","Not_labeled"
"Abhd12","30v5",-1.70028398699028,0.242924089648311,"NS","No","Not_labeled"
"Abhd13","30v5",-0.0757856637624612,0.981564197627589,"NS","No","Not_labeled"
"Abhd17a","30v5",-1.74327126951422,0.335095287682181,"NS","No","Not_labeled"
"Abhd17b","30v5",1.1079811513293,0.516989727222746,"NS","No","Not_labeled"
"Abhd17c","30v5",-0.100207594543558,0.934509963690901,"NS","No","Not_labeled"
"Abhd2","30v5",-0.222780662271232,0.820901659378752,"NS","No","Not_labeled"
"Abhd8","30v5",1.54655445008004,0.0153737420966889,"CLIP_Up","No","Not_labeled"
"Abi2","30v5",1.22833028440289,0.00527558853831016,"CLIP_Up","Yes","Increased"
"Abitram","30v5",3.24024659366034,0.258117752800395,"NS","No","Not_labeled"
"Abl1","30v5",0.377970606937971,0.542034115899258,"NS","No","Not_labeled"
"Abl2","30v5",-0.0636269466035615,0.903975375947574,"NS","No","Not_labeled"
"Ablim1","30v5",0.100165129161271,0.93862677163698,"NS","No","Not_labeled"
"Ablim3","30v5",3.41196354956111,0.0532270751581472,"NS","No","Not_labeled"
"Abr","30v5",0.866147588339095,0.0234211934596364,"CLIP_Up","No","Not_labeled"
"Acaca","30v5",-0.970788621465206,0.108214945605769,"NS","No","Not_labeled"
"Acadsb","30v5",-0.713063578017094,0.517661360303717,"NS","No","Not_labeled"
"Acadvl","30v5",-2.00763670742871,0.200932480793659,"NS","No","Not_labeled"
"Acap2","30v5",0.401401465136403,0.558476188116095,"NS","No","Not_labeled"
"Acap3","30v5",1.0224184379875,0.657850879934075,"NS","No","Not_labeled"
"Acbd3","30v5",-1.38675508122509,0.43233186440464,"NS","No","Not_labeled"
"Acbd5","30v5",0.653887611857824,0.289361715992831,"NS","No","Not_labeled"
"Ace","30v5",-3.2299880904346,0.192376363292421,"NS","No","Not_labeled"
"Acer3","30v5",-0.852680095701983,0.677122901914218,"NS","No","Not_labeled"
"Acin1","30v5",-1.2432240305229,0.608387661434103,"NS","No","Not_labeled"
"Acly","30v5",-3.08277053973755,0.0955182607064845,"NS","No","Not_labeled"
"Aco2","30v5",0.828638014170881,0.0924953861673054,"NS","No","Not_labeled"
"Acox1","30v5",1.77753041149433,0.0096387905926331,"CLIP_Up","No","Not_labeled"
"Acp1","30v5",-6.9441702539706,0.00431072835070005,"CLIP_Down","No","Not_labeled"
"Acp2","30v5",-1.41296936964981,0.499347606227404,"NS","No","Not_labeled"
"Acsbg1","30v5",-1.40098013468285,0.455501739061565,"NS","No","Not_labeled"
"Acsl1","30v5",-2.15454572757708,0.202263748544807,"NS","No","Not_labeled"
"Acsl3","30v5",-0.735304497365852,0.371176775672125,"NS","No","Not_labeled"
"Acsl4","30v5",-0.125361097514638,0.94981078280177,"NS","No","Not_labeled"
"Acsl5","30v5",1.77616832691012,0.373462351205554,"NS","No","Not_labeled"
"Acsl6","30v5",-5.77180997859808,0.0108620763735313,"CLIP_Down","No","Not_labeled"
"Actb","30v5",1.82315296631755,0.0137705593803005,"CLIP_Up","Yes","Increased"
"Actg1","30v5",-0.563486670816249,0.822981612606193,"NS","No","Not_labeled"
"Actn1","30v5",-1.88987260064489,0.0489176612973856,"CLIP_Down","No","Not_labeled"
"Actn4","30v5",2.43856040912726,0.044598231507672,"CLIP_Up","No","Not_labeled"
"Actr10","30v5",2.5235376582532,0.100166955478101,"NS","No","Not_labeled"
"Actr1a","30v5",-0.0789840627159679,0.968422554472054,"NS","No","Not_labeled"
"Actr1b","30v5",2.67554973014387,0.149945063228942,"NS","No","Not_labeled"
"Actr2","30v5",0.800422472182495,0.0931575889878389,"NS","No","Not_labeled"
"Actr3","30v5",1.16155016469824,0.0204979275279177,"CLIP_Up","No","Not_labeled"
"Actr3b","30v5",-0.321892847797513,0.796933805630616,"NS","No","Not_labeled"
"Acvr1b","30v5",-1.09565108123336,0.524482300620142,"NS","No","Not_labeled"
"Acvr2a","30v5",-1.20619458742611,0.440217969354001,"NS","No","Not_labeled"
"Adam10","30v5",-2.08595004212698,0.222933726813556,"NS","No","Not_labeled"
"Adam11","30v5",2.2661140448333,0.0300191518880129,"CLIP_Up","No","Not_labeled"
"Adam23","30v5",-1.03119674238864,0.356438724636553,"NS","No","Not_labeled"
"Adam9","30v5",-1.27060729687356,0.366880503447645,"NS","No","Not_labeled"
"Adamts1","30v5",2.76874795330037,0.166399970911866,"NS","No","Not_labeled"
"Adamts4","30v5",-5.82970660579912,0.00804394480918736,"CLIP_Down","No","Not_labeled"
"Adap1","30v5",-0.979810659930926,0.472748762419648,"NS","No","Not_labeled"
"Adar","30v5",0.166079369938346,0.939135449212679,"NS","No","Not_labeled"
"Adarb2","30v5",-0.675539051757092,0.483601812601008,"NS","No","Not_labeled"
"Adcy1","30v5",1.19359842368122,0.0150885797108806,"CLIP_Up","Yes","Increased"
"Adcy2","30v5",-0.078399608231867,0.934280174077418,"NS","No","Not_labeled"
"Adcy5","30v5",1.12563997560452,0.190116623344574,"NS","No","Not_labeled"
"Adcy8","30v5",1.43021050116524,0.106516898741932,"NS","No","Not_labeled"
"Adcy9","30v5",-0.357995536050814,0.859998604352208,"NS","No","Not_labeled"
"Add1","30v5",-1.37010414756374,0.309733806861579,"NS","No","Not_labeled"
"Add2","30v5",-0.339397201753163,0.785316209717971,"NS","No","Not_labeled"
"Add3","30v5",-0.101993974413835,0.861904914816581,"NS","No","Not_labeled"
"Adgrb1","30v5",0.0427891123386009,0.976328469274106,"NS","No","Not_labeled"
"Adgrb2","30v5",-1.05576975459437,0.697081440269322,"NS","No","Not_labeled"
"Adgrb3","30v5",-0.558878329284791,0.559030427994965,"NS","No","Not_labeled"
"Adgrg1","30v5",5.37735370876247,0.000567836519637092,"CLIP_Up","No","Not_labeled"
"Adgrl1","30v5",0.802951803639127,0.0826373611486992,"NS","No","Not_labeled"
"Adgrl2","30v5",0.995721299119905,0.0366383793824548,"CLIP_Up","No","Not_labeled"
"Adipor1","30v5",-2.74061077133136,0.28146876752591,"NS","No","Not_labeled"
"Adnp","30v5",-0.463045342085596,0.379872849529824,"NS","No","Not_labeled"
"Adnp2","30v5",-2.50416623624953,0.116101447403574,"NS","No","Not_labeled"
"Ado","30v5",0.634597044861684,0.423052568253341,"NS","No","Not_labeled"
"Adora1","30v5",0.57088634069923,0.422587281260504,"NS","No","Not_labeled"
"Aebp2","30v5",1.48199695627864,0.45082036130998,"NS","No","Not_labeled"
"Afdn","30v5",-0.0735098446412933,0.944536297712164,"NS","No","Not_labeled"
"Aff1","30v5",-1.24769463208777,0.362264720926979,"NS","No","Not_labeled"
"Aff2","30v5",0.118484687780991,0.905720125156414,"NS","No","Not_labeled"
"Aff3","30v5",1.00976845479538,0.0978081854139791,"NS","No","Not_labeled"
"Aff4","30v5",0.532699676975097,0.340000018993052,"NS","No","Not_labeled"
"Afg2a","30v5",-0.546844780513145,0.659653602583125,"NS","No","Not_labeled"
"Afg3l1","30v5",-5.72218009983811,0.0101416273453243,"CLIP_Down","No","Not_labeled"
"Afg3l2","30v5",-1.48777388027168,0.319806150876369,"NS","No","Not_labeled"
"Aftph","30v5",0.0247586774819184,0.974219339688529,"NS","No","Not_labeled"
"Agap1","30v5",0.0746885755859745,0.848316463692618,"NS","No","Not_labeled"
"Agap2","30v5",1.11456475767188,0.0731099015908551,"NS","No","Not_labeled"
"Agap3","30v5",-0.406890783990002,0.761649761046229,"NS","No","Not_labeled"
"Agfg1","30v5",-0.48717474661426,0.760378802921619,"NS","No","Not_labeled"
"Agfg2","30v5",-2.23004826191382,0.305472143980344,"NS","No","Not_labeled"
"Aggf1","30v5",-2.05276362550917,0.262013947993447,"NS","No","Not_labeled"
"Agl","30v5",-2.08373216611296,0.197872098451631,"NS","No","Not_labeled"
"Ago1","30v5",-1.0170783862422,0.581947217808323,"NS","No","Not_labeled"
"Ago2","30v5",0.426501970942563,0.324092182222475,"NS","No","Not_labeled"
"Ago3","30v5",-0.788538372989136,0.314881039032334,"NS","No","Not_labeled"
"Agpat3","30v5",1.78066118514376,0.021283901096101,"CLIP_Up","No","Not_labeled"
"Agpat5","30v5",-1.67611483813505,0.403268902861089,"NS","No","Not_labeled"
"Agps","30v5",-0.752717642092892,0.566681427545169,"NS","No","Not_labeled"
"Agtpbp1","30v5",-0.324543797813544,0.844570296562352,"NS","No","Not_labeled"
"Ahctf1","30v5",-0.266197786345713,0.656017825522864,"NS","No","Not_labeled"
"Ahcyl1","30v5",-1.0989143051448,0.581821317394784,"NS","No","Not_labeled"
"Ahcyl2","30v5",1.61693678782678,0.00488920631539338,"CLIP_Up","No","Not_labeled"
"Ahdc1","30v5",-0.91502711693168,0.532717876271296,"NS","No","Not_labeled"
"Ahi1","30v5",0.990942986111522,0.019602180993363,"CLIP_Up","No","Not_labeled"
"Ahnak","30v5",-2.16914114751061,0.000347485771619901,"CLIP_Down","Yes","Decreased"
"Ahsa1","30v5",-4.32802474579172,0.135935772603168,"NS","No","Not_labeled"
"AI593442","30v5",0.500884074915957,0.345905471257695,"NS","No","Not_labeled"
"Ajap1","30v5",-0.774372456393987,0.467534688663098,"NS","No","Not_labeled"
"Ajm1","30v5",-1.43489554175722,0.566070909908075,"NS","No","Not_labeled"
"Ak3","30v5",-3.27882499848296,0.156305735387668,"NS","No","Not_labeled"
"Ak4","30v5",3.12326215899222,0.15815632410068,"NS","No","Not_labeled"
"Ak5","30v5",0.783185108265587,0.373436948411427,"NS","No","Not_labeled"
"Akap1","30v5",2.98517548187893,0.308025836228577,"NS","No","Not_labeled"
"Akap10","30v5",2.60453895949905,0.0914791424975379,"NS","No","Not_labeled"
"Akap11","30v5",0.185701028392871,0.492499239947218,"NS","No","Not_labeled"
"Akap12","30v5",-0.336583382520578,0.83316220947346,"NS","No","Not_labeled"
"Akap13","30v5",-1.64617953139392,0.109026126471699,"NS","No","Not_labeled"
"Akap5","30v5",-1.5052695235639,0.50397801825676,"NS","No","Not_labeled"
"Akap6","30v5",0.626491038571763,0.0561479636556383,"NS","No","Not_labeled"
"Akap9","30v5",-0.520339925272631,0.394235313164697,"NS","No","Not_labeled"
"Akirin1","30v5",0.223810250025869,0.883222819660154,"NS","No","Not_labeled"
"Akt1","30v5",1.20223065457964,0.208624562422247,"NS","No","Not_labeled"
"Akt3","30v5",0.960409921392866,0.093583396912263,"NS","No","Not_labeled"
"Aktip","30v5",-1.3590457332665,0.445353366257261,"NS","No","Not_labeled"
"Alas1","30v5",-2.73823405881282,0.267955733722071,"NS","No","Not_labeled"
"Alcam","30v5",-1.43008920566708,0.168098208200507,"NS","No","Not_labeled"
"Aldh1a1","30v5",-3.59242349964373,0.0565353168695943,"NS","No","Not_labeled"
"Aldh1l1","30v5",-0.428020081129556,0.81344042545883,"NS","No","Not_labeled"
"Aldh2","30v5",-3.70984248868898,0.0121375796953793,"CLIP_Down","No","Not_labeled"
"Aldh5a1","30v5",-2.00600595578014,0.240397326765079,"NS","No","Not_labeled"
"Aldh6a1","30v5",-1.3125501475731,0.397011271640368,"NS","No","Not_labeled"
"Aldoa","30v5",-0.907880269236432,0.702452763916256,"NS","No","Not_labeled"
"Aldoc","30v5",-8.72185049650128,0.00968724638910473,"CLIP_Down","No","Not_labeled"
"Alg10b","30v5",-4.78124162444267,0.0841994682810976,"NS","No","Not_labeled"
"Alg11","30v5",-2.34928698365824,0.468335263854744,"NS","No","Not_labeled"
"Alg2","30v5",-3.42825719756422,0.305058985507842,"NS","No","Not_labeled"
"Alg9","30v5",-0.400566335268234,0.789383733926641,"NS","No","Not_labeled"
"Alkbh5","30v5",2.83721981292293,0.123603740559616,"NS","No","Not_labeled"
"Alkbh8","30v5",-1.5830477708801,0.426332438750783,"NS","No","Not_labeled"
"Alms1","30v5",-0.0175438689478304,0.991541152637325,"NS","No","Not_labeled"
"Als2","30v5",-1.03984378216447,0.515322230908554,"NS","No","Not_labeled"
"Amd1","30v5",-2.98423782736714,0.155043742740367,"NS","No","Not_labeled"
"Amer2","30v5",0.9595595201041,0.76223919720925,"NS","No","Not_labeled"
"Amfr","30v5",0.538322848129536,0.446193193519644,"NS","No","Not_labeled"
"Amigo1","30v5",-2.3006376742618,0.375172547441377,"NS","No","Not_labeled"
"Amot","30v5",-2.6178482237334,0.150392957835098,"NS","No","Not_labeled"
"Ampd2","30v5",3.24702006780524,0.217724612554431,"NS","No","Not_labeled"
"Ampd3","30v5",-2.26060356814826,0.107459159419364,"NS","No","Not_labeled"
"Amph","30v5",-0.24267219238686,0.721145719529419,"NS","No","Not_labeled"
"Amz1","30v5",-5.43501618497845,0.000851401895052348,"CLIP_Down","No","Not_labeled"
"Amz2","30v5",-0.787448273726431,0.689444260422311,"NS","No","Not_labeled"
"Anapc1","30v5",-0.500423561930424,0.317514284045402,"NS","No","Not_labeled"
"Anapc4","30v5",-6.24850822776244,0.000226452198039506,"CLIP_Down","No","Not_labeled"
"Anapc5","30v5",-0.03461400930864,0.963500077359764,"NS","No","Not_labeled"
"Anapc7","30v5",-1.91337521848332,0.140511635585234,"NS","No","Not_labeled"
"Ank","30v5",0.688952302331877,0.567418209705991,"NS","No","Not_labeled"
"Ank1","30v5",-3.03011738301907,0.0251916044413679,"CLIP_Down","No","Not_labeled"
"Ank2","30v5",0.555283517724676,0.206954302918834,"NS","No","Not_labeled"
"Ank3","30v5",0.726850146607402,0.0466191699904227,"CLIP_Up","No","Not_labeled"
"Ankfy1","30v5",-2.12912254531115,0.23510896047941,"NS","No","Not_labeled"
"Ankhd1","30v5",-0.412202002777376,0.432203805843873,"NS","No","Not_labeled"
"Ankib1","30v5",-0.954975513269734,0.148595738408579,"NS","No","Not_labeled"
"Ankle2","30v5",-1.309992058708,0.617748886272641,"NS","No","Not_labeled"
"Ankrd11","30v5",0.306224217817295,0.470681368744102,"NS","No","Not_labeled"
"Ankrd12","30v5",-0.305663569506128,0.479333332721634,"NS","No","Not_labeled"
"Ankrd13a","30v5",-2.51946906193453,0.217035400885604,"NS","No","Not_labeled"
"Ankrd13b","30v5",-6.29257016400847,0.0108924789796156,"CLIP_Down","No","Not_labeled"
"Ankrd13c","30v5",0.562475579331598,0.359167130316496,"NS","No","Not_labeled"
"Ankrd17","30v5",-0.077358838836572,0.871724139939356,"NS","No","Not_labeled"
"Ankrd27","30v5",0.170941407115874,0.918619234606684,"NS","No","Not_labeled"
"Ankrd28","30v5",-1.96831318851411,0.107361757335301,"NS","No","Not_labeled"
"Ankrd33b","30v5",-2.07097143923011,0.3197065420003,"NS","No","Not_labeled"
"Ankrd40","30v5",-0.955469696320274,0.775516709692357,"NS","No","Not_labeled"
"Ankrd45","30v5",-0.276370549541215,0.889874196656067,"NS","No","Not_labeled"
"Ankrd46","30v5",-0.821643024015493,0.67858392454077,"NS","No","Not_labeled"
"Ankrd50","30v5",0.491951790086413,0.199545141052827,"NS","No","Not_labeled"
"Ankrd52","30v5",-0.200200150296668,0.894148092963888,"NS","No","Not_labeled"
"Ankrd6","30v5",-1.98967782055726,0.276795320115415,"NS","No","Not_labeled"
"Anks1","30v5",-4.23733926360192,0.00816844979581252,"CLIP_Down","No","Not_labeled"
"Anks1b","30v5",0.240729276556918,0.828172019658056,"NS","No","Not_labeled"
"Anln","30v5",-0.972014735374251,0.478672827373204,"NS","No","Not_labeled"
"Ano3","30v5",1.25066146928089,0.211167103310447,"NS","No","Not_labeled"
"Ano6","30v5",-0.652742308742138,0.421853996118292,"NS","No","Not_labeled"
"Anp32e","30v5",0.620595872713884,0.760330966314334,"NS","No","Not_labeled"
"Anxa6","30v5",-1.37746083388952,0.401369758792043,"NS","No","Not_labeled"
"Anxa7","30v5",-1.54590367886664,0.321212432196142,"NS","No","Not_labeled"
"Ap1ar","30v5",-2.24468740904912,0.179584497657651,"NS","No","Not_labeled"
"Ap1b1","30v5",-0.4174096361699,0.781818388308096,"NS","No","Not_labeled"
"Ap1g1","30v5",-0.117566730861778,0.927141512879997,"NS","No","Not_labeled"
"Ap1s1","30v5",-1.05502050387501,0.674091399448402,"NS","No","Not_labeled"
"Ap2a1","30v5",0.871449598899065,0.722122603475944,"NS","No","Not_labeled"
"Ap2a2","30v5",0.645344844840877,0.155231695058758,"NS","No","Not_labeled"
"Ap2b1","30v5",0.0547764230581764,0.945112090924214,"NS","No","Not_labeled"
"Ap2m1","30v5",0.148091243623109,0.938393926653635,"NS","No","Not_labeled"
"Ap3b1","30v5",0.860618570804049,0.388821666233862,"NS","No","Not_labeled"
"Ap3b2","30v5",1.319169402385,0.515161655245885,"NS","No","Not_labeled"
"Ap3d1","30v5",-1.29094978417029,0.39670967476226,"NS","No","Not_labeled"
"Ap3m1","30v5",0.455258434679459,0.808760655624705,"NS","No","Not_labeled"
"Ap3m2","30v5",-3.11039289010867,0.127005090348434,"NS","No","Not_labeled"
"Ap3s2","30v5",0.620906584135274,0.755757448562585,"NS","No","Not_labeled"
"Apba1","30v5",0.800183987502173,0.0778482527793734,"NS","No","Not_labeled"
"Apba2","30v5",-0.446147660603836,0.698033480045069,"NS","No","Not_labeled"
"Apbb2","30v5",0.551319813307458,0.529048278168188,"NS","No","Not_labeled"
"Apc","30v5",0.690694324448954,0.262045952344598,"NS","No","Not_labeled"
"Apc2","30v5",0.482798039444254,0.534746970706285,"NS","No","Not_labeled"
"Aph1b","30v5",-2.71362336361918,0.213946189199558,"NS","No","Not_labeled"
"Api5","30v5",0.939729410306045,0.28903188744358,"NS","No","Not_labeled"
"Aplp1","30v5",1.94192074273745,0.0187359858517991,"CLIP_Up","No","Not_labeled"
"Aplp2","30v5",0.802596493405325,0.32192037576625,"NS","No","Not_labeled"
"Apoe","30v5",-6.60368611445717,0.0195282392669865,"CLIP_Down","No","Not_labeled"
"App","30v5",1.45497760008963,0.0287860990774228,"CLIP_Up","No","Not_labeled"
"Appbp2","30v5",-0.892422261953066,0.497337156056085,"NS","No","Not_labeled"
"Appl1","30v5",-1.56084945688325,0.294923343605291,"NS","No","Not_labeled"
"Aqp4","30v5",-0.750847541153918,0.397287776931477,"NS","No","Not_labeled"
"Aqr","30v5",-1.13534483416712,0.572589351932288,"NS","No","Not_labeled"
"Ar","30v5",-1.05069566801977,0.352495958730781,"NS","No","Not_labeled"
"Araf","30v5",-0.984587235932917,0.619901904523967,"NS","No","Not_labeled"
"Arap2","30v5",-1.08162837979067,0.0422107588440578,"CLIP_Down","No","Not_labeled"
"Arc","30v5",1.7269098825162,0.0891299790661936,"NS","No","Not_labeled"
"Arcn1","30v5",0.181016703119731,0.907076458053471,"NS","No","Not_labeled"
"Arel1","30v5",0.922192922389582,0.0810549840165871,"NS","No","Not_labeled"
"Arf1","30v5",0.409242718055845,0.533230310544086,"NS","No","Not_labeled"
"Arf3","30v5",1.68076772963816,0.0223778811080419,"CLIP_Up","No","Not_labeled"
"Arf4","30v5",1.80280102804435,0.464243679102607,"NS","No","Not_labeled"
"Arf6","30v5",-2.84764230053836,0.28159249491246,"NS","No","Not_labeled"
"Arfgef1","30v5",0.508162598749065,0.304305639860517,"NS","No","Not_labeled"
"Arfgef2","30v5",-1.5280545924676,0.249063358076992,"NS","No","Not_labeled"
"Arfgef3","30v5",0.473161481184377,0.375004409255155,"NS","No","Not_labeled"
"Arfip1","30v5",0.44723896062015,0.252541266065395,"NS","No","Not_labeled"
"Arhgap12","30v5",-1.89159526063497,0.315907109753995,"NS","No","Not_labeled"
"Arhgap20","30v5",1.02288385121916,0.0766467696306177,"NS","No","Not_labeled"
"Arhgap21","30v5",0.484439893108205,0.380459403778067,"NS","No","Not_labeled"
"Arhgap23","30v5",-1.12562088240441,0.0656199574822105,"NS","No","Not_labeled"
"Arhgap26","30v5",0.722315496136551,0.353371761725551,"NS","No","Not_labeled"
"Arhgap29","30v5",-3.38364979852412,0.0334785639784416,"CLIP_Down","No","Not_labeled"
"Arhgap31","30v5",-2.72953563496745,0.0876541903695493,"NS","No","Not_labeled"
"Arhgap32","30v5",0.737510174488813,0.12232335622828,"NS","No","Not_labeled"
"Arhgap35","30v5",0.235572442874509,0.299656216153089,"NS","No","Not_labeled"
"Arhgap39","30v5",0.88987118749209,0.191024738650774,"NS","No","Not_labeled"
"Arhgap42","30v5",1.53161783238589,0.106769365646738,"NS","No","Not_labeled"
"Arhgap44","30v5",0.54654263782693,0.302617627318753,"NS","No","Not_labeled"
"Arhgap5","30v5",-0.536683041000792,0.443364767848181,"NS","No","Not_labeled"
"Arhgdia","30v5",-4.56103499349059,0.167760846435832,"NS","No","Not_labeled"
"Arhgef10","30v5",-2.12378808509719,0.126176798678629,"NS","No","Not_labeled"
"Arhgef11","30v5",0.192708476028246,0.676018936485447,"NS","No","Not_labeled"
"Arhgef12","30v5",-0.27919786759047,0.400434605219427,"NS","No","Not_labeled"
"Arhgef17","30v5",0.416279617853669,0.395326836009363,"NS","No","Not_labeled"
"Arhgef18","30v5",2.65363998138062,0.0606530518131678,"NS","No","Not_labeled"
"Arhgef2","30v5",-1.31567512143851,0.522994605212623,"NS","No","Not_labeled"
"Arhgef25","30v5",-2.58508216413907,0.319722465264649,"NS","No","Not_labeled"
"Arhgef26","30v5",-1.48410160611909,0.140140967923647,"NS","No","Not_labeled"
"Arhgef28","30v5",0.430995817771124,0.339331797330451,"NS","No","Not_labeled"
"Arhgef3","30v5",0.318745610680203,0.779915386697855,"NS","No","Not_labeled"
"Arhgef4","30v5",0.422823161358111,0.405998531174834,"NS","No","Not_labeled"
"Arhgef6","30v5",-1.27319359505104,0.11796628096025,"NS","No","Not_labeled"
"Arhgef7","30v5",2.83389230817981,0.0615112672613861,"NS","No","Not_labeled"
"Arhgef9","30v5",0.0295094713581276,0.986917252353528,"NS","No","Not_labeled"
"Arid1a","30v5",0.376234308259016,0.312864002778769,"NS","No","Not_labeled"
"Arid1b","30v5",0.339237168016345,0.437222996285488,"NS","No","Not_labeled"
"Arid2","30v5",-0.149561431142058,0.781727922473635,"NS","No","Not_labeled"
"Arid4a","30v5",-2.27706033043187,0.151983503211354,"NS","No","Not_labeled"
"Arid4b","30v5",0.788004292468572,0.40714084918215,"NS","No","Not_labeled"
"Arid5b","30v5",1.81439333471816,0.0105910001821334,"CLIP_Up","No","Not_labeled"
"Arih1","30v5",0.367262615871624,0.779530842982069,"NS","No","Not_labeled"
"Arih2","30v5",0.450315873082539,0.822453375345446,"NS","No","Not_labeled"
"Ark2c","30v5",1.02313038216382,0.173436596794767,"NS","No","Not_labeled"
"Arl1","30v5",-2.92370831896508,0.216604464473415,"NS","No","Not_labeled"
"Arl14ep","30v5",-2.0309714694001,0.428950587775293,"NS","No","Not_labeled"
"Arl15","30v5",2.73431219317554,0.0238244419438562,"CLIP_Up","No","Not_labeled"
"Arl2bp","30v5",-3.20261789952311,0.247559230291621,"NS","No","Not_labeled"
"Arl3","30v5",-0.983753720236181,0.508854190155084,"NS","No","Not_labeled"
"Arl4a","30v5",-2.21005486871405,0.31636296002568,"NS","No","Not_labeled"
"Arl5a","30v5",-1.21515170636472,0.464819796631199,"NS","No","Not_labeled"
"Arl5b","30v5",-0.66619703678478,0.794916483308115,"NS","No","Not_labeled"
"Arl6ip1","30v5",-1.38789080085105,0.46948963549814,"NS","No","Not_labeled"
"Arl8a","30v5",4.22400800386056,0.0386271917439037,"CLIP_Up","No","Not_labeled"
"Arl8b","30v5",-1.78862068944578,0.360070370304949,"NS","No","Not_labeled"
"Armc1","30v5",-2.26891595342303,0.0911772612769104,"NS","No","Not_labeled"
"Armc8","30v5",0.979500282463031,0.544569081220135,"NS","No","Not_labeled"
"Armcx2","30v5",3.71929275616442,0.172200567792583,"NS","No","Not_labeled"
"Armcx3","30v5",-3.60349460997452,0.269246179218137,"NS","No","Not_labeled"
"Armcx4","30v5",-1.45400709316548,0.440882489430506,"NS","No","Not_labeled"
"Armcx5","30v5",-0.0022444705473923,0.999223880492144,"NS","No","Not_labeled"
"Armh4","30v5",-1.37767520436187,0.370494749209294,"NS","No","Not_labeled"
"Arnt2","30v5",0.916341873868423,0.0113046010144917,"CLIP_Up","No","Not_labeled"
"Arpc1a","30v5",-1.78729090745612,0.174352754803034,"NS","No","Not_labeled"
"Arpc2","30v5",1.44834679307445,0.115243629742021,"NS","No","Not_labeled"
"Arpc4","30v5",0.838578121710578,0.775901715626311,"NS","No","Not_labeled"
"Arpc5","30v5",-2.31691468113266,0.313469682991703,"NS","No","Not_labeled"
"Arpp19","30v5",-0.293708489993127,0.892620007374398,"NS","No","Not_labeled"
"Arpp21","30v5",-0.896780945067336,0.428905207187792,"NS","No","Not_labeled"
"Arrb1","30v5",-0.369571461001851,0.635413669659893,"NS","No","Not_labeled"
"Arrdc3","30v5",-3.69957339165505,0.212500815193617,"NS","No","Not_labeled"
"Arsb","30v5",0.0387180077820706,0.969687306156234,"NS","No","Not_labeled"
"Asap1","30v5",-0.818719501036873,0.301886659790283,"NS","No","Not_labeled"
"Asap2","30v5",-0.771165559114056,0.55309310388998,"NS","No","Not_labeled"
"Asb3","30v5",-2.04040554540873,0.0729282054368896,"NS","No","Not_labeled"
"Ascc3","30v5",-0.980309844613163,0.157963435046923,"NS","No","Not_labeled"
"Ash1l","30v5",0.138155349659273,0.74075689138187,"NS","No","Not_labeled"
"Asic2","30v5",0.466389554296201,0.567444083945966,"NS","No","Not_labeled"
"Asns","30v5",-1.81515896594786,0.554312585286458,"NS","No","Not_labeled"
"Asph","30v5",-0.563579676354839,0.613076941937699,"NS","No","Not_labeled"
"Asphd2","30v5",0.209170173520778,0.937813648998895,"NS","No","Not_labeled"
"Astn1","30v5",0.076675880032516,0.918293904493392,"NS","No","Not_labeled"
"Astn2","30v5",1.04410905934034,0.0304137356123179,"CLIP_Up","No","Not_labeled"
"Asxl1","30v5",-0.877576620408525,0.607196777006999,"NS","No","Not_labeled"
"Asxl2","30v5",-1.80760812205952,0.19610801012854,"NS","No","Not_labeled"
"Asxl3","30v5",1.26661332423908,0.390007831217888,"NS","No","Not_labeled"
"Atad1","30v5",-1.25238489075485,0.417616937044476,"NS","No","Not_labeled"
"Atad2","30v5",-2.06210877615161,0.244685663334573,"NS","No","Not_labeled"
"Atad2b","30v5",0.365961649652875,0.747482168565653,"NS","No","Not_labeled"
"Atcay","30v5",-0.591787380657456,0.711717590210775,"NS","No","Not_labeled"
"Ate1","30v5",-0.238808342094681,0.896004516339359,"NS","No","Not_labeled"
"Atf1","30v5",-3.60600808180732,0.0750115945320281,"NS","No","Not_labeled"
"Atf3","30v5",1.50585283076137,0.397485255167162,"NS","No","Not_labeled"
"Atf4","30v5",-6.47535278413474,0.0294392183828371,"CLIP_Down","No","Not_labeled"
"Atf6","30v5",1.44152488195125,0.0131611291894853,"CLIP_Up","No","Not_labeled"
"Atf7","30v5",-1.97594793000791,0.114369504693782,"NS","No","Not_labeled"
"Atf7ip","30v5",-0.0192033271179421,0.971622755260963,"NS","No","Not_labeled"
"Atg13","30v5",1.88474870780272,0.0768987799369425,"NS","No","Not_labeled"
"Atg16l1","30v5",-4.72946963583826,0.0065502949618665,"CLIP_Down","No","Not_labeled"
"Atg2a","30v5",0.523115271199844,0.784023138734687,"NS","No","Not_labeled"
"Atg2b","30v5",0.192632556578917,0.461170602025333,"NS","No","Not_labeled"
"Atg3","30v5",-0.938908256759914,0.562879631172692,"NS","No","Not_labeled"
"Atg4c","30v5",-3.08471185925642,0.113149561507101,"NS","No","Not_labeled"
"Atg7","30v5",0.364888232291651,0.803054336361895,"NS","No","Not_labeled"
"Atl1","30v5",-0.357781207634814,0.760356238571186,"NS","No","Not_labeled"
"Atl2","30v5",-0.165106955336807,0.896742904839801,"NS","No","Not_labeled"
"Atl3","30v5",1.79807975274543,0.360050263381208,"NS","No","Not_labeled"
"Atm","30v5",-1.02583149062538,0.373393280002983,"NS","No","Not_labeled"
"Atmin","30v5",-1.85332288202872,0.218199695234959,"NS","No","Not_labeled"
"Atn1","30v5",1.73507367662102,0.0287009509011026,"CLIP_Up","No","Not_labeled"
"Atosa","30v5",-2.09691960100074,0.0989355993430637,"NS","No","Not_labeled"
"Atp11a","30v5",-2.17853948065206,0.212273807107957,"NS","No","Not_labeled"
"Atp11b","30v5",0.654298461095969,0.521619833869809,"NS","No","Not_labeled"
"Atp11c","30v5",-1.61016674124603,0.0566971901651792,"NS","No","Not_labeled"
"Atp13a2","30v5",-1.2320011019192,0.610141273977926,"NS","No","Not_labeled"
"Atp13a3","30v5",-2.19874687001279,0.264071008663143,"NS","No","Not_labeled"
"Atp1a1","30v5",-1.9404827920985,0.281021104070381,"NS","No","Not_labeled"
"Atp1a2","30v5",-2.35890475012933,0.167672583819922,"NS","No","Not_labeled"
"Atp1a3","30v5",1.5955498247281,0.0572408312299397,"NS","No","Not_labeled"
"Atp1b1","30v5",0.672148843389736,0.284396853135002,"NS","No","Not_labeled"
"Atp1b2","30v5",-1.0945316228722,0.597246916376681,"NS","No","Not_labeled"
"Atp1b3","30v5",-0.897376536849231,0.535011506526473,"NS","No","Not_labeled"
"Atp2a2","30v5",0.966813504170057,0.0194903090981785,"CLIP_Up","No","Not_labeled"
"Atp2b1","30v5",0.990838377262081,0.080815790629989,"NS","No","Not_labeled"
"Atp2b2","30v5",1.13657214374294,0.0261595026734461,"CLIP_Up","No","Not_labeled"
"Atp2b3","30v5",0.45705071716318,0.768593580040566,"NS","No","Not_labeled"
"Atp2b4","30v5",-0.169840198556702,0.92207561362663,"NS","No","Not_labeled"
"Atp2c1","30v5",0.448679434350602,0.478749243750704,"NS","No","Not_labeled"
"Atp5f1a","30v5",0.966068367203097,0.0135170807208257,"CLIP_Up","No","Not_labeled"
"Atp5f1b","30v5",-1.34994544490466,0.464087058501219,"NS","No","Not_labeled"
"Atp5mc1","30v5",-4.73532077641882,0.0982858733495857,"NS","No","Not_labeled"
"Atp5mc3","30v5",1.97640908442739,0.576467264778095,"NS","No","Not_labeled"
"Atp5pb","30v5",1.21296941756194,0.615951276323183,"NS","No","Not_labeled"
"Atp5po","30v5",2.30543723491648,0.124597559578976,"NS","No","Not_labeled"
"Atp6ap1","30v5",-0.376319077744248,0.837559972939847,"NS","No","Not_labeled"
"Atp6ap2","30v5",0.771979405815443,0.56910890987395,"NS","No","Not_labeled"
"Atp6v0a1","30v5",-3.00813023018249,0.0476640204894966,"CLIP_Down","No","Not_labeled"
"Atp6v0c","30v5",-1.10455545811533,0.484094904907266,"NS","No","Not_labeled"
"Atp6v0d1","30v5",1.19239724515804,0.234767924224751,"NS","No","Not_labeled"
"Atp6v1a","30v5",0.803838500912581,0.0535160068871855,"NS","No","Not_labeled"
"Atp6v1b2","30v5",0.955759877424908,0.017584054457542,"CLIP_Up","No","Not_labeled"
"Atp6v1c1","30v5",-0.102811936819659,0.939667615919258,"NS","No","Not_labeled"
"Atp6v1d","30v5",-2.6823032273147,0.221990106224191,"NS","No","Not_labeled"
"Atp6v1e1","30v5",2.92249061820327,0.044212979924621,"CLIP_Up","No","Not_labeled"
"Atp6v1g2","30v5",-3.25389932695772,0.259942488047083,"NS","No","Not_labeled"
"Atp6v1h","30v5",-1.31936673498941,0.432388390893111,"NS","No","Not_labeled"
"Atp7a","30v5",-2.37850001628287,0.0704993494312928,"NS","No","Not_labeled"
"ATP8","30v5",-0.414365510339119,0.670199088734758,"NS","No","Not_labeled"
"Atp8a1","30v5",0.204890010608522,0.693751423283706,"NS","No","Not_labeled"
"Atp8b2","30v5",0.206096369005321,0.934482970512227,"NS","No","Not_labeled"
"Atp9a","30v5",-1.08757982283735,0.408312871617595,"NS","No","Not_labeled"
"Atp9b","30v5",-0.602396561356782,0.545014730834154,"NS","No","Not_labeled"
"Atpaf1","30v5",-2.38024611675734,0.350601570442437,"NS","No","Not_labeled"
"Atrip","30v5",-2.57574758337629,0.386374641679832,"NS","No","Not_labeled"
"Atrn","30v5",0.090108539056146,0.85742767155071,"NS","No","Not_labeled"
"Atrnl1","30v5",0.338887801000517,0.582217272924246,"NS","No","Not_labeled"
"Atrx","30v5",0.521563958066741,0.286543341865172,"NS","No","Not_labeled"
"Atxn1","30v5",0.933031115979067,0.0162088163697417,"CLIP_Up","No","Not_labeled"
"Atxn10","30v5",0.454141513874306,0.432449434098689,"NS","No","Not_labeled"
"Atxn1l","30v5",-3.75180532385099,0.171793497557117,"NS","No","Not_labeled"
"Atxn2","30v5",0.154253685352889,0.842319051085352,"NS","No","Not_labeled"
"Atxn2l","30v5",-1.05374782411816,0.568917215925378,"NS","No","Not_labeled"
"Atxn7","30v5",-1.56784834087849,0.249792516575922,"NS","No","Not_labeled"
"Atxn7l3","30v5",1.28609191706599,0.567306534015654,"NS","No","Not_labeled"
"Atxn7l3b","30v5",-1.19241186036011,0.593799889766336,"NS","No","Not_labeled"
"Auts2","30v5",1.61199397653815,0.00945624960537442,"CLIP_Up","No","Not_labeled"
"Avl9","30v5",0.159441443289062,0.810627204539201,"NS","No","Not_labeled"
"Axin1","30v5",-0.801927421479685,0.714075921959965,"NS","No","Not_labeled"
"Azi2","30v5",-2.97090231562566,0.28543902088688,"NS","No","Not_labeled"
"Azin1","30v5",-3.12827908675677,0.232827618357497,"NS","No","Not_labeled"
"B230219D22Rik","30v5",-1.71918784600264,0.403640731817889,"NS","No","Not_labeled"
"B2m","30v5",-1.34693713575136,0.480186693884278,"NS","No","Not_labeled"
"B3galt1","30v5",-1.4313106946153,0.156745438051379,"NS","No","Not_labeled"
"B3galt2","30v5",-1.74506456510116,0.319009794037307,"NS","No","Not_labeled"
"B3galt5","30v5",-1.63731213141155,0.266827909615414,"NS","No","Not_labeled"
"B3gat1","30v5",1.61412128924174,0.0287412476348547,"CLIP_Up","No","Not_labeled"
"B3gnt2","30v5",-0.863682451851098,0.615788860257038,"NS","No","Not_labeled"
"B4galt2","30v5",-3.70483532332301,0.188077856518657,"NS","No","Not_labeled"
"B4galt5","30v5",-1.895477855387,0.262736525817926,"NS","No","Not_labeled"
"B4galt6","30v5",-0.712000877593137,0.592638579309746,"NS","No","Not_labeled"
"Bace1","30v5",-3.74628663458874,0.107019545274121,"NS","No","Not_labeled"
"Bach1","30v5",0.0991170082918451,0.912592129882732,"NS","No","Not_labeled"
"Bach2","30v5",1.8144777572648,0.13796620990262,"NS","No","Not_labeled"
"Bag1","30v5",-6.02414872392302,0.0458557266616532,"CLIP_Down","No","Not_labeled"
"Bag4","30v5",0.310398367960841,0.639855234023118,"NS","No","Not_labeled"
"Bag5","30v5",-2.88645619669994,0.418329756359078,"NS","No","Not_labeled"
"Bahcc1","30v5",-0.160453560110575,0.829572581352333,"NS","No","Not_labeled"
"Bahd1","30v5",-1.67010133954603,0.321525961460757,"NS","No","Not_labeled"
"Baiap2","30v5",-2.16557682965427,0.204548810029138,"NS","No","Not_labeled"
"Bap1","30v5",-3.88602187583775,0.100090846997193,"NS","No","Not_labeled"
"Basp1","30v5",0.919848826670743,0.0530943628152728,"NS","No","Not_labeled"
"Baz1b","30v5",-2.83441896116824,0.113341635712799,"NS","No","Not_labeled"
"Baz2a","30v5",-1.27724013626717,0.426342288868569,"NS","No","Not_labeled"
"Baz2b","30v5",-2.30799709081679,0.00953080371739938,"CLIP_Down","No","Not_labeled"
"Bbs1","30v5",-0.632025571408865,0.709447549670295,"NS","No","Not_labeled"
"Bbs4","30v5",-1.50008507633232,0.13430666156961,"NS","No","Not_labeled"
"Bbs7","30v5",-4.33930719421982,0.0431130981737266,"CLIP_Down","No","Not_labeled"
"Bbx","30v5",-0.501409546407979,0.702345592908911,"NS","No","Not_labeled"
"BC005537","30v5",0.875159113570325,0.10001141146304,"NS","No","Not_labeled"
"Bcap29","30v5",-1.37441740803052,0.544378753366016,"NS","No","Not_labeled"
"Bcar1","30v5",-1.50815564003725,0.278555445537,"NS","No","Not_labeled"
"Bcas1","30v5",-3.84823020091132,0.157209955264973,"NS","No","Not_labeled"
"Bcl11a","30v5",-0.188231562178362,0.759422199740612,"NS","No","Not_labeled"
"Bcl11b","30v5",1.39422737857697,0.0338367932741315,"CLIP_Up","No","Not_labeled"
"Bcl2","30v5",0.134332865342901,0.877266046917542,"NS","No","Not_labeled"
"Bcl2l1","30v5",0.915266705435001,0.677013566659116,"NS","No","Not_labeled"
"Bcl2l2","30v5",-4.04198926324461,0.174882903140613,"NS","No","Not_labeled"
"Bcl6","30v5",-1.16071481045333,0.500636345283523,"NS","No","Not_labeled"
"Bcl7a","30v5",-0.177700063766955,0.939688854934363,"NS","No","Not_labeled"
"Bcl9","30v5",-2.74021607233135,0.142648325979328,"NS","No","Not_labeled"
"Bcl9l","30v5",1.12207732620424,0.640691797468862,"NS","No","Not_labeled"
"Bclaf1","30v5",-0.387772558673258,0.82655398197249,"NS","No","Not_labeled"
"Bclaf3","30v5",-1.0766637196361,0.530795990198408,"NS","No","Not_labeled"
"Bcorl1","30v5",0.789441425738913,0.70898310885394,"NS","No","Not_labeled"
"Bcr","30v5",0.920372444178887,0.00886528889216727,"CLIP_Up","No","Not_labeled"
"Bdp1","30v5",-1.93027806021269,0.198815915098938,"NS","No","Not_labeled"
"Begain","30v5",-0.746596892987884,0.593773285334531,"NS","No","Not_labeled"
"Bend3","30v5",0.974082301658985,0.661127927743273,"NS","No","Not_labeled"
"Bend6","30v5",-1.26524996730783,0.500162982096451,"NS","No","Not_labeled"
"Bex1","30v5",-6.30565034986936,0.113800295277828,"NS","No","Not_labeled"
"Bex2","30v5",-0.580737035984316,0.841713659169311,"NS","No","Not_labeled"
"Bex3","30v5",0.961544949456224,0.800436851896331,"NS","No","Not_labeled"
"Bhlhb9","30v5",-6.41049765489245,0.0343266724454231,"CLIP_Down","No","Not_labeled"
"Bhlhe22","30v5",-0.351543621113388,0.876625156272177,"NS","No","Not_labeled"
"Bhlhe40","30v5",-2.99683394576566,0.257638166147913,"NS","No","Not_labeled"
"Bhlhe41","30v5",-2.09186972592055,0.485432439350238,"NS","No","Not_labeled"
"Bicc1","30v5",-0.80956093049287,0.60182441015076,"NS","No","Not_labeled"
"Bicd1","30v5",1.17252104844331,0.213816677582032,"NS","No","Not_labeled"
"Bicd2","30v5",-1.3387291578858,0.462107632561906,"NS","No","Not_labeled"
"Bicdl1","30v5",-1.58373509532417,0.431868086927767,"NS","No","Not_labeled"
"Bicra","30v5",-0.167527183433427,0.942417437994603,"NS","No","Not_labeled"
"Bicral","30v5",0.194085463502065,0.786811662419802,"NS","No","Not_labeled"
"Bin1","30v5",-1.32798559887177,0.400149322570444,"NS","No","Not_labeled"
"Birc2","30v5",-3.31172430720789,0.0981761325624871,"NS","No","Not_labeled"
"Birc6","30v5",0.650903474909462,0.321927411574972,"NS","No","Not_labeled"
"Bivm","30v5",0.241440856261685,0.9152555652839,"NS","No","Not_labeled"
"Blcap","30v5",1.63880520977432,0.485274597509993,"NS","No","Not_labeled"
"Blm","30v5",-0.992354215364882,0.406617339015012,"NS","No","Not_labeled"
"Bltp1","30v5",0.190520348612626,0.673874344904204,"NS","No","Not_labeled"
"Bltp2","30v5",0.0892085409170456,0.755505108996654,"NS","No","Not_labeled"
"Bltp3a","30v5",-2.55772065068443,0.174937749997535,"NS","No","Not_labeled"
"Bltp3b","30v5",0.0397420658622885,0.934516079116302,"NS","No","Not_labeled"
"Bmerb1","30v5",-0.913479300348959,0.467599849471124,"NS","No","Not_labeled"
"Bmi1","30v5",0.436037136663172,0.401623498394245,"NS","No","Not_labeled"
"Bmp2k","30v5",0.236638428805081,0.850510306808392,"NS","No","Not_labeled"
"Bmpr1a","30v5",-0.909289232543907,0.372875074220483,"NS","No","Not_labeled"
"Bmpr1b","30v5",-1.32584636536186,0.0668767968410517,"NS","No","Not_labeled"
"Bmpr2","30v5",0.414818954538735,0.29174331605031,"NS","No","Not_labeled"
"Bmt2","30v5",-2.86360559442863,0.0670806192546468,"NS","No","Not_labeled"
"Bnip3l","30v5",-5.67914736796141,0.0111108951687053,"CLIP_Down","No","Not_labeled"
"Bod1l","30v5",-0.776973475390782,0.223388481698678,"NS","No","Not_labeled"
"Bpnt1","30v5",1.56410924108637,0.441602128648952,"NS","No","Not_labeled"
"Bpnt2","30v5",-3.74581460161611,0.0298492474619133,"CLIP_Down","No","Not_labeled"
"Bptf","30v5",0.12317183630815,0.794696431282404,"NS","No","Not_labeled"
"Braf","30v5",0.820704963936895,0.0845531046747619,"NS","No","Not_labeled"
"Brap","30v5",-4.79985361166386,0.0126167450289449,"CLIP_Down","No","Not_labeled"
"Brd1","30v5",-0.447416338956699,0.783737828394202,"NS","No","Not_labeled"
"Brd2","30v5",1.96071485451026,0.489041737428733,"NS","No","Not_labeled"
"Brd3","30v5",-0.205940344002742,0.920624654711776,"NS","No","Not_labeled"
"Brd4","30v5",0.677540075127729,0.241272267106759,"NS","No","Not_labeled"
"Brd7","30v5",-1.07056310741754,0.604896134851579,"NS","No","Not_labeled"
"Brd8","30v5",-2.885950779458,0.265388094902755,"NS","No","Not_labeled"
"Bri3","30v5",-1.26640218899883,0.269036348199801,"NS","No","Not_labeled"
"Bri3bp","30v5",-0.193848021280457,0.901409243916128,"NS","No","Not_labeled"
"Brinp1","30v5",0.77582890846782,0.0773732882538022,"NS","No","Not_labeled"
"Brinp2","30v5",1.80050110720857,0.00576356677822102,"CLIP_Up","No","Not_labeled"
"Brms1l","30v5",-1.0264040405857,0.62050463037192,"NS","No","Not_labeled"
"Brox","30v5",-1.70590415252652,0.372774514563817,"NS","No","Not_labeled"
"Brpf1","30v5",-4.68698223785707,0.109337417018375,"NS","No","Not_labeled"
"Brpf3","30v5",-0.907022452456967,0.650917396113701,"NS","No","Not_labeled"
"Brsk1","30v5",1.3389066208921,0.0475001163646149,"CLIP_Up","No","Not_labeled"
"Brsk2","30v5",0.379965219880867,0.626739969416413,"NS","No","Not_labeled"
"Brwd1","30v5",-1.93793461121091,0.237922289114265,"NS","No","Not_labeled"
"Brwd3","30v5",-1.95774030092875,0.192953764513219,"NS","No","Not_labeled"
"Bsdc1","30v5",-4.42232747324134,0.00841712620448546,"CLIP_Down","No","Not_labeled"
"Bsg","30v5",-0.347143309813699,0.916029466108379,"NS","No","Not_labeled"
"Bsn","30v5",0.806140453274965,0.155462013742313,"NS","No","Not_labeled"
"Btaf1","30v5",-1.73067791049824,0.136841689068287,"NS","No","Not_labeled"
"Btbd1","30v5",0.0927703338307575,0.918066712754013,"NS","No","Not_labeled"
"Btbd2","30v5",-1.07591408792707,0.545368776666136,"NS","No","Not_labeled"
"Btbd3","30v5",0.791048403180388,0.141951040577302,"NS","No","Not_labeled"
"Btbd6","30v5",2.57462229671463,0.525716052339167,"NS","No","Not_labeled"
"Btbd7","30v5",0.64492769852416,0.584299372190189,"NS","No","Not_labeled"
"Btbd9","30v5",-0.395699505280737,0.656255229820546,"NS","No","Not_labeled"
"Btf3l4","30v5",-1.48329816002636,0.498360262801609,"NS","No","Not_labeled"
"Btg1","30v5",-1.76780803807457,0.407455341271453,"NS","No","Not_labeled"
"Btg2","30v5",1.4253755198104,0.627199677796415,"NS","No","Not_labeled"
"Btrc","30v5",0.267111821202459,0.728841650060718,"NS","No","Not_labeled"
"Bzw1","30v5",-3.10498808707924,0.28188557106664,"NS","No","Not_labeled"
"C1ql3","30v5",-1.36458023609105,0.566894616352893,"NS","No","Not_labeled"
"C2cd2l","30v5",2.10555368780848,0.0740305375420534,"NS","No","Not_labeled"
"C2cd3","30v5",-0.185164321099482,0.785917632539744,"NS","No","Not_labeled"
"C2cd5","30v5",-1.09827453466093,0.46182170370682,"NS","No","Not_labeled"
"C9orf72","30v5",-0.973865042672176,0.689055377538781,"NS","No","Not_labeled"
"Cab39","30v5",0.383487288375365,0.472929011531054,"NS","No","Not_labeled"
"Cab39l","30v5",-2.78856745045945,0.046530083572995,"CLIP_Down","No","Not_labeled"
"Cabin1","30v5",-0.249897074883248,0.787407200932395,"NS","No","Not_labeled"
"Cabp7","30v5",1.45825770392049,0.00917964275837255,"CLIP_Up","No","Not_labeled"
"Cachd1","30v5",0.288543944288998,0.536702319503149,"NS","No","Not_labeled"
"Cacna1a","30v5",1.23323083894134,0.000709070602533319,"CLIP_Up","Yes","Increased"
"Cacna1b","30v5",1.67263443050429,0.0634442643168021,"NS","No","Not_labeled"
"Cacna1c","30v5",-0.098562234164898,0.906853051805881,"NS","No","Not_labeled"
"Cacna1d","30v5",1.07230056810357,0.261026349284534,"NS","No","Not_labeled"
"Cacna1e","30v5",0.983237461551881,0.00733750561463135,"CLIP_Up","Yes","Increased"
"Cacna1h","30v5",2.71137650679241,0.191743821243607,"NS","No","Not_labeled"
"Cacna1i","30v5",1.16605123413715,0.098430228490793,"NS","No","Not_labeled"
"Cacna2d3","30v5",0.955679601373633,0.0390194437247853,"CLIP_Up","No","Not_labeled"
"Cacnb1","30v5",-0.519772093971681,0.83366722352016,"NS","No","Not_labeled"
"Cacnb3","30v5",0.321394252269895,0.60681444280474,"NS","No","Not_labeled"
"Cacnb4","30v5",0.26701771998655,0.532425780014059,"NS","No","Not_labeled"
"Cacng2","30v5",1.10425406430258,0.0899948039107472,"NS","No","Not_labeled"
"Cacng7","30v5",0.479744677142041,0.80801648288489,"NS","No","Not_labeled"
"Cacng8","30v5",1.71587476946713,0.403238473976423,"NS","No","Not_labeled"
"Cacul1","30v5",1.77386547769374,0.00735195107383734,"CLIP_Up","No","Not_labeled"
"Cadm1","30v5",-0.518009877942148,0.663768004685224,"NS","No","Not_labeled"
"Cadm2","30v5",0.876552878356785,0.167291004164011,"NS","No","Not_labeled"
"Cadm3","30v5",-0.694109659910147,0.642647761162583,"NS","No","Not_labeled"
"Cadm4","30v5",-0.775675277896091,0.728754581653691,"NS","No","Not_labeled"
"Cadps","30v5",1.0491049107247,0.0559348951859409,"NS","No","Not_labeled"
"Calcoco1","30v5",-4.0809238821394,0.0442457156471001,"CLIP_Down","No","Not_labeled"
"Calm1","30v5",1.32820734134794,0.0218053893807738,"CLIP_Up","No","Not_labeled"
"Calm2","30v5",1.58047809119407,0.00181889333534806,"CLIP_Up","Yes","Increased"
"Calm3","30v5",1.9492543962207,0.0351742186626237,"CLIP_Up","No","Not_labeled"
"Caln1","30v5",1.86117559003072,0.164579375552254,"NS","No","Not_labeled"
"Calr","30v5",-4.0221693439244,0.18196378322896,"NS","No","Not_labeled"
"Calu","30v5",-2.22416945806936,0.396441195847553,"NS","No","Not_labeled"
"Caly","30v5",-2.56825455682869,0.142256704078393,"NS","No","Not_labeled"
"Camk1d","30v5",0.611741503981046,0.266922444084355,"NS","No","Not_labeled"
"Camk2a","30v5",1.34838149214748,0.00589283808681633,"CLIP_Up","Yes","Increased"
"Camk2b","30v5",1.31858296908667,0.0151164371743466,"CLIP_Up","No","Not_labeled"
"Camk2g","30v5",-1.68287279962337,0.267527043701269,"NS","No","Not_labeled"
"Camk2n1","30v5",0.807990788588609,0.0732607804886709,"NS","No","Not_labeled"
"Camk4","30v5",0.198327140241235,0.785018907681189,"NS","No","Not_labeled"
"Camkk1","30v5",-0.349697129714962,0.883092777237613,"NS","No","Not_labeled"
"Camkk2","30v5",1.94345158853025,0.0741390069461565,"NS","No","Not_labeled"
"Camkv","30v5",0.58932136570992,0.0809623754738774,"NS","No","Not_labeled"
"Camsap1","30v5",0.291441087091484,0.400597985829861,"NS","No","Not_labeled"
"Camsap2","30v5",1.11681430007668,0.00754369215799342,"CLIP_Up","No","Not_labeled"
"Camsap3","30v5",-1.48061411129877,0.559738855824185,"NS","No","Not_labeled"
"Camta1","30v5",1.37828725139146,0.132910571875526,"NS","No","Not_labeled"
"Camta2","30v5",-2.26761491194468,0.394874084644882,"NS","No","Not_labeled"
"Cand1","30v5",0.199088114181753,0.676337157655452,"NS","No","Not_labeled"
"Canx","30v5",-2.61822844596159,0.231074044095344,"NS","No","Not_labeled"
"Cap1","30v5",-1.38798328660185,0.490979075840979,"NS","No","Not_labeled"
"Cap2","30v5",-0.213394447373673,0.85759184680391,"NS","No","Not_labeled"
"Capn2","30v5",-3.51365512359379,0.0230329705315798,"CLIP_Down","No","Not_labeled"
"Capn7","30v5",-2.20587575321525,0.360828633486731,"NS","No","Not_labeled"
"Caprin1","30v5",0.514563950856668,0.336034362680925,"NS","No","Not_labeled"
"Capza1","30v5",1.57998437628421,0.335283736367648,"NS","No","Not_labeled"
"Capza2","30v5",1.30680964201004,0.0899066330816281,"NS","No","Not_labeled"
"Capzb","30v5",0.666752736937175,0.677331814922281,"NS","No","Not_labeled"
"Car10","30v5",-1.77024228701546,0.00942392814173876,"CLIP_Down","No","Not_labeled"
"Car12","30v5",-2.23514224086586,0.23141105861048,"NS","No","Not_labeled"
"Car2","30v5",-1.38575546089262,0.401894867317723,"NS","No","Not_labeled"
"Carmil1","30v5",-1.95066667190017,0.0993441801289207,"NS","No","Not_labeled"
"Carmil3","30v5",-0.855898919028481,0.695436959820627,"NS","No","Not_labeled"
"Casc3","30v5",-2.50650280011796,0.176613907051703,"NS","No","Not_labeled"
"Casd1","30v5",-0.360068832413823,0.826201116397083,"NS","No","Not_labeled"
"Cask","30v5",-0.277020097977245,0.833066961709344,"NS","No","Not_labeled"
"Caskin1","30v5",0.314112111214622,0.75584284048064,"NS","No","Not_labeled"
"Casp8ap2","30v5",-1.22384788807771,0.591753905733782,"NS","No","Not_labeled"
"Castor2","30v5",2.11908157385892,0.0395564491147464,"CLIP_Up","No","Not_labeled"
"Catspere2","30v5",0.77424967046414,0.614759139106816,"NS","No","Not_labeled"
"Cav1","30v5",-2.01399170081445,0.175123929301475,"NS","No","Not_labeled"
"Cbarp","30v5",-0.548725831388962,0.817572980717698,"NS","No","Not_labeled"
"Cbfa2t2","30v5",-1.71028147864189,0.22371702752933,"NS","No","Not_labeled"
"Cbfa2t3","30v5",-0.872473696567422,0.64041685329539,"NS","No","Not_labeled"
"Cbfb","30v5",-1.28798371519546,0.580334726370712,"NS","No","Not_labeled"
"Cbl","30v5",-1.23484947139847,0.259226368528433,"NS","No","Not_labeled"
"Cblb","30v5",0.122085834226447,0.907462235434746,"NS","No","Not_labeled"
"Cbx3","30v5",-0.0506291220190738,0.979652036505941,"NS","No","Not_labeled"
"Cbx4","30v5",-0.567915937088723,0.840060251012867,"NS","No","Not_labeled"
"Cbx5","30v5",0.481947501564588,0.433775791918629,"NS","No","Not_labeled"
"Cbx6","30v5",1.57606178696705,0.0235949148877469,"CLIP_Up","No","Not_labeled"
"Cc2d1b","30v5",-4.18144258353017,0.0328299023308251,"CLIP_Down","No","Not_labeled"
"Cc2d2a","30v5",-1.8589979243344,0.344684137267773,"NS","No","Not_labeled"
"Ccar1","30v5",-2.19014933816371,0.134425393279592,"NS","No","Not_labeled"
"Ccdc126","30v5",5.85862321012279,0.0137135706028963,"CLIP_Up","No","Not_labeled"
"Ccdc127","30v5",2.03209298039432,0.403398724768428,"NS","No","Not_labeled"
"Ccdc141","30v5",-5.25313605413383,0.000248422138716101,"CLIP_Down","No","Not_labeled"
"Ccdc149","30v5",-0.937941992053774,0.475401107478028,"NS","No","Not_labeled"
"Ccdc186","30v5",-0.582898791782829,0.70622057470774,"NS","No","Not_labeled"
"Ccdc47","30v5",0.711405493305914,0.75032451273212,"NS","No","Not_labeled"
"Ccdc50","30v5",-4.61319096855659,0.00800527654874327,"CLIP_Down","No","Not_labeled"
"Ccdc6","30v5",0.208814172806971,0.851066755517588,"NS","No","Not_labeled"
"Ccdc85a","30v5",-0.559544644137713,0.679391469958181,"NS","No","Not_labeled"
"Ccdc88a","30v5",0.228791960943234,0.65608268408787,"NS","No","Not_labeled"
"Ccdc88c","30v5",0.570758069949385,0.699268735768568,"NS","No","Not_labeled"
"Ccdc90b","30v5",-3.19339409371412,0.12712141029166,"NS","No","Not_labeled"
"Ccdc92","30v5",0.123307425230989,0.95716653404851,"NS","No","Not_labeled"
"Ccn1","30v5",-4.49173488114806,0.141622462916295,"NS","No","Not_labeled"
"Ccnd2","30v5",-2.02051022423287,0.220973823580738,"NS","No","Not_labeled"
"Ccng1","30v5",2.03213117013485,0.332266899715958,"NS","No","Not_labeled"
"Ccng2","30v5",-5.74231481529328,0.0264730162217867,"CLIP_Down","No","Not_labeled"
"Ccnh","30v5",-2.35699010648294,0.415060358952134,"NS","No","Not_labeled"
"Ccni","30v5",-0.112935436609384,0.914410919865581,"NS","No","Not_labeled"
"Ccnt1","30v5",-2.98895016457895,0.0410944653472428,"CLIP_Down","No","Not_labeled"
"Ccnt2","30v5",1.61886751556517,0.438110206240494,"NS","No","Not_labeled"
"Ccny","30v5",0.382655431432596,0.462916127146497,"NS","No","Not_labeled"
"Ccp110","30v5",-0.882541710278773,0.346027776443091,"NS","No","Not_labeled"
"Ccsap","30v5",-4.18394371481479,0.0262303508316325,"CLIP_Down","No","Not_labeled"
"Ccser1","30v5",0.390803008619847,0.289007505099096,"NS","No","Not_labeled"
"Ccser2","30v5",-0.920006395298654,0.518482827974118,"NS","No","Not_labeled"
"Cct4","30v5",-2.36962834721171,0.420973572606302,"NS","No","Not_labeled"
"Cct5","30v5",-2.43323305191249,0.290176997112098,"NS","No","Not_labeled"
"Cct7","30v5",-2.5058571300442,0.12089526542201,"NS","No","Not_labeled"
"Cct8","30v5",-1.35607974010943,0.628434733557147,"NS","No","Not_labeled"
"Ccz1","30v5",-2.24213751653228,0.17829365133376,"NS","No","Not_labeled"
"Cd164","30v5",-6.811749758482,0.00335127203074074,"CLIP_Down","No","Not_labeled"
"Cd200","30v5",3.42787103688667,0.139874241459099,"NS","No","Not_labeled"
"Cd2bp2","30v5",3.96417632747414,0.227027768796778,"NS","No","Not_labeled"
"Cd34","30v5",2.19869521935903,0.428970515447522,"NS","No","Not_labeled"
"Cd47","30v5",-0.361044194484533,0.784005313018017,"NS","No","Not_labeled"
"Cd63","30v5",7.73444904711258,0.0463198436007167,"CLIP_Up","No","Not_labeled"
"Cd83","30v5",-2.22993980954566,0.362797169082668,"NS","No","Not_labeled"
"Cdc14b","30v5",-1.66590345780755,0.376141669235469,"NS","No","Not_labeled"
"Cdc16","30v5",-0.142614289180742,0.937506286119792,"NS","No","Not_labeled"
"Cdc23","30v5",-3.34506496642308,0.13970825524572,"NS","No","Not_labeled"
"Cdc27","30v5",0.630851338507895,0.391026452630657,"NS","No","Not_labeled"
"Cdc37l1","30v5",-1.87778959788696,0.345532391460817,"NS","No","Not_labeled"
"Cdc40","30v5",-0.385262485391981,0.813195831310348,"NS","No","Not_labeled"
"Cdc42","30v5",1.00953735404766,0.564859403689832,"NS","No","Not_labeled"
"Cdc42bpa","30v5",0.259830427009281,0.541517641951475,"NS","No","Not_labeled"
"Cdc42bpb","30v5",-0.23737843675267,0.577398324914685,"NS","No","Not_labeled"
"Cdc42ep4","30v5",-2.74482809036928,0.284848328092976,"NS","No","Not_labeled"
"Cdc42se2","30v5",-0.616975117758181,0.619031501419446,"NS","No","Not_labeled"
"Cdc5l","30v5",0.430813461367717,0.766742487928261,"NS","No","Not_labeled"
"Cdc73","30v5",-0.144196730830374,0.861540409720065,"NS","No","Not_labeled"
"Cdh10","30v5",0.687164768967638,0.656888737029941,"NS","No","Not_labeled"
"Cdh11","30v5",-0.264389230143345,0.831201528311535,"NS","No","Not_labeled"
"Cdh12","30v5",0.879411693446628,0.212559789359416,"NS","No","Not_labeled"
"Cdh19","30v5",-2.08441877936853,0.159293581808069,"NS","No","Not_labeled"
"Cdh2","30v5",0.442019993341111,0.730864109235047,"NS","No","Not_labeled"
"Cdh8","30v5",2.31742885721967,0.0475753415944006,"CLIP_Up","No","Not_labeled"
"Cdh9","30v5",1.70411553999914,0.271944116358977,"NS","No","Not_labeled"
"Cdip1","30v5",-0.253912048402815,0.884649043564757,"NS","No","Not_labeled"
"Cdk11b","30v5",-3.81432213957342,0.156479831369838,"NS","No","Not_labeled"
"Cdk12","30v5",-1.12019267369296,0.0536896665634154,"NS","No","Not_labeled"
"Cdk13","30v5",-0.0983239908993179,0.790295917478795,"NS","No","Not_labeled"
"Cdk14","30v5",0.299846690734819,0.563420308045439,"NS","No","Not_labeled"
"Cdk16","30v5",0.745989932262763,0.151816010155269,"NS","No","Not_labeled"
"Cdk17","30v5",-1.71948969154474,0.274125168569123,"NS","No","Not_labeled"
"Cdk19","30v5",0.0871973393180792,0.889511715012507,"NS","No","Not_labeled"
"Cdk5r1","30v5",1.55866947965425,0.0392121310784657,"CLIP_Up","No","Not_labeled"
"Cdk5r2","30v5",1.80049958988211,0.053704243337549,"NS","No","Not_labeled"
"Cdk5rap2","30v5",-1.30686150918044,0.283723354592454,"NS","No","Not_labeled"
"Cdk7","30v5",-0.0263139073964576,0.983398995096769,"NS","No","Not_labeled"
"Cdkl2","30v5",0.895947594254502,0.69721320922402,"NS","No","Not_labeled"
"Cdkl5","30v5",0.244408902762566,0.567550092207796,"NS","No","Not_labeled"
"Cdkn1b","30v5",0.531717778996905,0.857585846213633,"NS","No","Not_labeled"
"Cds1","30v5",0.438233601264505,0.717090038414121,"NS","No","Not_labeled"
"Cds2","30v5",0.798485174146985,0.261227935748205,"NS","No","Not_labeled"
"Cdv3","30v5",-3.2306849921803,0.280652435494139,"NS","No","Not_labeled"
"Cdyl","30v5",-0.90626446186681,0.292435112169053,"NS","No","Not_labeled"
"Cdyl2","30v5",0.336299975518518,0.777605485977251,"NS","No","Not_labeled"
"Cebpz","30v5",0.541541252595758,0.492249112319942,"NS","No","Not_labeled"
"Cecr2","30v5",0.331428372690803,0.814456006669397,"NS","No","Not_labeled"
"Celf2","30v5",0.918108586097022,0.246238059984838,"NS","No","Not_labeled"
"Celf3","30v5",-0.215332278443501,0.927323599710791,"NS","No","Not_labeled"
"Celf4","30v5",1.0415371631798,0.0606217601404956,"NS","No","Not_labeled"
"Celf5","30v5",1.32587546098992,0.140474939940216,"NS","No","Not_labeled"
"Celsr2","30v5",0.307555912146853,0.755115248059185,"NS","No","Not_labeled"
"Celsr3","30v5",1.98649565957239,0.241385246334782,"NS","No","Not_labeled"
"Cemip2","30v5",1.77677265745313,0.235858749817433,"NS","No","Not_labeled"
"Cend1","30v5",3.97357151751754,0.348024178344879,"NS","No","Not_labeled"
"Cenpb","30v5",3.07889525157197,0.135860327069418,"NS","No","Not_labeled"
"Cep104","30v5",-1.01160815200473,0.405680840265109,"NS","No","Not_labeled"
"Cep120","30v5",-0.335983286491296,0.788600159342817,"NS","No","Not_labeled"
"Cep131","30v5",-5.04892502355283,0.0485192767450253,"CLIP_Down","No","Not_labeled"
"Cep170","30v5",-0.0466511041796303,0.983388065922021,"NS","No","Not_labeled"
"Cep170b","30v5",1.14942080553103,0.0864110810555909,"NS","No","Not_labeled"
"Cep20","30v5",-7.54224741909891,0.000174013169006968,"CLIP_Down","No","Not_labeled"
"Cep290","30v5",-2.42263846915865,0.13565695589935,"NS","No","Not_labeled"
"Cep295","30v5",-1.27289082810234,0.465637962639124,"NS","No","Not_labeled"
"Cep350","30v5",-1.44839965999546,0.0273041325112237,"CLIP_Down","No","Not_labeled"
"Cep68","30v5",0.319625876533911,0.856488035453736,"NS","No","Not_labeled"
"Cep83","30v5",0.412856997583323,0.760278810725803,"NS","No","Not_labeled"
"Cep97","30v5",-3.98634037044428,0.000624865224849263,"CLIP_Down","No","Not_labeled"
"Cept1","30v5",-0.094240067565238,0.969378081135722,"NS","No","Not_labeled"
"Cerk","30v5",-1.16351046396792,0.12217573273597,"NS","No","Not_labeled"
"Cers6","30v5",-0.288797160569046,0.817213009498613,"NS","No","Not_labeled"
"Cert1","30v5",1.19247835439576,0.22281336467174,"NS","No","Not_labeled"
"Cfap36","30v5",-1.23712664750101,0.536913152972744,"NS","No","Not_labeled"
"Cfap418","30v5",3.85636996427355,0.0727804522124025,"NS","No","Not_labeled"
"Cfl1","30v5",-0.65108575269486,0.782161616413952,"NS","No","Not_labeled"
"Cflar","30v5",-1.16495051118756,0.458298676953923,"NS","No","Not_labeled"
"Cggbp1","30v5",-1.12745893116634,0.607792955710964,"NS","No","Not_labeled"
"Champ1","30v5",0.682005762585971,0.419550363472929,"NS","No","Not_labeled"
"Chchd6","30v5",-0.398280867325069,0.516414440726689,"NS","No","Not_labeled"
"Chd1","30v5",-3.9233535317398,0.00392519921896092,"CLIP_Down","Yes","Decreased"
"Chd2","30v5",-2.14466534311385,0.148440043699782,"NS","No","Not_labeled"
"Chd3","30v5",0.99868216016919,0.0384439512659722,"CLIP_Up","No","Not_labeled"
"Chd4","30v5",-2.27336048379514,0.257137787283981,"NS","No","Not_labeled"
"Chd5","30v5",0.367259662624797,0.588472646107548,"NS","No","Not_labeled"
"Chd6","30v5",-0.520113361800152,0.502271821236442,"NS","No","Not_labeled"
"Chd7","30v5",-0.731762113586063,0.652697018642575,"NS","No","Not_labeled"
"Chd8","30v5",-0.155848689326689,0.729097224472552,"NS","No","Not_labeled"
"Chd9","30v5",-0.550447762432897,0.390401364864083,"NS","No","Not_labeled"
"Cherp","30v5",-2.41224060396569,0.187294039103364,"NS","No","Not_labeled"
"Chfr","30v5",-0.305029897729988,0.889371036094479,"NS","No","Not_labeled"
"Chgb","30v5",-0.662071641397603,0.742039081996302,"NS","No","Not_labeled"
"Chic1","30v5",-0.520722088199811,0.754724476534206,"NS","No","Not_labeled"
"Chl1","30v5",0.667051072596842,0.343359223862597,"NS","No","Not_labeled"
"Chm","30v5",0.616352836662254,0.539270184856036,"NS","No","Not_labeled"
"Chmp1b2","30v5",-1.53493527537969,0.421969377604848,"NS","No","Not_labeled"
"Chmp4b","30v5",-1.36225627197107,0.220618042463519,"NS","No","Not_labeled"
"Chmp7","30v5",-2.16488081841449,0.350070534364248,"NS","No","Not_labeled"
"Chn1","30v5",0.971771720301932,0.167439147187406,"NS","No","Not_labeled"
"Chn2","30v5",-0.711479149168952,0.305424054913373,"NS","No","Not_labeled"
"Chordc1","30v5",0.82793196296183,0.649167157133635,"NS","No","Not_labeled"
"Chp1","30v5",-2.74699124878298,0.211418140890577,"NS","No","Not_labeled"
"Chpf","30v5",-5.25388207386915,0.0463600886441721,"CLIP_Down","No","Not_labeled"
"Chpt1","30v5",-1.35908819147349,0.472835462933302,"NS","No","Not_labeled"
"Chrm1","30v5",-0.542265487046822,0.768061453841592,"NS","No","Not_labeled"
"Chrm3","30v5",0.744362981289509,0.33151830368857,"NS","No","Not_labeled"
"Chrnb2","30v5",-5.88498046739186,0.00876473462875613,"CLIP_Down","No","Not_labeled"
"Chst1","30v5",1.64000336317774,0.0737444654084235,"NS","No","Not_labeled"
"Chst10","30v5",-0.840150822985353,0.77293086279144,"NS","No","Not_labeled"
"Chst11","30v5",-0.754679585074751,0.460058326264162,"NS","No","Not_labeled"
"Chst15","30v5",1.78305604873685,4.43263566825182e-05,"CLIP_Up","No","Not_labeled"
"Chst2","30v5",-0.306499610141223,0.666129697921821,"NS","No","Not_labeled"
"Chst8","30v5",0.209140345008676,0.842990810752887,"NS","No","Not_labeled"
"Chsy1","30v5",-3.37424559520882,0.0264976143637076,"CLIP_Down","No","Not_labeled"
"Chtf8","30v5",-2.30097267276386,0.420096421810506,"NS","No","Not_labeled"
"Chtop","30v5",-1.06972505434762,0.732015666298575,"NS","No","Not_labeled"
"Chuk","30v5",-0.76548863793182,0.618510329059316,"NS","No","Not_labeled"
"Cic","30v5",1.62206489225383,0.0189903540084336,"CLIP_Up","No","Not_labeled"
"Cipc","30v5",-0.484150795346342,0.750928007505357,"NS","No","Not_labeled"
"Ckap5","30v5",0.185076568950565,0.787850556678894,"NS","No","Not_labeled"
"Ckb","30v5",-3.99896125072204,0.246508732493533,"NS","No","Not_labeled"
"Clasp1","30v5",0.67515783087667,0.49661622217698,"NS","No","Not_labeled"
"Clasp2","30v5",1.03325858197521,0.0173690268640593,"CLIP_Up","No","Not_labeled"
"Clcn3","30v5",-2.94662311755483,0.051843985910412,"NS","No","Not_labeled"
"Clcn4","30v5",0.474669779222525,0.345366775442931,"NS","No","Not_labeled"
"Clcn7","30v5",-1.73742765477948,0.39411503898739,"NS","No","Not_labeled"
"Cldn11","30v5",-3.48079048036124,0.13662724222886,"NS","No","Not_labeled"
"Cldn34c1","30v5",-1.42467885457906,0.223290223446832,"NS","No","Not_labeled"
"Clec16a","30v5",-0.00581893987217397,0.996013284688773,"NS","No","Not_labeled"
"Clic4","30v5",-2.57938812480098,0.140079524584305,"NS","No","Not_labeled"
"Clint1","30v5",-2.23661678643904,0.126376889925409,"NS","No","Not_labeled"
"Clip2","30v5",-0.939896564236018,0.52335488197749,"NS","No","Not_labeled"
"Clip3","30v5",0.472979635159226,0.226926058549889,"NS","No","Not_labeled"
"Clip4","30v5",-0.745835189833011,0.45979155543497,"NS","No","Not_labeled"
"Clmn","30v5",-0.190712870594163,0.506381463563898,"NS","No","Not_labeled"
"Clock","30v5",0.045085671264073,0.947954687991897,"NS","No","Not_labeled"
"Clptm1l","30v5",1.41046892077595,0.564239504024758,"NS","No","Not_labeled"
"Clpx","30v5",-3.29193457150726,0.00819624820726188,"CLIP_Down","No","Not_labeled"
"Clstn1","30v5",1.43447094665797,0.0185076190517083,"CLIP_Up","No","Not_labeled"
"Clstn2","30v5",2.35202000385133,0.0265453746574061,"CLIP_Up","No","Not_labeled"
"Clstn3","30v5",-2.81682719175218,0.219237348105693,"NS","No","Not_labeled"
"Cltc","30v5",0.0254978829377697,0.927579733474508,"NS","No","Not_labeled"
"Clu","30v5",-5.15266780793035,0.019104921762233,"CLIP_Down","No","Not_labeled"
"Cluh","30v5",-1.44362699379276,0.383523502767335,"NS","No","Not_labeled"
"Clvs1","30v5",-0.0971836939069168,0.919287716065863,"NS","No","Not_labeled"
"Clvs2","30v5",-0.516971362489468,0.648771423087801,"NS","No","Not_labeled"
"Cmas","30v5",0.368562659920213,0.850556339382798,"NS","No","Not_labeled"
"Cmip","30v5",1.10823549747415,0.0258924512088844,"CLIP_Up","No","Not_labeled"
"Cmtm4","30v5",1.18830652748458,0.0658449895750553,"NS","No","Not_labeled"
"Cmtr1","30v5",0.830114644233481,0.652754205284653,"NS","No","Not_labeled"
"Cnbp","30v5",-4.30446916814232,0.146272355454221,"NS","No","Not_labeled"
"Cnih2","30v5",-0.931467939533995,0.626916514543159,"NS","No","Not_labeled"
"Cnih4","30v5",-4.24944133568693,0.0280251543295643,"CLIP_Down","No","Not_labeled"
"Cnksr2","30v5",1.20655812858417,0.017211352900741,"CLIP_Up","No","Not_labeled"
"Cnn3","30v5",-2.25629988649119,0.198024128914143,"NS","No","Not_labeled"
"Cnnm1","30v5",0.443383394267376,0.702185380545929,"NS","No","Not_labeled"
"Cnnm2","30v5",1.87720922433168,0.215700255473554,"NS","No","Not_labeled"
"Cnnm3","30v5",-0.947712656566942,0.744058497796524,"NS","No","Not_labeled"
"Cnot1","30v5",0.534741497864165,0.377329917789626,"NS","No","Not_labeled"
"Cnot10","30v5",-1.01115356788257,0.423845877864638,"NS","No","Not_labeled"
"Cnot4","30v5",-1.25996870513411,0.494511346362069,"NS","No","Not_labeled"
"Cnot6","30v5",0.0950521953608892,0.906185004378714,"NS","No","Not_labeled"
"Cnot6l","30v5",-3.07992686423653,0.0496939609266498,"CLIP_Down","No","Not_labeled"
"Cnot8","30v5",-1.91914949011823,0.290326981389564,"NS","No","Not_labeled"
"Cnp","30v5",-3.92466543849844,0.00566775433517203,"CLIP_Down","No","Not_labeled"
"Cnr1","30v5",-0.410693544039837,0.535559229392,"NS","No","Not_labeled"
"Cntln","30v5",-2.04809790140122,0.179154077607797,"NS","No","Not_labeled"
"Cntn1","30v5",0.149660907370956,0.825254001600517,"NS","No","Not_labeled"
"Cntn2","30v5",-2.11830986161487,0.253519888501864,"NS","No","Not_labeled"
"Cntnap1","30v5",1.25430364803411,0.0103591941453357,"CLIP_Up","No","Not_labeled"
"Cntnap2","30v5",1.0900101300604,0.183163585886136,"NS","No","Not_labeled"
"Cntnap5a","30v5",1.42397213272573,0.0751879584042463,"NS","No","Not_labeled"
"Coa5","30v5",-0.321881496065365,0.895958204203323,"NS","No","Not_labeled"
"Cog5","30v5",-0.66792469294517,0.428279000535277,"NS","No","Not_labeled"
"Cog6","30v5",-3.19692804068122,0.191729856386877,"NS","No","Not_labeled"
"Cog7","30v5",-1.19384912337966,0.424202492965623,"NS","No","Not_labeled"
"Cog8","30v5",-2.80876752493603,0.388848337404697,"NS","No","Not_labeled"
"Coil","30v5",-4.49398385839598,0.0135061310434301,"CLIP_Down","Yes","Decreased"
"Col25a1","30v5",-0.699171306452882,0.288422655653376,"NS","No","Not_labeled"
"Colgalt1","30v5",-2.0824794793255,0.434432121579796,"NS","No","Not_labeled"
"Cop1","30v5",-0.871925211584064,0.341824964815602,"NS","No","Not_labeled"
"Copa","30v5",-0.029567309014519,0.955610603136079,"NS","No","Not_labeled"
"Copb1","30v5",-2.70367049294676,0.151474373884854,"NS","No","Not_labeled"
"Copb2","30v5",-0.55437068437647,0.818277436818804,"NS","No","Not_labeled"
"Copg1","30v5",-1.87226316686569,0.223672809349223,"NS","No","Not_labeled"
"Copg2","30v5",0.606567185850022,0.337047851765729,"NS","No","Not_labeled"
"Cops2","30v5",-2.2005004684022,0.369053057523026,"NS","No","Not_labeled"
"Cops5","30v5",-2.11919582554504,0.463979872054546,"NS","No","Not_labeled"
"Cops6","30v5",-0.866936349805484,0.795334605345574,"NS","No","Not_labeled"
"Coq10b","30v5",-1.68113732592122,0.414027602241527,"NS","No","Not_labeled"
"Coq2","30v5",-3.17240927430513,0.159134757012846,"NS","No","Not_labeled"
"Coq8a","30v5",-1.97684269593722,0.28474144766667,"NS","No","Not_labeled"
"Coro1c","30v5",0.217047533647433,0.897677192303575,"NS","No","Not_labeled"
"Coro2b","30v5",-0.409659008911438,0.718806842675806,"NS","No","Not_labeled"
"COX1","30v5",1.12991153091341,0.149147334117974,"NS","No","Not_labeled"
"COX3","30v5",1.51510214641035,0.0174112259292621,"CLIP_Up","No","Not_labeled"
"Cox4i1","30v5",3.33423241829916,0.259542319107956,"NS","No","Not_labeled"
"Cox6c","30v5",-3.4223724081118,0.140511899836865,"NS","No","Not_labeled"
"Cox7a2l","30v5",1.5382686070295,0.534995539675915,"NS","No","Not_labeled"
"Cox7c","30v5",-8.36154109119141,0.0476132758084882,"CLIP_Down","No","Not_labeled"
"Cpd","30v5",0.293404708871912,0.604484682073361,"NS","No","Not_labeled"
"Cpe","30v5",1.11661100262406,0.0994257573737814,"NS","No","Not_labeled"
"Cpeb1","30v5",0.590011252548573,0.761391037144778,"NS","No","Not_labeled"
"Cpeb2","30v5",-1.46485559260748,0.443463781693574,"NS","No","Not_labeled"
"Cpeb3","30v5",0.295786059170311,0.824950956429143,"NS","No","Not_labeled"
"Cpeb4","30v5",0.19388247671758,0.717057365393692,"NS","No","Not_labeled"
"Cplane1","30v5",-0.396498147305767,0.558470480956154,"NS","No","Not_labeled"
"Cplx1","30v5",0.717809290666742,0.565331782271728,"NS","No","Not_labeled"
"Cplx2","30v5",1.07150935692034,0.0833783014893151,"NS","No","Not_labeled"
"Cpne3","30v5",-3.19333144679026,0.0383377483852418,"CLIP_Down","No","Not_labeled"
"Cpne4","30v5",0.983192899415343,0.287638636015778,"NS","No","Not_labeled"
"Cpne8","30v5",1.30258760836998,0.453479944954762,"NS","No","Not_labeled"
"Cpsf2","30v5",-0.626394064517021,0.645742397255408,"NS","No","Not_labeled"
"Cpsf3","30v5",1.09976240385391,0.56292939759523,"NS","No","Not_labeled"
"Cpsf6","30v5",-1.55809080674987,0.487095283903613,"NS","No","Not_labeled"
"Cpt1a","30v5",-2.83874476899301,0.0390686674983722,"CLIP_Down","No","Not_labeled"
"Cracd","30v5",-1.48581217328537,0.225776654118496,"NS","No","Not_labeled"
"Cracdl","30v5",0.83506609897201,0.0688237232379369,"NS","No","Not_labeled"
"Cramp1","30v5",-3.59069590009274,0.049108385263689,"CLIP_Down","No","Not_labeled"
"Crat","30v5",-2.06835357578256,0.498804682042806,"NS","No","Not_labeled"
"Crbn","30v5",-2.54300719662622,0.201563650054045,"NS","No","Not_labeled"
"Creb1","30v5",-0.363872071568504,0.815881614671846,"NS","No","Not_labeled"
"Crebbp","30v5",0.558983583689431,0.148045865527493,"NS","No","Not_labeled"
"Crebrf","30v5",-0.339202197541697,0.782165418597519,"NS","No","Not_labeled"
"Crebzf","30v5",-6.93565794577059,0.000913879154091833,"CLIP_Down","No","Not_labeled"
"Creg2","30v5",1.64913900481091,0.0278492978975095,"CLIP_Up","No","Not_labeled"
"Crim1","30v5",1.56011523298679,0.0176388579139018,"CLIP_Up","No","Not_labeled"
"Crk","30v5",1.523927666524,0.0340548607049189,"CLIP_Up","No","Not_labeled"
"Crkl","30v5",0.198363793708959,0.916226852411984,"NS","No","Not_labeled"
"Crls1","30v5",0.790177191091945,0.741160490739441,"NS","No","Not_labeled"
"Crmp1","30v5",0.21139056203357,0.884430714135593,"NS","No","Not_labeled"
"Crtc1","30v5",1.15984361500418,0.198363922874427,"NS","No","Not_labeled"
"Cry2","30v5",-0.73315436346185,0.575589589021525,"NS","No","Not_labeled"
"Cs","30v5",-1.95169863182587,0.254887100443995,"NS","No","Not_labeled"
"Csde1","30v5",0.722471527064135,0.286096219768862,"NS","No","Not_labeled"
"Cse1l","30v5",-2.12874211824388,0.21095919357021,"NS","No","Not_labeled"
"Csf1","30v5",-4.17703749440186,0.0710488851812498,"NS","No","Not_labeled"
"Csmd1","30v5",0.519935047818294,0.305013886054123,"NS","No","Not_labeled"
"Csmd2","30v5",0.31961681983004,0.583247224123022,"NS","No","Not_labeled"
"Csmd3","30v5",0.0453136058406587,0.954258032855088,"NS","No","Not_labeled"
"Csnk1a1","30v5",-0.764022820007929,0.675728533001567,"NS","No","Not_labeled"
"Csnk1d","30v5",-1.69219003013637,0.296438466018497,"NS","No","Not_labeled"
"Csnk1e","30v5",-0.580593364596104,0.790425308968061,"NS","No","Not_labeled"
"Csnk1g1","30v5",0.0110052139232836,0.993785455444933,"NS","No","Not_labeled"
"Csnk1g2","30v5",0.678340860299285,0.265761260792189,"NS","No","Not_labeled"
"Csnk1g3","30v5",1.50072437482483,0.111522126598383,"NS","No","Not_labeled"
"Csnk2a1","30v5",-0.461864141207701,0.715548822890086,"NS","No","Not_labeled"
"Cspg5","30v5",-1.81166006890914,0.402773767230006,"NS","No","Not_labeled"
"Csrnp1","30v5",-7.23179125491361,1.29152862184285e-08,"CLIP_Down","No","Not_labeled"
"Csrnp3","30v5",0.0624258032216622,0.962884964955592,"NS","No","Not_labeled"
"Csrp1","30v5",-4.04669593927474,0.0584601266871044,"NS","No","Not_labeled"
"Cst3","30v5",-5.06006033217216,0.116503895321482,"NS","No","Not_labeled"
"Cstf2","30v5",-0.915134314192815,0.551757316417225,"NS","No","Not_labeled"
"Cstf2t","30v5",-5.00942140834561,0.0275910152475292,"CLIP_Down","No","Not_labeled"
"Ctbp1","30v5",1.04996759876479,0.0559022984647339,"NS","No","Not_labeled"
"Ctcf","30v5",-1.76143383191584,0.115801333355187,"NS","No","Not_labeled"
"Ctdnep1","30v5",-0.080545484806537,0.974725406236037,"NS","No","Not_labeled"
"Ctdsp2","30v5",0.73442524056474,0.337206100176083,"NS","No","Not_labeled"
"Ctdspl2","30v5",1.1467787570679,0.61701450314596,"NS","No","Not_labeled"
"Ctif","30v5",-0.427307543711109,0.551315055563121,"NS","No","Not_labeled"
"Ctnna1","30v5",-3.07032762940787,0.0129150695446381,"CLIP_Down","Yes","Decreased"
"Ctnna2","30v5",-0.74213415023963,0.318846936695622,"NS","No","Not_labeled"
"Ctnnb1","30v5",-0.0501578904174842,0.945488914137084,"NS","No","Not_labeled"
"Ctnnd2","30v5",0.387727007676664,0.230654315623625,"NS","No","Not_labeled"
"Ctr9","30v5",-1.34434430743838,0.368393230817273,"NS","No","Not_labeled"
"Ctsb","30v5",-1.03963379408093,0.435076942788275,"NS","No","Not_labeled"
"Ctsd","30v5",-0.43483030537809,0.857084932593486,"NS","No","Not_labeled"
"Cttn","30v5",-1.21677155470701,0.527722519073419,"NS","No","Not_labeled"
"Cttnbp2","30v5",-1.82189280005299,0.159767246745947,"NS","No","Not_labeled"
"Cttnbp2nl","30v5",-4.32589684908799,3.56131440193204e-05,"CLIP_Down","No","Not_labeled"
"Cul1","30v5",-0.784079011869977,0.315857903056957,"NS","No","Not_labeled"
"Cul2","30v5",-0.445120351955187,0.526410141233216,"NS","No","Not_labeled"
"Cul3","30v5",0.309539865386295,0.559179154504423,"NS","No","Not_labeled"
"Cul4a","30v5",-0.592158344553597,0.728812253220942,"NS","No","Not_labeled"
"Cul4b","30v5",-1.63272745082098,0.328257704893843,"NS","No","Not_labeled"
"Cul5","30v5",1.69978602370779,0.0555339834152638,"NS","No","Not_labeled"
"Cul7","30v5",0.624034479972094,0.850434157704724,"NS","No","Not_labeled"
"Cul9","30v5",-0.752819208220062,0.724139597765731,"NS","No","Not_labeled"
"Cux1","30v5",-0.857410197659985,0.443606120425656,"NS","No","Not_labeled"
"Cux2","30v5",-1.0353897955274,0.467019036855172,"NS","No","Not_labeled"
"Cx3cl1","30v5",-0.919675624090466,0.619765354570559,"NS","No","Not_labeled"
"Cxcl12","30v5",-5.72627811653177,0.0342481390147459,"CLIP_Down","No","Not_labeled"
"Cxxc5","30v5",0.924194099627009,0.538752966411911,"NS","No","Not_labeled"
"Cyb5a","30v5",-0.397104274793513,0.703688528162707,"NS","No","Not_labeled"
"Cyb5b","30v5",-0.499230005515171,0.719704393352398,"NS","No","Not_labeled"
"Cyb5r4","30v5",-1.21652403096223,0.401127193071216,"NS","No","Not_labeled"
"Cyfip1","30v5",-2.63543679902341,0.160165505236388,"NS","No","Not_labeled"
"Cyfip2","30v5",1.04084689184382,0.0112517031657473,"CLIP_Up","No","Not_labeled"
"Cyld","30v5",0.452747403839013,0.360767202604549,"NS","No","Not_labeled"
"Cyria","30v5",2.07308375067134,0.00478056629823759,"CLIP_Up","No","Not_labeled"
"Cyrib","30v5",-0.757421024417211,0.488145119416633,"NS","No","Not_labeled"
"CYTB","30v5",0.89921500783969,0.118908392540386,"NS","No","Not_labeled"
"Cyth1","30v5",-1.85729276936001,0.229407175422968,"NS","No","Not_labeled"
"Cyth3","30v5",-0.69282139567278,0.569870942065992,"NS","No","Not_labeled"
"D430019H16Rik","30v5",0.772014105929819,0.196222461300887,"NS","No","Not_labeled"
"D430041D05Rik","30v5",1.30657193808023,0.0563157099870715,"NS","No","Not_labeled"
"D5Ertd579e","30v5",-1.16800609516388,0.44270933273975,"NS","No","Not_labeled"
"D630045J12Rik","30v5",0.179932381799993,0.545126668684195,"NS","No","Not_labeled"
"D7Ertd443e","30v5",2.47111680602618,0.0341028740154559,"CLIP_Up","No","Not_labeled"
"Daam1","30v5",-0.491501283742147,0.682584228745553,"NS","No","Not_labeled"
"Daam2","30v5",-2.81269236792537,0.0908162041000141,"NS","No","Not_labeled"
"Dab1","30v5",0.468588677627038,0.557713780192458,"NS","No","Not_labeled"
"Dach1","30v5",-0.239106705885708,0.835186118838311,"NS","No","Not_labeled"
"Dact3","30v5",1.11706857965445,0.10618112416237,"NS","No","Not_labeled"
"Dag1","30v5",-2.44792259450394,0.104692622400516,"NS","No","Not_labeled"
"Dagla","30v5",0.664204497595552,0.14108588916551,"NS","No","Not_labeled"
"Daglb","30v5",0.944429593562522,0.448806450814344,"NS","No","Not_labeled"
"Dapk1","30v5",0.8389206437564,0.0644744201326317,"NS","No","Not_labeled"
"Dbn1","30v5",1.2084518426488,0.0444246857258497,"CLIP_Up","No","Not_labeled"
"Dbpht2","30v5",-0.831318916891433,0.676517455450075,"NS","No","Not_labeled"
"Dbr1","30v5",4.53110385829685,0.143483727222783,"NS","No","Not_labeled"
"Dcaf1","30v5",-2.97598156435199,0.0792026412022944,"NS","No","Not_labeled"
"Dcaf12l1","30v5",-2.88413176939283,0.43939394922355,"NS","No","Not_labeled"
"Dcaf5","30v5",-1.42404640829612,0.342664897873106,"NS","No","Not_labeled"
"Dcaf6","30v5",-0.00102666841086863,0.998631710188915,"NS","No","Not_labeled"
"Dcaf7","30v5",-0.620284515994554,0.665456120770302,"NS","No","Not_labeled"
"Dcaf8","30v5",-2.79593001280057,0.189592370308929,"NS","No","Not_labeled"
"Dcc","30v5",1.5861638891363,0.000834520135854773,"CLIP_Up","No","Not_labeled"
"Dchs1","30v5",-4.27126792528253,0.076071321751546,"NS","No","Not_labeled"
"Dclk1","30v5",0.546293908351068,0.0714088185824281,"NS","No","Not_labeled"
"Dclk2","30v5",-2.02147813774497,0.192804546329237,"NS","No","Not_labeled"
"Dcp2","30v5",1.14472104264787,0.196371185181457,"NS","No","Not_labeled"
"Dctn2","30v5",-4.62986574464364,0.0129727882860886,"CLIP_Down","No","Not_labeled"
"Dctn4","30v5",-1.59384353392028,0.306125671929198,"NS","No","Not_labeled"
"Dcun1d1","30v5",-4.01404782646382,0.0551666143854386,"NS","No","Not_labeled"
"Dcun1d3","30v5",-3.07693678196612,0.139466686386936,"NS","No","Not_labeled"
"Dcun1d4","30v5",-2.84334835461319,0.160391085410053,"NS","No","Not_labeled"
"Dcx","30v5",-0.971552872937771,0.567288214325672,"NS","No","Not_labeled"
"Ddah1","30v5",-3.65158356281836,0.0482378054200355,"CLIP_Down","No","Not_labeled"
"Ddb1","30v5",-0.414559309476841,0.807218255688913,"NS","No","Not_labeled"
"Ddhd1","30v5",-0.251698587394144,0.896754747899165,"NS","No","Not_labeled"
"Ddhd2","30v5",0.836560816591576,0.14269341734973,"NS","No","Not_labeled"
"Ddi2","30v5",-1.50783119902719,0.327247810734535,"NS","No","Not_labeled"
"Ddn","30v5",1.56916263919931,0.0147076582421526,"CLIP_Up","No","Not_labeled"
"Ddx1","30v5",0.550995773071355,0.702006949183764,"NS","No","Not_labeled"
"Ddx17","30v5",-2.79912993990497,0.0705491414210808,"NS","No","Not_labeled"
"Ddx23","30v5",-0.404212972337408,0.843736904396715,"NS","No","Not_labeled"
"Ddx24","30v5",-1.95008496985467,0.286128930805034,"NS","No","Not_labeled"
"Ddx3x","30v5",-1.06762589564096,0.597117163270601,"NS","No","Not_labeled"
"Ddx3y","30v5",-0.732477937350568,0.768180279607775,"NS","No","Not_labeled"
"Ddx42","30v5",-4.19545890904589,0.047134352065581,"CLIP_Down","No","Not_labeled"
"Ddx46","30v5",-1.61666789192913,0.280012735596302,"NS","No","Not_labeled"
"Ddx5","30v5",0.256271393878685,0.527113439690598,"NS","No","Not_labeled"
"Ddx50","30v5",-4.00765051820034,0.0114491987446894,"CLIP_Down","No","Not_labeled"
"Ddx6","30v5",0.155168314121884,0.737873184204722,"NS","No","Not_labeled"
"Dennd10","30v5",-4.83931625702497,0.0569631388311797,"NS","No","Not_labeled"
"Dennd11","30v5",-0.097895227846875,0.919229019840963,"NS","No","Not_labeled"
"Dennd1a","30v5",-0.359321130558843,0.648017741525885,"NS","No","Not_labeled"
"Dennd1b","30v5",-1.45046347578839,0.148447382142415,"NS","No","Not_labeled"
"Dennd4a","30v5",-0.20997932000946,0.606695590476182,"NS","No","Not_labeled"
"Dennd4b","30v5",0.18768457410428,0.817904676419621,"NS","No","Not_labeled"
"Dennd4c","30v5",-3.96225610700456,0.0516518829877001,"NS","No","Not_labeled"
"Dennd5a","30v5",0.199239467548161,0.59370702035697,"NS","No","Not_labeled"
"Dennd5b","30v5",1.1105895446618,0.00135004370364506,"CLIP_Up","No","Not_labeled"
"Dennd6a","30v5",0.222338809396666,0.862934000954764,"NS","No","Not_labeled"
"Denr","30v5",-1.47660167288214,0.526470310170288,"NS","No","Not_labeled"
"Depdc5","30v5",2.36318088949526,0.133865232490928,"NS","No","Not_labeled"
"Deptor","30v5",-1.23292692729386,0.117440634006137,"NS","No","Not_labeled"
"Derl1","30v5",-2.01111337329668,0.338114904384446,"NS","No","Not_labeled"
"Desi1","30v5",-1.95983561285046,0.216215672083691,"NS","No","Not_labeled"
"Dgat2","30v5",1.99236751575537,0.286005725320912,"NS","No","Not_labeled"
"Dgcr2","30v5",5.06092235376038,0.0543173115412763,"NS","No","Not_labeled"
"Dgcr8","30v5",-0.770999274711146,0.659643943835004,"NS","No","Not_labeled"
"Dgkb","30v5",0.550221897297424,0.395150370191827,"NS","No","Not_labeled"
"Dgkd","30v5",-0.879335219742551,0.445685033066084,"NS","No","Not_labeled"
"Dgke","30v5",1.11656486319853,0.0645821023960037,"NS","No","Not_labeled"
"Dgkg","30v5",-0.317352904901079,0.777421560871134,"NS","No","Not_labeled"
"Dgkh","30v5",0.544348371260835,0.687748753147783,"NS","No","Not_labeled"
"Dhx15","30v5",-1.77804902127444,0.275777590130624,"NS","No","Not_labeled"
"Dhx29","30v5",-5.13084295718614,0.0043538815119072,"CLIP_Down","No","Not_labeled"
"Dhx30","30v5",-0.963010738180982,0.435206673617469,"NS","No","Not_labeled"
"Dhx32","30v5",-4.18845948261661,0.0282542817435476,"CLIP_Down","No","Not_labeled"
"Dhx33","30v5",-0.450696181722874,0.795267450805484,"NS","No","Not_labeled"
"Dhx36","30v5",0.15124827301251,0.867736562925083,"NS","No","Not_labeled"
"Dhx40","30v5",1.52546123095684,0.331268314863193,"NS","No","Not_labeled"
"Dhx57","30v5",-0.332707311266744,0.872474565773696,"NS","No","Not_labeled"
"Dhx8","30v5",-1.3403385302809,0.457348594556714,"NS","No","Not_labeled"
"Dhx9","30v5",-0.223110408063364,0.805212402839292,"NS","No","Not_labeled"
"Diaph1","30v5",0.82539125981521,0.684887530062114,"NS","No","Not_labeled"
"Diaph2","30v5",2.31968055337835,0.00279116755858338,"CLIP_Up","No","Not_labeled"
"Dicer1","30v5",-0.314021929321976,0.83034232813944,"NS","No","Not_labeled"
"Dido1","30v5",0.467732462992697,0.794316499239641,"NS","No","Not_labeled"
"Dio2","30v5",-0.242585957110139,0.883914485337978,"NS","No","Not_labeled"
"Dip2a","30v5",-1.93582763512185,0.191229129579508,"NS","No","Not_labeled"
"Dip2b","30v5",0.197298914103472,0.675095225427393,"NS","No","Not_labeled"
"Dip2c","30v5",-0.0302112571160702,0.945925428714248,"NS","No","Not_labeled"
"Dipk1a","30v5",-3.03475832669986,0.0542456624435387,"NS","No","Not_labeled"
"Dipk2a","30v5",-1.8575805557178,0.36256857181787,"NS","No","Not_labeled"
"Diras2","30v5",0.43889677582002,0.482386189453208,"NS","No","Not_labeled"
"Dis3l","30v5",0.550234995337076,0.851542415854536,"NS","No","Not_labeled"
"Disp2","30v5",0.737169779800453,0.105328195996521,"NS","No","Not_labeled"
"Dixdc1","30v5",-2.37440763165055,0.185126594867889,"NS","No","Not_labeled"
"Dkk3","30v5",1.26851759811731,0.161075031624972,"NS","No","Not_labeled"
"Dlat","30v5",-1.25168375370567,0.437356313835907,"NS","No","Not_labeled"
"Dlc1","30v5",-0.121888085499732,0.864985073822001,"NS","No","Not_labeled"
"Dld","30v5",-3.42759322738973,0.12180306923146,"NS","No","Not_labeled"
"Dlg1","30v5",-3.85779511843397,0.0133874470308583,"CLIP_Down","No","Not_labeled"
"Dlg2","30v5",2.01521442512663,0.0333184331392479,"CLIP_Up","No","Not_labeled"
"Dlg3","30v5",-1.23378051692274,0.535301451088218,"NS","No","Not_labeled"
"Dlg4","30v5",0.793659811100248,0.329545248582321,"NS","No","Not_labeled"
"Dlg5","30v5",0.502448990958437,0.588977735229689,"NS","No","Not_labeled"
"Dlgap1","30v5",0.893892559580253,0.144129252007723,"NS","No","Not_labeled"
"Dlgap2","30v5",0.822693204522864,0.294869542742603,"NS","No","Not_labeled"
"Dlgap3","30v5",1.089969385192,0.243818514536077,"NS","No","Not_labeled"
"Dlgap4","30v5",0.876674419759943,0.210758233532415,"NS","No","Not_labeled"
"Dmd","30v5",-0.264295675609018,0.523309722341916,"NS","No","Not_labeled"
"Dmtn","30v5",1.27355892149663,0.0340170302420324,"CLIP_Up","No","Not_labeled"
"Dmwd","30v5",0.354543252193931,0.580949834458971,"NS","No","Not_labeled"
"Dmxl1","30v5",-0.210929950303577,0.579308681959073,"NS","No","Not_labeled"
"Dmxl2","30v5",0.644392068365232,0.0552088303484333,"NS","No","Not_labeled"
"Dnaaf9","30v5",-0.231903580293725,0.732611991978665,"NS","No","Not_labeled"
"Dnah9","30v5",0.118515940071671,0.910113118141883,"NS","No","Not_labeled"
"Dnaja1","30v5",0.219706955024201,0.750075494400928,"NS","No","Not_labeled"
"Dnaja2","30v5",-0.118345375740859,0.937852426672783,"NS","No","Not_labeled"
"Dnaja3","30v5",0.299996465214557,0.873427980379849,"NS","No","Not_labeled"
"Dnaja4","30v5",2.91547978012238,0.178996459233466,"NS","No","Not_labeled"
"Dnajb12","30v5",4.45293248085632,0.137911777423986,"NS","No","Not_labeled"
"Dnajb14","30v5",1.11999827588206,0.0229121017614544,"CLIP_Up","No","Not_labeled"
"Dnajb4","30v5",-3.12271824810703,0.153734239596676,"NS","No","Not_labeled"
"Dnajc10","30v5",-1.22699091499373,0.465344401849526,"NS","No","Not_labeled"
"Dnajc13","30v5",0.312967668895172,0.622677011640014,"NS","No","Not_labeled"
"Dnajc14","30v5",-1.0370245417072,0.666564415538142,"NS","No","Not_labeled"
"Dnajc16","30v5",-1.17197746101109,0.406925038449789,"NS","No","Not_labeled"
"Dnajc18","30v5",-0.701501162932136,0.611675986250533,"NS","No","Not_labeled"
"Dnajc27","30v5",0.664307057450252,0.732119839206163,"NS","No","Not_labeled"
"Dnajc3","30v5",-0.0263834053093612,0.984558752246238,"NS","No","Not_labeled"
"Dnajc5","30v5",-0.297379623277947,0.851491913694977,"NS","No","Not_labeled"
"Dnajc6","30v5",0.345990114765375,0.839073368430706,"NS","No","Not_labeled"
"Dnajc7","30v5",-1.16696277014662,0.297066492004883,"NS","No","Not_labeled"
"Dnal1","30v5",1.29531445616245,0.173425643090381,"NS","No","Not_labeled"
"Dner","30v5",3.02166633482636,0.0071253680461148,"CLIP_Up","No","Not_labeled"
"Dnm1","30v5",3.44634894474894,0.0522819433839945,"NS","No","Not_labeled"
"Dnm1l","30v5",-1.57648498385826,0.321374587823216,"NS","No","Not_labeled"
"Dnm3","30v5",0.685066849071525,0.612750448812218,"NS","No","Not_labeled"
"Dnmt1","30v5",-1.54681001380601,0.414749444186654,"NS","No","Not_labeled"
"Dnmt3a","30v5",-0.525515944852113,0.733264680703658,"NS","No","Not_labeled"
"Dnttip2","30v5",0.877087896577852,0.693059502052375,"NS","No","Not_labeled"
"Doc2b","30v5",0.346671623103878,0.837136637323539,"NS","No","Not_labeled"
"Dock1","30v5",-1.77143693370426,0.126699319813141,"NS","No","Not_labeled"
"Dock10","30v5",0.0889285120949559,0.864847603775721,"NS","No","Not_labeled"
"Dock11","30v5",-0.815919222132206,0.504097741067434,"NS","No","Not_labeled"
"Dock3","30v5",0.16203823765385,0.786037670657211,"NS","No","Not_labeled"
"Dock4","30v5",0.233241015611402,0.576941733657734,"NS","No","Not_labeled"
"Dock7","30v5",0.0547018295611363,0.970132698832234,"NS","No","Not_labeled"
"Dock9","30v5",0.524555334718037,0.083382297515917,"NS","No","Not_labeled"
"Dok6","30v5",0.628765250473895,0.405855416609915,"NS","No","Not_labeled"
"Dop1a","30v5",2.05218283788885,0.20396265396659,"NS","No","Not_labeled"
"Dop1b","30v5",1.30424282230673,0.0190310443591248,"CLIP_Up","No","Not_labeled"
"Dot1l","30v5",-5.11715089954156,0.00470283192582665,"CLIP_Down","Yes","Decreased"
"Dpf2","30v5",-2.14642136226278,0.350990726304712,"NS","No","Not_labeled"
"Dpp10","30v5",1.24108323462303,0.102271899306177,"NS","No","Not_labeled"
"Dpp3","30v5",0.685773250790659,0.494661067268255,"NS","No","Not_labeled"
"Dpp6","30v5",0.959055980324711,0.117357914184589,"NS","No","Not_labeled"
"Dpp8","30v5",0.577769621769162,0.101243453159572,"NS","No","Not_labeled"
"Dpp9","30v5",-0.870431970337155,0.518383607968554,"NS","No","Not_labeled"
"Dpy19l1","30v5",-1.87231934507476,0.298094808503059,"NS","No","Not_labeled"
"Dpy19l3","30v5",-2.37611393113522,0.181916357883617,"NS","No","Not_labeled"
"Dpy19l4","30v5",-0.0346502559751085,0.984895419411961,"NS","No","Not_labeled"
"Dpysl2","30v5",0.788436913257214,0.138556028705492,"NS","No","Not_labeled"
"Drosha","30v5",-0.0632583064361119,0.882047877553767,"NS","No","Not_labeled"
"Drp2","30v5",1.72238906553325,0.412687981338324,"NS","No","Not_labeled"
"Dscam","30v5",0.729126806073208,0.0338282027593344,"CLIP_Up","No","Not_labeled"
"Dscaml1","30v5",0.199070245935489,0.759724365774215,"NS","No","Not_labeled"
"Dsel","30v5",0.779657641024613,0.764330403495618,"NS","No","Not_labeled"
"Dsp","30v5",0.169712632223123,0.777837276200878,"NS","No","Not_labeled"
"Dst","30v5",-1.43184381691991,0.0147636471274696,"CLIP_Down","No","Not_labeled"
"Dstn","30v5",-0.794142604254335,0.608161289681335,"NS","No","Not_labeled"
"Dstyk","30v5",-0.0944253865166771,0.955479389361783,"NS","No","Not_labeled"
"Dtna","30v5",-0.752658670230405,0.316833888239802,"NS","No","Not_labeled"
"Dtx1","30v5",-0.240022290518239,0.854866597586244,"NS","No","Not_labeled"
"Dtx3","30v5",-3.04683887943382,0.164101864540773,"NS","No","Not_labeled"
"Dtx4","30v5",-0.995192518843937,0.37376983408916,"NS","No","Not_labeled"
"Dusp16","30v5",-1.52465921405029,0.208345533237371,"NS","No","Not_labeled"
"Dusp3","30v5",-3.28146929649168,0.152189558060058,"NS","No","Not_labeled"
"Dusp6","30v5",-3.37839171392694,0.198234812903464,"NS","No","Not_labeled"
"Dusp7","30v5",0.439275620737605,0.597061833587064,"NS","No","Not_labeled"
"Dusp8","30v5",1.46964446025226,0.0026891303697126,"CLIP_Up","No","Not_labeled"
"Dvl3","30v5",0.193131112673438,0.941208644898789,"NS","No","Not_labeled"
"Dym","30v5",1.59728550823545,0.0974220346182995,"NS","No","Not_labeled"
"Dync1h1","30v5",0.133577047017742,0.779514383071171,"NS","No","Not_labeled"
"Dync1i1","30v5",-0.215706876734594,0.864309903703041,"NS","No","Not_labeled"
"Dync1li1","30v5",-0.851165145502325,0.614023763264485,"NS","No","Not_labeled"
"Dync1li2","30v5",-0.54232002536564,0.459252783231672,"NS","No","Not_labeled"
"Dync2h1","30v5",0.627109948272814,0.292741600872818,"NS","No","Not_labeled"
"Dynll1","30v5",1.60292689798092,0.238782984627518,"NS","No","Not_labeled"
"Dynll2","30v5",0.23245498776185,0.629605253514208,"NS","No","Not_labeled"
"Dynlt3","30v5",-4.44288629298897,0.111945493644489,"NS","No","Not_labeled"
"Dyrk1a","30v5",0.119442248658918,0.819718754315724,"NS","No","Not_labeled"
"Dyrk1b","30v5",-0.475073883776238,0.890869483095424,"NS","No","Not_labeled"
"Dyrk2","30v5",-5.54257253004933,0.0176827891998112,"CLIP_Down","No","Not_labeled"
"Dyrk3","30v5",-6.66930369715554,0.0083122563283274,"CLIP_Down","No","Not_labeled"
"Dzank1","30v5",0.00614637860256106,0.993170931474935,"NS","No","Not_labeled"
"Dzip1","30v5",0.156877951647163,0.660949275916584,"NS","No","Not_labeled"
"Dzip1l","30v5",-0.434930841749501,0.813009724438921,"NS","No","Not_labeled"
"Dzip3","30v5",0.547410059930987,0.278731728757083,"NS","No","Not_labeled"
"E130308A19Rik","30v5",-1.47518879740297,0.250641885048255,"NS","No","Not_labeled"
"E2f5","30v5",-1.9162807188242,0.168617754939984,"NS","No","Not_labeled"
"Eapp","30v5",-1.43112338027626,0.541138210062824,"NS","No","Not_labeled"
"Ece1","30v5",-0.511228048517362,0.733432281904481,"NS","No","Not_labeled"
"Echdc1","30v5",-1.54663035730084,0.373900603238205,"NS","No","Not_labeled"
"Ecpas","30v5",-0.891243682293332,0.507285256817958,"NS","No","Not_labeled"
"Edc4","30v5",3.52369820048929,0.117831821902838,"NS","No","Not_labeled"
"Edem3","30v5",-1.10374056793144,0.555960010388703,"NS","No","Not_labeled"
"Edil3","30v5",-0.593100219613528,0.475201469173107,"NS","No","Not_labeled"
"Ednrb","30v5",-2.12666521897175,0.249094306341854,"NS","No","Not_labeled"
"Edrf1","30v5",-4.08378209174071,0.0313897774114472,"CLIP_Down","No","Not_labeled"
"Eea1","30v5",-1.72407518084733,0.10771507606154,"NS","No","Not_labeled"
"Eef1a1","30v5",1.21657490342131,0.178144171265244,"NS","No","Not_labeled"
"Eef1a2","30v5",1.48313673231466,0.0765331219363016,"NS","No","Not_labeled"
"Eef2","30v5",1.03617526002097,0.00172871022720629,"CLIP_Up","No","Not_labeled"
"Eeig1","30v5",-0.382904440525011,0.788771307091888,"NS","No","Not_labeled"
"Eeig2","30v5",-2.36647003076077,0.0637712867085157,"NS","No","Not_labeled"
"Efcab14","30v5",-1.04195432603849,0.466459052890183,"NS","No","Not_labeled"
"Efna3","30v5",-3.04218245431528,0.265067582015325,"NS","No","Not_labeled"
"Efnb2","30v5",-2.1610644151479,0.0475773877008989,"CLIP_Down","No","Not_labeled"
"Efr3a","30v5",-0.995196604244462,0.125073091648709,"NS","No","Not_labeled"
"Efr3b","30v5",-0.346574407021338,0.633281833025001,"NS","No","Not_labeled"
"Eftud2","30v5",-2.84835067190107,0.273303316493422,"NS","No","Not_labeled"
"Egfr","30v5",-2.0267993852292,0.102829584491635,"NS","No","Not_labeled"
"Egln1","30v5",0.151172481335152,0.83259215581031,"NS","No","Not_labeled"
"Egr1","30v5",-1.5214975324886,0.53217234550973,"NS","No","Not_labeled"
"Egr4","30v5",-1.64568636892146,0.41134055611995,"NS","No","Not_labeled"
"Ehbp1","30v5",-0.680946731636606,0.547942179458931,"NS","No","Not_labeled"
"Ehd1","30v5",-0.886525369881212,0.554513264441743,"NS","No","Not_labeled"
"Ehmt2","30v5",-2.15135261045564,0.428266511647451,"NS","No","Not_labeled"
"Eid1","30v5",-1.40659507255108,0.551773108595898,"NS","No","Not_labeled"
"Eif1","30v5",-2.57993110477965,0.522677887754969,"NS","No","Not_labeled"
"Eif1a","30v5",-3.13268077238178,0.206452578901821,"NS","No","Not_labeled"
"Eif1ax","30v5",1.12569917721191,0.0624794372737327,"NS","No","Not_labeled"
"Eif2a","30v5",-4.20052858587986,0.0648261137808585,"NS","No","Not_labeled"
"Eif2ak1","30v5",-0.924759229548591,0.522428400180819,"NS","No","Not_labeled"
"Eif2b5","30v5",-1.13676859918623,0.6443241207229,"NS","No","Not_labeled"
"Eif2s2","30v5",-3.90453998749082,0.174595618841482,"NS","No","Not_labeled"
"Eif2s3x","30v5",-0.602242792196908,0.719007485224538,"NS","No","Not_labeled"
"Eif3a","30v5",0.328323106272114,0.544436186430384,"NS","No","Not_labeled"
"Eif3b","30v5",1.96967276658691,0.337522331387543,"NS","No","Not_labeled"
"Eif3c","30v5",-1.85041477956876,0.216937958612308,"NS","No","Not_labeled"
"Eif3d","30v5",0.820315060989785,0.684782867318328,"NS","No","Not_labeled"
"Eif3e","30v5",-0.479969434741671,0.753052773936288,"NS","No","Not_labeled"
"Eif3g","30v5",-4.1333490378549,0.160307761589179,"NS","No","Not_labeled"
"Eif3j1","30v5",-2.13146550259233,0.231142530641832,"NS","No","Not_labeled"
"Eif4a1","30v5",-0.491260132916463,0.772554986128458,"NS","No","Not_labeled"
"Eif4b","30v5",1.08717515891503,0.104590379509573,"NS","No","Not_labeled"
"Eif4e","30v5",1.39038617009424,0.393409901931641,"NS","No","Not_labeled"
"Eif4g2","30v5",0.0554375491829857,0.93322948546389,"NS","No","Not_labeled"
"Eif4g3","30v5",-0.152844345290019,0.906380341882872,"NS","No","Not_labeled"
"Eif4h","30v5",-1.15664765354468,0.495227702885895,"NS","No","Not_labeled"
"Eif5","30v5",-0.99999239124886,0.239998522428749,"NS","No","Not_labeled"
"Eif5a2","30v5",-2.52438907835158,0.300242075369749,"NS","No","Not_labeled"
"Eif5b","30v5",-0.494383015667793,0.488083932279617,"NS","No","Not_labeled"
"Elapor1","30v5",-0.606047394088992,0.772106528268096,"NS","No","Not_labeled"
"Elapor2","30v5",-2.09641291449572,0.0656690935841666,"NS","No","Not_labeled"
"Elavl1","30v5",0.634946334370703,0.283100278409491,"NS","No","Not_labeled"
"Elavl3","30v5",0.598294648656912,0.169871362109304,"NS","No","Not_labeled"
"Elf1","30v5",-4.83966903993122,0.00046153396280278,"CLIP_Down","No","Not_labeled"
"Elfn1","30v5",-0.692090143458066,0.608560232004719,"NS","No","Not_labeled"
"Elfn2","30v5",0.548160158526126,0.337060951779544,"NS","No","Not_labeled"
"Elk1","30v5",2.25038926068869,0.000381408415169489,"CLIP_Up","No","Not_labeled"
"Elk4","30v5",-6.30920644261249,0.0324079639881639,"CLIP_Down","No","Not_labeled"
"Ell2","30v5",-2.73237936418234,0.120829528397857,"NS","No","Not_labeled"
"Elmo2","30v5",-0.15431526133945,0.922044914804325,"NS","No","Not_labeled"
"Elmod1","30v5",-0.0701208043240888,0.911890576008994,"NS","No","Not_labeled"
"Elmod3","30v5",3.10680253290785,0.148719947515097,"NS","No","Not_labeled"
"Eloa","30v5",-5.90175294464218,0.00318832428735862,"CLIP_Down","No","Not_labeled"
"Eloc","30v5",4.96916906870667,0.011367695941503,"CLIP_Up","No","Not_labeled"
"Elovl5","30v5",-1.0012421405601,0.552328627561399,"NS","No","Not_labeled"
"Elovl6","30v5",-1.49540543951212,0.302314791573826,"NS","No","Not_labeled"
"Elp1","30v5",-0.52941612395886,0.737693221215214,"NS","No","Not_labeled"
"Elp2","30v5",-2.29100236549788,0.148096392340791,"NS","No","Not_labeled"
"Emc1","30v5",-1.23840251927918,0.597079853333937,"NS","No","Not_labeled"
"Emc3","30v5",0.439291571319185,0.767388397797984,"NS","No","Not_labeled"
"Emc4","30v5",-4.94523529442543,0.0699064338552657,"NS","No","Not_labeled"
"Emc7","30v5",-3.55992640412868,0.108918006069519,"NS","No","Not_labeled"
"Eml1","30v5",0.411288077200979,0.733109726441776,"NS","No","Not_labeled"
"Eml2","30v5",-4.22062945534492,0.115758572768178,"NS","No","Not_labeled"
"Eml4","30v5",-0.763249219662327,0.628699971618224,"NS","No","Not_labeled"
"Eml5","30v5",-1.46513278956017,0.17898214684039,"NS","No","Not_labeled"
"Eml6","30v5",-1.08871148454729,0.235977263258432,"NS","No","Not_labeled"
"Emsy","30v5",1.63838331884998,0.0144323035127016,"CLIP_Up","No","Not_labeled"
"Enah","30v5",-0.173808113523945,0.767659867241536,"NS","No","Not_labeled"
"Enc1","30v5",0.999599017469667,0.0639592730865539,"NS","No","Not_labeled"
"Endod1","30v5",-3.29546324504838,0.142505192104416,"NS","No","Not_labeled"
"Eno1","30v5",-3.22734545751419,0.2368237504428,"NS","No","Not_labeled"
"Eno1b","30v5",-4.85713957024176,0.108533738508471,"NS","No","Not_labeled"
"Eno2","30v5",-2.86851092416377,0.121519156751876,"NS","No","Not_labeled"
"Enpp2","30v5",-1.73567288691877,0.325850369253426,"NS","No","Not_labeled"
"Enpp4","30v5",-4.82908481742162,0.100123518899582,"NS","No","Not_labeled"
"Enpp5","30v5",1.09012537906445,0.162145918777102,"NS","No","Not_labeled"
"Ensa","30v5",-0.946340922192245,0.628846776219504,"NS","No","Not_labeled"
"Entpd4","30v5",-2.9539892219393,0.187883335631524,"NS","No","Not_labeled"
"Entpd7","30v5",0.707355130621357,0.669711518930184,"NS","No","Not_labeled"
"Entrep2","30v5",0.329589188480491,0.607797752823976,"NS","No","Not_labeled"
"Eogt","30v5",-3.09684162104208,0.0876364948627134,"NS","No","Not_labeled"
"Ep300","30v5",0.280828738866701,0.420562895404249,"NS","No","Not_labeled"
"Ep400","30v5",0.765532535244708,0.0857647023400908,"NS","No","Not_labeled"
"Epas1","30v5",-1.57001706791806,0.225576364912288,"NS","No","Not_labeled"
"Epb41l2","30v5",-2.69221571520978,0.133329387794849,"NS","No","Not_labeled"
"Epb41l3","30v5",-1.18117145163613,0.348964688236445,"NS","No","Not_labeled"
"Epb41l4b","30v5",-0.719167903845275,0.612149744469348,"NS","No","Not_labeled"
"Epc1","30v5",-0.0256931969252528,0.986864159859277,"NS","No","Not_labeled"
"Epc2","30v5",0.297611267111827,0.623082937252958,"NS","No","Not_labeled"
"Epdr1","30v5",-1.05832443066491,0.64415454086273,"NS","No","Not_labeled"
"Epg5","30v5",0.371394956077624,0.354901095072289,"NS","No","Not_labeled"
"Epha4","30v5",1.40276543856675,0.0535163462684679,"NS","No","Not_labeled"
"Epha5","30v5",-0.896395553722294,0.494003342976569,"NS","No","Not_labeled"
"Epha6","30v5",1.0129066788382,0.0541329162066313,"NS","No","Not_labeled"
"Epha7","30v5",0.0550465476443369,0.968232924361892,"NS","No","Not_labeled"
"Ephb1","30v5",0.139087160681895,0.887722431478402,"NS","No","Not_labeled"
"Ephb2","30v5",1.96022827740448,0.126418068024482,"NS","No","Not_labeled"
"Ephb6","30v5",-2.76024418440258,0.225754218817309,"NS","No","Not_labeled"
"Ephx1","30v5",-4.89906394154647,0.00128766240834875,"CLIP_Down","No","Not_labeled"
"Epm2aip1","30v5",-2.19928154885807,0.343281248189424,"NS","No","Not_labeled"
"Epn1","30v5",-1.27604188894049,0.475448985915996,"NS","No","Not_labeled"
"Eprs1","30v5",-1.90733549135285,0.185072439378343,"NS","No","Not_labeled"
"Eps15","30v5",0.218967497880239,0.769539497301077,"NS","No","Not_labeled"
"Eps8","30v5",-1.31968780008163,0.513495979787855,"NS","No","Not_labeled"
"Erbb4","30v5",-1.68583443973639,0.0603492762840279,"NS","No","Not_labeled"
"Erbin","30v5",-2.59315468035574,0.0937390745978298,"NS","No","Not_labeled"
"Erc1","30v5",-0.426637231367201,0.76104739622289,"NS","No","Not_labeled"
"Erc2","30v5",0.219098224789056,0.582102461425156,"NS","No","Not_labeled"
"Ercc3","30v5",-1.43159024220683,0.402228214675376,"NS","No","Not_labeled"
"Ercc4","30v5",-1.88920804643896,0.243958405303326,"NS","No","Not_labeled"
"Ercc5","30v5",-1.26636232503175,0.504614920136222,"NS","No","Not_labeled"
"Ercc6","30v5",-0.277051529177396,0.824009847274402,"NS","No","Not_labeled"
"Ercc6l2","30v5",-2.35511841571332,0.149710526335956,"NS","No","Not_labeled"
"Ergic1","30v5",-1.09807996010546,0.475501870809918,"NS","No","Not_labeled"
"Ergic2","30v5",-3.03881835487235,0.113066553244901,"NS","No","Not_labeled"
"Ergic3","30v5",-8.06142527641663,0.00138700217745159,"CLIP_Down","No","Not_labeled"
"Eri3","30v5",-0.153949309152264,0.848430958259472,"NS","No","Not_labeled"
"Erlec1","30v5",-3.11963174873944,0.0689200764760201,"NS","No","Not_labeled"
"Ermn","30v5",-4.39857041498869,0.209758719090529,"NS","No","Not_labeled"
"Ermp1","30v5",0.797747289476393,0.70893070013206,"NS","No","Not_labeled"
"Ero1a","30v5",-1.67852852732538,0.298104569991517,"NS","No","Not_labeled"
"Erp44","30v5",-1.90713464933139,0.0287238515898763,"CLIP_Down","No","Not_labeled"
"Errfi1","30v5",-3.58369247529409,0.061874790840489,"NS","No","Not_labeled"
"Esrrg","30v5",1.39251222527837,0.190822689936938,"NS","No","Not_labeled"
"Esyt2","30v5",-0.303272516360594,0.60438253978172,"NS","No","Not_labeled"
"Etf1","30v5",-2.67269996558872,0.269848691289651,"NS","No","Not_labeled"
"Etfdh","30v5",1.19543637566686,0.618382172772607,"NS","No","Not_labeled"
"Etnk1","30v5",0.503734609056328,0.259700190889546,"NS","No","Not_labeled"
"Ets2","30v5",-3.49085780166653,0.102712375315449,"NS","No","Not_labeled"
"Etv1","30v5",-3.5679763621527,0.0309584153296791,"CLIP_Down","No","Not_labeled"
"Etv5","30v5",0.222935320472532,0.905041181415794,"NS","No","Not_labeled"
"Evc2","30v5",-2.79590772190448,0.025712037192261,"CLIP_Down","No","Not_labeled"
"Evi5","30v5",-2.61435867506361,0.0649868002781374,"NS","No","Not_labeled"
"Ewsr1","30v5",-4.71022061758645,0.0340502299047812,"CLIP_Down","No","Not_labeled"
"Exd2","30v5",1.01591230625808,0.212195206718235,"NS","No","Not_labeled"
"Exoc1","30v5",-4.96535950653923,0.00434291174230613,"CLIP_Down","No","Not_labeled"
"Exoc2","30v5",-2.07644106882269,0.162568737515788,"NS","No","Not_labeled"
"Exoc3","30v5",-2.0696577891894,0.121495660205801,"NS","No","Not_labeled"
"Exoc4","30v5",0.492389369034822,0.464788730367426,"NS","No","Not_labeled"
"Exoc5","30v5",0.678874385136529,0.41395981169595,"NS","No","Not_labeled"
"Exoc6","30v5",-0.332150179714807,0.73288445382547,"NS","No","Not_labeled"
"Exoc6b","30v5",0.457720095362468,0.282846572135317,"NS","No","Not_labeled"
"Exosc10","30v5",-3.30923679968679,0.144690495635559,"NS","No","Not_labeled"
"Ext1","30v5",0.422948683915536,0.736137971312613,"NS","No","Not_labeled"
"Extl1","30v5",0.0496420033855496,0.983648884437642,"NS","No","Not_labeled"
"Extl2","30v5",-2.79105101702255,0.125482625376124,"NS","No","Not_labeled"
"Extl3","30v5",0.0663098715855899,0.961914748802014,"NS","No","Not_labeled"
"Eya1","30v5",-1.44875672041959,0.254218738832929,"NS","No","Not_labeled"
"Ezh1","30v5",-2.07918788814743,0.235730901995344,"NS","No","Not_labeled"
"Ezr","30v5",-1.75742215870109,0.333403012338567,"NS","No","Not_labeled"
"Fads1","30v5",-6.32048213918558,0.00650950181414044,"CLIP_Down","No","Not_labeled"
"Faf1","30v5",0.154928313798161,0.852625886619339,"NS","No","Not_labeled"
"Faim2","30v5",3.65573649666741,0.0312947495646376,"CLIP_Up","No","Not_labeled"
"Fam107a","30v5",-0.40589648755293,0.831496380311607,"NS","No","Not_labeled"
"Fam110b","30v5",2.08865642757665,0.0349143052236805,"CLIP_Up","No","Not_labeled"
"Fam117b","30v5",-0.653995432815267,0.595806552128253,"NS","No","Not_labeled"
"Fam120a","30v5",-0.342439868785722,0.239870057994812,"NS","No","Not_labeled"
"Fam120b","30v5",0.258066485578692,0.714794757634102,"NS","No","Not_labeled"
"Fam120c","30v5",-0.397381662335918,0.307810866794835,"NS","No","Not_labeled"
"Fam131a","30v5",-2.0964270983494,0.461782482288448,"NS","No","Not_labeled"
"Fam131b","30v5",0.538172673840984,0.810803214159262,"NS","No","Not_labeled"
"Fam135b","30v5",0.329857355260136,0.734430297300336,"NS","No","Not_labeled"
"Fam13a","30v5",-0.968279055108535,0.449585102215641,"NS","No","Not_labeled"
"Fam13c","30v5",-0.412809188636019,0.769037581715141,"NS","No","Not_labeled"
"Fam149a","30v5",-3.80423279648975,0.108921563077476,"NS","No","Not_labeled"
"Fam163b","30v5",0.401524374745688,0.805145911315681,"NS","No","Not_labeled"
"Fam168a","30v5",1.88880692920812,0.0196869444970621,"CLIP_Up","No","Not_labeled"
"Fam168b","30v5",0.857680345795847,0.0422645850383528,"CLIP_Up","No","Not_labeled"
"Fam169a","30v5",-0.124404780015216,0.934739957348355,"NS","No","Not_labeled"
"Fam171a1","30v5",-0.163732454304815,0.8992679723207,"NS","No","Not_labeled"
"Fam171a2","30v5",2.03346728115344,0.00912142954676565,"CLIP_Up","No","Not_labeled"
"Fam171b","30v5",0.190100101549572,0.633945087871818,"NS","No","Not_labeled"
"Fam172a","30v5",-0.838875900221351,0.481111023664781,"NS","No","Not_labeled"
"Fam177a","30v5",0.244061635371357,0.894789259640611,"NS","No","Not_labeled"
"Fam184a","30v5",-1.79605677372307,0.221965513248966,"NS","No","Not_labeled"
"Fam193a","30v5",2.44625393293603,0.0126150110060995,"CLIP_Up","No","Not_labeled"
"Fam199x","30v5",-2.00918364130165,0.146390846434466,"NS","No","Not_labeled"
"Fam20b","30v5",-1.22451380823191,0.456723373029532,"NS","No","Not_labeled"
"Fam210a","30v5",0.119431843388258,0.880660254524343,"NS","No","Not_labeled"
"Fam216a","30v5",-2.10566103804168,0.386555636862204,"NS","No","Not_labeled"
"Fam217b","30v5",-3.88338219779534,0.0866377398207349,"NS","No","Not_labeled"
"Fam219a","30v5",-2.33671210084078,0.151197072369414,"NS","No","Not_labeled"
"Fam220a","30v5",-1.53237086730097,0.645408487395625,"NS","No","Not_labeled"
"Fam234b","30v5",0.303036348979957,0.845445292316108,"NS","No","Not_labeled"
"Fam3c","30v5",0.629596667216128,0.745393035479991,"NS","No","Not_labeled"
"Fam53c","30v5",-2.72873955600116,0.300095248758191,"NS","No","Not_labeled"
"Fam76a","30v5",-5.25269741617603,0.0257137669949128,"CLIP_Down","No","Not_labeled"
"Fam81a","30v5",-0.49733183734325,0.654390711649091,"NS","No","Not_labeled"
"Fam8a1","30v5",0.830263229396711,0.166885756245651,"NS","No","Not_labeled"
"Fam91a1","30v5",-1.86167955314003,0.15414532870182,"NS","No","Not_labeled"
"Fancm","30v5",-1.09943716760334,0.465716570671406,"NS","No","Not_labeled"
"Far1","30v5",-0.313850024494809,0.873358835527229,"NS","No","Not_labeled"
"Far2","30v5",-2.80188966669123,0.0245549531611494,"CLIP_Down","No","Not_labeled"
"Farp1","30v5",-2.94188656831701,0.0375560320513856,"CLIP_Down","No","Not_labeled"
"Farp2","30v5",-1.14624367371711,0.367510350736369,"NS","No","Not_labeled"
"Farsb","30v5",0.602051426701983,0.715254779843915,"NS","No","Not_labeled"
"Fasn","30v5",0.342472045676674,0.66607593082315,"NS","No","Not_labeled"
"Fat1","30v5",-1.45380003736275,0.0661942599003036,"NS","No","Not_labeled"
"Fat3","30v5",0.721818441908304,0.170376695146483,"NS","No","Not_labeled"
"Fat4","30v5",-0.280228286099754,0.381025805956611,"NS","No","Not_labeled"
"Fau","30v5",3.06716073919994,0.442309767410621,"NS","No","Not_labeled"
"Fbf1","30v5",-2.9760037205233,0.0858167649744172,"NS","No","Not_labeled"
"Fbh1","30v5",-2.29118381631478,0.262528266188166,"NS","No","Not_labeled"
"Fbrsl1","30v5",0.618490776344892,0.672948073795491,"NS","No","Not_labeled"
"Fbxl14","30v5",-4.02063942526182,0.312172668594461,"NS","No","Not_labeled"
"Fbxl16","30v5",1.37757424292822,0.0287023925654665,"CLIP_Up","No","Not_labeled"
"Fbxl17","30v5",0.978275559795273,0.0398816559852658,"CLIP_Up","No","Not_labeled"
"Fbxl18","30v5",-2.95091674637205,0.241279965380383,"NS","No","Not_labeled"
"Fbxl19","30v5",-2.00017755532773,0.390298471546542,"NS","No","Not_labeled"
"Fbxl2","30v5",-0.485341736544383,0.730190759386032,"NS","No","Not_labeled"
"Fbxl3","30v5",-0.607706595727098,0.777236645371198,"NS","No","Not_labeled"
"Fbxl4","30v5",-1.50649975731414,0.496815264980207,"NS","No","Not_labeled"
"Fbxl5","30v5",-1.28682849600692,0.433801255653654,"NS","No","Not_labeled"
"Fbxo10","30v5",-5.89477503901957,0.00247566183672167,"CLIP_Down","No","Not_labeled"
"Fbxo11","30v5",0.374910345139392,0.434560570878469,"NS","No","Not_labeled"
"Fbxo21","30v5",0.793801634964158,0.22136100003385,"NS","No","Not_labeled"
"Fbxo25","30v5",4.25345482955484,0.0211242531306586,"CLIP_Up","No","Not_labeled"
"Fbxo28","30v5",0.742263525554315,0.660719282535235,"NS","No","Not_labeled"
"Fbxo3","30v5",-3.66834354734817,0.088575566198564,"NS","No","Not_labeled"
"Fbxo30","30v5",-4.81871073523598,0.04133981216805,"CLIP_Down","No","Not_labeled"
"Fbxo31","30v5",-1.01633899057088,0.55181465368774,"NS","No","Not_labeled"
"Fbxo33","30v5",-2.79908051825708,0.153641216278378,"NS","No","Not_labeled"
"Fbxo38","30v5",-3.38201634659128,0.0361826695158522,"CLIP_Down","No","Not_labeled"
"Fbxo41","30v5",-0.343283419100522,0.436362496782753,"NS","No","Not_labeled"
"Fbxo45","30v5",-3.76725741423379,0.00920202350019976,"CLIP_Down","No","Not_labeled"
"Fbxo7","30v5",0.712589500852582,0.431263736408417,"NS","No","Not_labeled"
"Fbxo9","30v5",0.625319161341896,0.80735524884023,"NS","No","Not_labeled"
"Fbxw11","30v5",-0.465019069932755,0.751333534383827,"NS","No","Not_labeled"
"Fbxw7","30v5",-1.80794661725963,0.0998292440146589,"NS","No","Not_labeled"
"Fcho1","30v5",0.208777604055943,0.942667588331961,"NS","No","Not_labeled"
"Fcho2","30v5",0.242407643516183,0.712836650013088,"NS","No","Not_labeled"
"Fchsd2","30v5",-3.07985927565133,0.0268022494339456,"CLIP_Down","No","Not_labeled"
"Fech","30v5",1.74324449178667,0.0481793197979444,"CLIP_Up","No","Not_labeled"
"Fem1a","30v5",-0.924431024864721,0.1294846768994,"NS","No","Not_labeled"
"Fem1b","30v5",0.431842522956884,0.222317425543982,"NS","No","Not_labeled"
"Fem1c","30v5",-4.28257206514109,0.0607929081622181,"NS","No","Not_labeled"
"Fermt2","30v5",0.196692026347084,0.84034354544233,"NS","No","Not_labeled"
"Fez1","30v5",0.322641732107734,0.811364347218207,"NS","No","Not_labeled"
"Fezf2","30v5",-2.36069578390174,0.28853791740365,"NS","No","Not_labeled"
"Fgd1","30v5",1.70705101882934,0.425753880647861,"NS","No","Not_labeled"
"Fgd4","30v5",-0.335802578564935,0.763364248955774,"NS","No","Not_labeled"
"Fgd6","30v5",-3.21372994804491,0.0133462817556247,"CLIP_Down","No","Not_labeled"
"Fgf1","30v5",2.40529252389978,0.176269780253969,"NS","No","Not_labeled"
"Fgf12","30v5",-1.37856245225686,0.0839261930437495,"NS","No","Not_labeled"
"Fgf13","30v5",1.27070777554956,0.0416631633560303,"CLIP_Up","No","Not_labeled"
"Fgf14","30v5",-0.872440765096737,0.225494873836055,"NS","No","Not_labeled"
"Fgfr1","30v5",-3.39956772428039,0.055683030572332,"NS","No","Not_labeled"
"Fgfr1op2","30v5",-5.3936632515751,4.81971254688035e-07,"CLIP_Down","No","Not_labeled"
"Fgfr2","30v5",0.418047803027738,0.26444014260227,"NS","No","Not_labeled"
"Fhip1b","30v5",0.770683172468263,0.657153444221473,"NS","No","Not_labeled"
"Fibcd1","30v5",0.0720784961745391,0.959445464855767,"NS","No","Not_labeled"
"Fkbp1a","30v5",-0.0586251358984551,0.982518038349989,"NS","No","Not_labeled"
"Fkbp3","30v5",-3.64244028712554,0.169239371382826,"NS","No","Not_labeled"
"Fkbp4","30v5",-9.70819821826734,0.000467701954025576,"CLIP_Down","No","Not_labeled"
"Fkbp5","30v5",0.209071352643652,0.843822590454097,"NS","No","Not_labeled"
"Fkbp8","30v5",1.35513189721766,0.640848003528501,"NS","No","Not_labeled"
"Fktn","30v5",1.14893226623461,0.558109848856086,"NS","No","Not_labeled"
"Flcn","30v5",-4.51037555509718,6.86345803531751e-05,"CLIP_Down","Yes","Decreased"
"Flnb","30v5",-1.46452641878896,0.0950335068602613,"NS","No","Not_labeled"
"Flrt1","30v5",-0.309290216845588,0.852386720152043,"NS","No","Not_labeled"
"Flrt2","30v5",-0.403416799600896,0.7667808993696,"NS","No","Not_labeled"
"Flrt3","30v5",-0.816336596593055,0.734947949418447,"NS","No","Not_labeled"
"Flywch1","30v5",-0.277107472715006,0.869050509314284,"NS","No","Not_labeled"
"Fmn1","30v5",0.870854388666829,0.307765329409792,"NS","No","Not_labeled"
"Fmn2","30v5",0.282351976702614,0.660471967355738,"NS","No","Not_labeled"
"Fmnl1","30v5",1.19095940352188,0.087842990887221,"NS","No","Not_labeled"
"Fmnl2","30v5",-0.91479301321511,0.208315787864935,"NS","No","Not_labeled"
"Fnbp1","30v5",-3.67429075024877,0.03687119292318,"CLIP_Down","No","Not_labeled"
"Fnbp1l","30v5",-2.46325988004573,0.143859804097834,"NS","No","Not_labeled"
"Fndc3a","30v5",-0.0940298308212917,0.894733467725865,"NS","No","Not_labeled"
"Fndc3b","30v5",0.0276120515026035,0.981527521457417,"NS","No","Not_labeled"
"Fndc4","30v5",-1.6873947535825,0.506617882185343,"NS","No","Not_labeled"
"Fndc5","30v5",-4.4389914153107,0.0804356227003634,"NS","No","Not_labeled"
"Fnip1","30v5",-0.593644111172147,0.635110824689074,"NS","No","Not_labeled"
"Fnip2","30v5",-1.24286221809385,0.242664400968924,"NS","No","Not_labeled"
"Focad","30v5",-0.273942671747985,0.740394268503762,"NS","No","Not_labeled"
"Fos","30v5",-2.32010047827383,0.343106399207663,"NS","No","Not_labeled"
"Fosb","30v5",-0.886102967966888,0.607578836592744,"NS","No","Not_labeled"
"Fosl2","30v5",2.24342578305084,0.297138476317317,"NS","No","Not_labeled"
"Foxg1","30v5",-1.71110462938766,0.508330002157748,"NS","No","Not_labeled"
"Foxj2","30v5",-2.92610871691776,0.054822907542026,"NS","No","Not_labeled"
"Foxj3","30v5",-1.3504581027944,0.394188132889061,"NS","No","Not_labeled"
"Foxk1","30v5",1.00343348105149,0.241288773501671,"NS","No","Not_labeled"
"Foxk2","30v5",-1.03637719676156,0.513854210393456,"NS","No","Not_labeled"
"Foxn3","30v5",-2.21730029057557,0.14599674703342,"NS","No","Not_labeled"
"Foxo1","30v5",-2.28030201403983,0.0162097556351686,"CLIP_Down","No","Not_labeled"
"Foxo3","30v5",-1.13304982942547,0.47094568595238,"NS","No","Not_labeled"
"Foxo4","30v5",-8.00782542030511,0.000111138132333491,"CLIP_Down","No","Not_labeled"
"Foxo6","30v5",-4.1867407609193,0.0450266140998346,"CLIP_Down","No","Not_labeled"
"Foxp1","30v5",0.904964041215293,0.41291352216393,"NS","No","Not_labeled"
"Fpgt","30v5",-3.2293831904346,0.135555625002768,"NS","No","Not_labeled"
"Fras1","30v5",0.402797555022969,0.564571554041155,"NS","No","Not_labeled"
"Frmd4a","30v5",-0.891158986176909,0.446611465019246,"NS","No","Not_labeled"
"Frmd4b","30v5",0.688215053681361,0.55272714496055,"NS","No","Not_labeled"
"Frmd6","30v5",0.889576950099106,0.294990981595922,"NS","No","Not_labeled"
"Frmpd1","30v5",-0.59586774540106,0.77269774834374,"NS","No","Not_labeled"
"Frmpd4","30v5",-0.340533919041715,0.564095360303241,"NS","No","Not_labeled"
"Frrs1l","30v5",0.962823647645855,0.0291414153189655,"CLIP_Up","No","Not_labeled"
"Frs2","30v5",0.595636637294251,0.179134287075963,"NS","No","Not_labeled"
"Fry","30v5",0.483135306907599,0.116425318583544,"NS","No","Not_labeled"
"Fryl","30v5",-0.737935284172345,0.561990117090939,"NS","No","Not_labeled"
"Fscn1","30v5",-1.10033890913083,0.572390123706933,"NS","No","Not_labeled"
"Fsd1l","30v5",-0.814032369723616,0.700465797561313,"NS","No","Not_labeled"
"Fth1","30v5",0.51576726532759,0.311077985658386,"NS","No","Not_labeled"
"Fto","30v5",0.38248293489046,0.679714370767335,"NS","No","Not_labeled"
"Fubp1","30v5",-0.906456619870106,0.584565775479813,"NS","No","Not_labeled"
"Fubp3","30v5",-1.59680301650158,0.48052218117642,"NS","No","Not_labeled"
"Furin","30v5",-2.07976963644817,0.35398229443612,"NS","No","Not_labeled"
"Fus","30v5",-1.78459145618078,0.42426841318413,"NS","No","Not_labeled"
"Fut8","30v5",-0.716624578138472,0.525121526612856,"NS","No","Not_labeled"
"Fut9","30v5",0.395689179647759,0.517862431605365,"NS","No","Not_labeled"
"Fuz","30v5",-1.29602545521122,0.68664818405141,"NS","No","Not_labeled"
"Fxr1","30v5",-1.8513007437857,0.326536431446126,"NS","No","Not_labeled"
"Fxr2","30v5",-0.851540221243179,0.619343347804588,"NS","No","Not_labeled"
"Fyco1","30v5",-0.347639771413586,0.580660199681112,"NS","No","Not_labeled"
"Fyn","30v5",-0.637762877022977,0.655201575849651,"NS","No","Not_labeled"
"Fyttd1","30v5",2.60777065115453,0.2986131046417,"NS","No","Not_labeled"
"Fzd3","30v5",1.87809605647865,0.0366334052405511,"CLIP_Up","No","Not_labeled"
"G2e3","30v5",-2.27672669500428,0.358543283155999,"NS","No","Not_labeled"
"G3bp1","30v5",-1.95818918979361,0.287078522267529,"NS","No","Not_labeled"
"G3bp2","30v5",-1.96398124301565,0.324684923937088,"NS","No","Not_labeled"
"Gaa","30v5",-1.06024330149914,0.530628184406807,"NS","No","Not_labeled"
"Gab1","30v5",-2.24845404578876,0.108081525074039,"NS","No","Not_labeled"
"Gab2","30v5",-2.25856479890117,0.022781705548544,"CLIP_Down","No","Not_labeled"
"Gabarapl1","30v5",-2.97494088169887,0.101206366627565,"NS","No","Not_labeled"
"Gabarapl2","30v5",-3.295864362854,0.113733681177074,"NS","No","Not_labeled"
"Gabbr1","30v5",1.2708441546325,0.00322031296406334,"CLIP_Up","No","Not_labeled"
"Gabbr2","30v5",1.07486722615303,0.0173545818116876,"CLIP_Up","No","Not_labeled"
"Gabpa","30v5",-4.90512837619622,0.00749180164033678,"CLIP_Down","No","Not_labeled"
"Gabpb2","30v5",-1.78266155232587,0.491281982056816,"NS","No","Not_labeled"
"Gabra1","30v5",0.396878668177807,0.545583443690833,"NS","No","Not_labeled"
"Gabra2","30v5",0.707941162359306,0.511509973433044,"NS","No","Not_labeled"
"Gabra4","30v5",-0.545605265046812,0.658724100486119,"NS","No","Not_labeled"
"Gabra5","30v5",0.0223713839810347,0.957922132582634,"NS","No","Not_labeled"
"Gabrb1","30v5",1.14229801812531,0.19626943597752,"NS","No","Not_labeled"
"Gabrb2","30v5",1.86958100177197,0.000383885127232205,"CLIP_Up","No","Not_labeled"
"Gabrb3","30v5",1.10815056886575,0.0808786996830792,"NS","No","Not_labeled"
"Gabrg2","30v5",1.75665078932601,0.0953675322416818,"NS","No","Not_labeled"
"Gad1","30v5",-0.624372007099476,0.680369525801231,"NS","No","Not_labeled"
"Gad2","30v5",-3.07525855601391,0.0791895584482252,"NS","No","Not_labeled"
"Gak","30v5",-0.590663935361256,0.688119058173181,"NS","No","Not_labeled"
"Gal3st3","30v5",0.830941575771643,0.752081733432443,"NS","No","Not_labeled"
"Galnt1","30v5",-5.13083155036308,1.49952508208814e-06,"CLIP_Down","No","Not_labeled"
"Galnt11","30v5",0.214029065160346,0.922793888139165,"NS","No","Not_labeled"
"Galnt13","30v5",1.20194707074565,0.288916769592235,"NS","No","Not_labeled"
"Galnt16","30v5",2.11569357089091,0.00227646493784302,"CLIP_Up","No","Not_labeled"
"Galnt17","30v5",0.0196446743287191,0.976253815866588,"NS","No","Not_labeled"
"Galnt18","30v5",0.890616448137696,0.309623638439741,"NS","No","Not_labeled"
"Galnt9","30v5",3.00711354119227,0.0348513489997404,"CLIP_Up","No","Not_labeled"
"Gapvd1","30v5",-2.02280012799488,0.131121002181458,"NS","No","Not_labeled"
"Garem1","30v5",0.318097191741741,0.735676222652401,"NS","No","Not_labeled"
"Garre1","30v5",-1.17968850323366,0.43598352699931,"NS","No","Not_labeled"
"Gars","30v5",0.0930206739406467,0.935455755904758,"NS","No","Not_labeled"
"Gart","30v5",-3.57681429040661,0.112691072753342,"NS","No","Not_labeled"
"Gas2l1","30v5",-4.53184044550686,0.028498673904151,"CLIP_Down","No","Not_labeled"
"Gas6","30v5",-2.10038357609103,0.16750748720227,"NS","No","Not_labeled"
"Gas7","30v5",0.152322062060126,0.902553275501111,"NS","No","Not_labeled"
"Gatad1","30v5",1.41009014793771,0.14696821391363,"NS","No","Not_labeled"
"Gatad2a","30v5",-1.84152756127448,0.123149693519806,"NS","No","Not_labeled"
"Gatad2b","30v5",2.23778372432488,0.282714391390531,"NS","No","Not_labeled"
"Gatm","30v5",-0.688387795555596,0.298350356785405,"NS","No","Not_labeled"
"Gbf1","30v5",0.0902053311757238,0.948428913721753,"NS","No","Not_labeled"
"Gca","30v5",-2.05432865129568,0.233952550612533,"NS","No","Not_labeled"
"Gcc1","30v5",-4.66105728382453,0.0569942131768569,"NS","No","Not_labeled"
"Gcc2","30v5",-0.496445481204288,0.447789332235439,"NS","No","Not_labeled"
"Gclc","30v5",-2.00190762996551,0.13664617760402,"NS","No","Not_labeled"
"Gclm","30v5",0.828820760701013,0.63773429761278,"NS","No","Not_labeled"
"Gcn1","30v5",-0.19217235257672,0.711351947962779,"NS","No","Not_labeled"
"Gcnt2","30v5",-3.02354471988126,0.0437647750421694,"CLIP_Down","No","Not_labeled"
"Gda","30v5",-0.0463026841667991,0.949497443728851,"NS","No","Not_labeled"
"Gdap1","30v5",0.305518184841553,0.70072232880597,"NS","No","Not_labeled"
"Gdap1l1","30v5",0.900915595781118,0.744348248960751,"NS","No","Not_labeled"
"Gdap2","30v5",-2.89895494537401,0.135440909170716,"NS","No","Not_labeled"
"Gde1","30v5",2.09971605949712,0.32425780906103,"NS","No","Not_labeled"
"Gdf1","30v5",-0.0155529947137607,0.992972338845535,"NS","No","Not_labeled"
"Gdi1","30v5",0.471275637138588,0.428682809416397,"NS","No","Not_labeled"
"Gdi2","30v5",-2.04564641998775,0.160563492749699,"NS","No","Not_labeled"
"Gemin5","30v5",0.352337710952142,0.841921508567743,"NS","No","Not_labeled"
"Gfap","30v5",-1.37357565023205,0.112504403064728,"NS","No","Not_labeled"
"Gfod1","30v5",0.835383277937709,0.0883083239372691,"NS","No","Not_labeled"
"Gfpt1","30v5",-0.110250663030337,0.878913389325893,"NS","No","Not_labeled"
"Gfra1","30v5",-1.20607556948858,0.26279259415549,"NS","No","Not_labeled"
"Ggps1","30v5",0.094342501286854,0.966764323249284,"NS","No","Not_labeled"
"Ggt7","30v5",-2.47087124607467,0.157377170519833,"NS","No","Not_labeled"
"Ghitm","30v5",-3.92387882640342,0.0748903576041487,"NS","No","Not_labeled"
"Gid4","30v5",-0.935869339254721,0.332978230657932,"NS","No","Not_labeled"
"Gigyf1","30v5",-3.0430134814867,0.209930208248785,"NS","No","Not_labeled"
"Gins2","30v5",1.46163877911377,0.16568816756171,"NS","No","Not_labeled"
"Git1","30v5",1.23532077582364,0.0370596984537018,"CLIP_Up","No","Not_labeled"
"Gja1","30v5",-2.30317010368003,0.31673185517734,"NS","No","Not_labeled"
"Gjb6","30v5",-1.81823172409381,0.425163593753928,"NS","No","Not_labeled"
"Gjc3","30v5",-6.74482180296823,0.00147262019373133,"CLIP_Down","No","Not_labeled"
"Gk","30v5",-2.84499561498996,0.209961717246348,"NS","No","Not_labeled"
"Glcci1","30v5",-1.27765130032673,0.413928536337132,"NS","No","Not_labeled"
"Glce","30v5",-3.79306864329786,0.0157904941507566,"CLIP_Down","No","Not_labeled"
"Gldc","30v5",-3.30795334979974,0.0670437535057717,"NS","No","Not_labeled"
"Glg1","30v5",-0.679509051235774,0.59003199377225,"NS","No","Not_labeled"
"Gli3","30v5",-0.84684448813547,0.390438684347254,"NS","No","Not_labeled"
"Glis3","30v5",-0.83813824150478,0.412760833063124,"NS","No","Not_labeled"
"Glrb","30v5",-0.051163765318788,0.972732707785323,"NS","No","Not_labeled"
"Glrx2","30v5",0.0879276767708055,0.967039673263647,"NS","No","Not_labeled"
"Gls","30v5",-1.07896734828329,0.0367037162222582,"CLIP_Down","No","Not_labeled"
"Glud1","30v5",-1.00398561759649,0.379758223471755,"NS","No","Not_labeled"
"Glul","30v5",-0.0932754364808464,0.886799172611202,"NS","No","Not_labeled"
"Glyr1","30v5",0.00353922516861216,0.994007069604864,"NS","No","Not_labeled"
"Gm12258","30v5",-5.93500204517216,0.00246474718051367,"CLIP_Down","No","Not_labeled"
"Gm13889","30v5",-4.08611262947286,0.181566576267967,"NS","No","Not_labeled"
"Gm21092","30v5",-1.08155429812425,0.673651064576009,"NS","No","Not_labeled"
"Gm21992","30v5",1.890373040553,0.0187975715723594,"CLIP_Up","No","Not_labeled"
"Gm8797","30v5",-2.65532563295103,0.359817787206877,"NS","No","Not_labeled"
"Gmeb1","30v5",-3.63731781891753,0.114900673959572,"NS","No","Not_labeled"
"Gmfb","30v5",-0.716013864200693,0.737285049824804,"NS","No","Not_labeled"
"Gmps","30v5",-0.600525003815137,0.656216607190608,"NS","No","Not_labeled"
"Gna11","30v5",-1.76144189179674,0.399085511841024,"NS","No","Not_labeled"
"Gna12","30v5",-1.5247595835957,0.277728927617373,"NS","No","Not_labeled"
"Gna13","30v5",0.37901869200069,0.674819392092458,"NS","No","Not_labeled"
"Gnai1","30v5",2.3616653523785,0.00838501438472349,"CLIP_Up","No","Not_labeled"
"Gnai2","30v5",-3.84107684825296,0.124239488561268,"NS","No","Not_labeled"
"Gnal","30v5",-0.230142364276337,0.88461453006077,"NS","No","Not_labeled"
"Gnao1","30v5",0.70995116920564,0.0788130117523377,"NS","No","Not_labeled"
"Gnaq","30v5",0.725582341175882,0.0169262917706801,"CLIP_Up","No","Not_labeled"
"Gnaz","30v5",1.44903980442996,0.0195781656936702,"CLIP_Up","No","Not_labeled"
"Gnb1","30v5",1.7147864493725,0.0157154774330084,"CLIP_Up","No","Not_labeled"
"Gnb2","30v5",1.07045538821792,0.548416612727059,"NS","No","Not_labeled"
"Gng12","30v5",-2.64360987086243,0.0160801764267105,"CLIP_Down","No","Not_labeled"
"Gng2","30v5",0.438347831128802,0.746390482686922,"NS","No","Not_labeled"
"Gng3","30v5",-2.80575061476587,0.401513363523996,"NS","No","Not_labeled"
"Gng7","30v5",1.15931989980767,0.552064147590449,"NS","No","Not_labeled"
"Gnl1","30v5",0.783701092106556,0.747914446466983,"NS","No","Not_labeled"
"Gnl3l","30v5",-0.385236777123923,0.819409531418396,"NS","No","Not_labeled"
"Gnpat","30v5",0.157611469769019,0.940731756831133,"NS","No","Not_labeled"
"Gnptab","30v5",-0.118463734783955,0.804137372560395,"NS","No","Not_labeled"
"Golga3","30v5",0.673110450458805,0.31745893709649,"NS","No","Not_labeled"
"Golga4","30v5",-1.54433414850064,0.221861495401709,"NS","No","Not_labeled"
"Golga5","30v5",-0.791430410690305,0.707002797561057,"NS","No","Not_labeled"
"Golgb1","30v5",0.00856616930057719,0.973178554561617,"NS","No","Not_labeled"
"Golm2","30v5",-1.03831831434739,0.488575390430148,"NS","No","Not_labeled"
"Golph3","30v5",2.3126294540884,0.266440191886099,"NS","No","Not_labeled"
"Gon4l","30v5",-0.218348018929346,0.883426067044483,"NS","No","Not_labeled"
"Gopc","30v5",0.214480368837794,0.90638354788607,"NS","No","Not_labeled"
"Gorasp2","30v5",2.11538079499285,0.241519324301525,"NS","No","Not_labeled"
"Got1","30v5",-4.19823613292263,0.0937096584688285,"NS","No","Not_labeled"
"Gpam","30v5",-3.9647238670083,0.0079484698717565,"CLIP_Down","No","Not_labeled"
"Gpat4","30v5",-3.61503045391269,0.0446567324296623,"CLIP_Down","No","Not_labeled"
"Gpatch8","30v5",-0.989382182131892,0.357314468333232,"NS","No","Not_labeled"
"Gpbp1","30v5",-3.19815666226933,0.10439947629599,"NS","No","Not_labeled"
"Gpd1l","30v5",-2.29866371263433,0.194198577110667,"NS","No","Not_labeled"
"Gpd2","30v5",0.278176624650621,0.53685505589008,"NS","No","Not_labeled"
"Gphn","30v5",0.848817359202833,0.397986304243028,"NS","No","Not_labeled"
"Gpi1","30v5",0.0136660505820094,0.982922301121678,"NS","No","Not_labeled"
"Gpm6a","30v5",1.11709755928701,0.0183866043561101,"CLIP_Up","No","Not_labeled"
"Gpm6b","30v5",-1.68868426698841,0.208970550790411,"NS","No","Not_labeled"
"Gpr155","30v5",-1.05013130930729,0.515546069712714,"NS","No","Not_labeled"
"Gpr158","30v5",0.313898122490611,0.553342106029575,"NS","No","Not_labeled"
"Gpr161","30v5",-0.936148889226585,0.57304246139462,"NS","No","Not_labeled"
"Gpr162","30v5",-0.312426451307956,0.878244215554596,"NS","No","Not_labeled"
"Gpr22","30v5",0.116346827583716,0.886460332933148,"NS","No","Not_labeled"
"Gpr26","30v5",-2.04542364581787,0.26339699420167,"NS","No","Not_labeled"
"Gpr37","30v5",-2.84729987577539,0.11172463250171,"NS","No","Not_labeled"
"Gprasp1","30v5",-1.4643869048779,0.425469315702348,"NS","No","Not_labeled"
"Gprasp2","30v5",-1.56671963444629,0.440714539930037,"NS","No","Not_labeled"
"Gprc5b","30v5",-2.8451018964672,0.103886023916526,"NS","No","Not_labeled"
"Gprin1","30v5",1.99173565045775,0.00127822430980228,"CLIP_Up","No","Not_labeled"
"Gps1","30v5",-2.36417692971909,0.468658226242393,"NS","No","Not_labeled"
"Gpt2","30v5",-1.56426156259272,0.416021762934674,"NS","No","Not_labeled"
"Gramd1b","30v5",-0.603807869854043,0.566219381407303,"NS","No","Not_labeled"
"Grb10","30v5",-2.05517861053831,0.11386993013739,"NS","No","Not_labeled"
"Grb2","30v5",-1.15400163271081,0.602874597291042,"NS","No","Not_labeled"
"Gria1","30v5",0.916737604548333,0.0204373208158751,"CLIP_Up","No","Not_labeled"
"Gria2","30v5",0.820617161986119,0.243950142509422,"NS","No","Not_labeled"
"Gria3","30v5",1.14446976807015,0.142868381374182,"NS","No","Not_labeled"
"Gria4","30v5",-1.34279139060869,0.181245591662107,"NS","No","Not_labeled"
"Grid1","30v5",0.95207881817482,0.107094707338688,"NS","No","Not_labeled"
"Grik2","30v5",-0.662803456179347,0.0864695055247635,"NS","No","Not_labeled"
"Grik3","30v5",1.95695862471231,0.0340372965049631,"CLIP_Up","No","Not_labeled"
"Grik4","30v5",-0.709331528874328,0.348303572736343,"NS","No","Not_labeled"
"Grik5","30v5",0.448614641935768,0.431539872218615,"NS","No","Not_labeled"
"Grin2a","30v5",1.20089516753207,0.0332249406534142,"CLIP_Up","No","Not_labeled"
"Grin2b","30v5",0.860866359198517,0.0607027166087011,"NS","No","Not_labeled"
"Grin2c","30v5",-2.73053264493815,0.217701872887045,"NS","No","Not_labeled"
"Grin3a","30v5",-1.17738603931645,0.285768380777601,"NS","No","Not_labeled"
"Grina","30v5",2.19421375250562,0.00959180666550522,"CLIP_Up","No","Not_labeled"
"Grk2","30v5",0.811090850757552,0.160444635603823,"NS","No","Not_labeled"
"Grk3","30v5",0.180827212660389,0.726370890433408,"NS","No","Not_labeled"
"Grk6","30v5",-1.30847828371918,0.450175529865691,"NS","No","Not_labeled"
"Grm1","30v5",-0.60973509739512,0.508464145632507,"NS","No","Not_labeled"
"Grm2","30v5",-1.8739453118843,0.456002867605698,"NS","No","Not_labeled"
"Grm3","30v5",-2.34990287805261,0.104574371612739,"NS","No","Not_labeled"
"Grm5","30v5",1.14942403378043,0.0186365798662235,"CLIP_Up","No","Not_labeled"
"Grm7","30v5",1.21169942748109,0.0735293700077729,"NS","No","Not_labeled"
"Grsf1","30v5",-4.32747638442273,0.0122863396938959,"CLIP_Down","Yes","Decreased"
"Gse1","30v5",1.25996513076711,0.200624848015327,"NS","No","Not_labeled"
"Gsk3a","30v5",-3.34092748005746,0.243393378021617,"NS","No","Not_labeled"
"Gsk3b","30v5",0.183686640375913,0.552688376827747,"NS","No","Not_labeled"
"Gspt1","30v5",-5.84891910883037,2.89759758972239e-05,"CLIP_Down","No","Not_labeled"
"Gstm1","30v5",-2.2289970435922,0.361045566409282,"NS","No","Not_labeled"
"Gtdc1","30v5",1.82443920677419,0.0499789085683063,"CLIP_Up","No","Not_labeled"
"Gtf2a1","30v5",-1.71860959060699,0.279294015012826,"NS","No","Not_labeled"
"Gtf2h1","30v5",-4.82793519888863,0.0552104214622202,"NS","No","Not_labeled"
"Gtf2h5","30v5",3.89584701374841,0.0335336984557226,"CLIP_Up","No","Not_labeled"
"Gtf3c1","30v5",0.228727377451198,0.780178646540653,"NS","No","Not_labeled"
"Gtf3c3","30v5",1.85359422698339,0.0407980209243644,"CLIP_Up","No","Not_labeled"
"Gtf3c4","30v5",-2.25638758227213,0.227411961919163,"NS","No","Not_labeled"
"Gtpbp4","30v5",-1.79944908723974,0.263953220276956,"NS","No","Not_labeled"
"Gucy1a2","30v5",0.538008182486533,0.319007711452753,"NS","No","Not_labeled"
"Gucy1b1","30v5",-0.339164612722665,0.845715098767124,"NS","No","Not_labeled"
"Guk1","30v5",-4.92485878004161,0.0678882991722018,"NS","No","Not_labeled"
"H2az1","30v5",-2.63191108464513,0.483493756070652,"NS","No","Not_labeled"
"H3f3b","30v5",-1.04756373748186,0.656563681390021,"NS","No","Not_labeled"
"Habp4","30v5",-2.76079841767263,0.14936333196538,"NS","No","Not_labeled"
"Hace1","30v5",-1.32050442292652,0.333513276882453,"NS","No","Not_labeled"
"Hadha","30v5",-3.71855565600326,0.0917883488103886,"NS","No","Not_labeled"
"Hadhb","30v5",-5.0946487578699,0.0706488525786151,"NS","No","Not_labeled"
"Hapln1","30v5",-3.33881080032269,0.0400034870606691,"CLIP_Down","No","Not_labeled"
"Hapstr1","30v5",0.159104925104887,0.891802755932,"NS","No","Not_labeled"
"Hbs1l","30v5",-0.966176147358085,0.533811152604882,"NS","No","Not_labeled"
"Hccs","30v5",-4.51684054982395,0.00565957522277158,"CLIP_Down","No","Not_labeled"
"Hcfc1","30v5",0.626935682868989,0.184646244227416,"NS","No","Not_labeled"
"Hcfc2","30v5",0.462622368651616,0.778371069085839,"NS","No","Not_labeled"
"Hcn1","30v5",1.88282829279506,0.0106319008299112,"CLIP_Up","No","Not_labeled"
"Hcn2","30v5",0.799521135424628,0.287837437483667,"NS","No","Not_labeled"
"Hdac2","30v5",0.497021180900068,0.624341966981917,"NS","No","Not_labeled"
"Hdac4","30v5",0.570656552134507,0.545231313242791,"NS","No","Not_labeled"
"Hdac5","30v5",1.11214686905743,0.529998520815,"NS","No","Not_labeled"
"Hdac6","30v5",6.18399455932519,0.0327548418556103,"CLIP_Up","No","Not_labeled"
"Hdac9","30v5",-0.726383151404534,0.558934238649919,"NS","No","Not_labeled"
"Hdgfl3","30v5",-1.54799231494794,0.301350465627016,"NS","No","Not_labeled"
"Hdlbp","30v5",-0.497557406126998,0.405444671034119,"NS","No","Not_labeled"
"Hdx","30v5",-1.29952124328289,0.220855492501463,"NS","No","Not_labeled"
"Heatr1","30v5",-2.63448395232565,0.137727685657422,"NS","No","Not_labeled"
"Heatr5b","30v5",0.369274209455662,0.476173032187867,"NS","No","Not_labeled"
"Heatr6","30v5",-5.71830400681573,0.00211718544824278,"CLIP_Down","No","Not_labeled"
"Heca","30v5",-0.329370872244583,0.828522528573184,"NS","No","Not_labeled"
"Hectd1","30v5",0.321861461873885,0.468059809478084,"NS","No","Not_labeled"
"Hectd2","30v5",-4.57518949880606,0.00815453528253932,"CLIP_Down","No","Not_labeled"
"Hectd4","30v5",0.69549745532289,0.0848321560194859,"NS","No","Not_labeled"
"Hecw1","30v5",-0.184120414797829,0.689352337593506,"NS","No","Not_labeled"
"Hecw2","30v5",-2.3107981089122,0.0488218260607518,"CLIP_Down","No","Not_labeled"
"Heg1","30v5",-2.20105170534438,0.18548229730319,"NS","No","Not_labeled"
"Helz","30v5",0.920956801027204,0.303914766129208,"NS","No","Not_labeled"
"Hepacam","30v5",-1.62481914217375,0.488001054526422,"NS","No","Not_labeled"
"Herc1","30v5",0.725372578677785,0.0334359501363909,"CLIP_Up","No","Not_labeled"
"Herc2","30v5",0.330577292700864,0.103933658946725,"NS","No","Not_labeled"
"Herc3","30v5",0.913753967913369,0.136444511239476,"NS","No","Not_labeled"
"Herc4","30v5",-1.05299592470942,0.345924264977634,"NS","No","Not_labeled"
"Herpud2","30v5",-0.43121998986638,0.706900903540372,"NS","No","Not_labeled"
"Hgs","30v5",0.482880720634604,0.845175449366201,"NS","No","Not_labeled"
"Hid1","30v5",-2.50648706706365,0.386177362756917,"NS","No","Not_labeled"
"Hif1a","30v5",-0.288916565421105,0.613886439596783,"NS","No","Not_labeled"
"Hint1","30v5",-4.31076069039212,0.179216221809963,"NS","No","Not_labeled"
"Hip1r","30v5",-3.84212595000057,0.0379091651401428,"CLIP_Down","No","Not_labeled"
"Hipk1","30v5",-0.38894164228279,0.289987643322062,"NS","No","Not_labeled"
"Hipk2","30v5",-2.35266826469386,0.185003439302258,"NS","No","Not_labeled"
"Hipk3","30v5",-0.375004751318225,0.428803397304043,"NS","No","Not_labeled"
"Hira","30v5",-0.146791354393867,0.936417220843787,"NS","No","Not_labeled"
"Hivep1","30v5",-1.02649605996142,0.225826329292518,"NS","No","Not_labeled"
"Hivep2","30v5",1.03019547912567,0.0315166992809172,"CLIP_Up","No","Not_labeled"
"Hivep3","30v5",0.729431868047758,0.327433499990657,"NS","No","Not_labeled"
"Hk1","30v5",-1.32091724074342,0.380194647195119,"NS","No","Not_labeled"
"Hlf","30v5",-0.331237364144471,0.808391574947595,"NS","No","Not_labeled"
"Hltf","30v5",-1.28046840761697,0.297036493396991,"NS","No","Not_labeled"
"Hmbox1","30v5",-1.05177599501867,0.48435306788748,"NS","No","Not_labeled"
"Hmgcr","30v5",1.49830292949295,0.511269659706175,"NS","No","Not_labeled"
"Hmgcs1","30v5",-2.82478082633588,0.186137817785752,"NS","No","Not_labeled"
"Hmgxb3","30v5",0.527406514504374,0.253017053062306,"NS","No","Not_labeled"
"Hmox2","30v5",1.2717291910952,0.509130763823529,"NS","No","Not_labeled"
"Hnrnpa0","30v5",0.477396078597011,0.460954822353262,"NS","No","Not_labeled"
"Hnrnpa1","30v5",-0.194575443904541,0.934460528097385,"NS","No","Not_labeled"
"Hnrnpa2b1","30v5",0.258032853200899,0.640663929440841,"NS","No","Not_labeled"
"Hnrnpa3","30v5",-2.44825019293689,0.370789979794033,"NS","No","Not_labeled"
"Hnrnpab","30v5",-2.96612992014378,0.249560437327582,"NS","No","Not_labeled"
"Hnrnpc","30v5",0.170722734681855,0.947975079137539,"NS","No","Not_labeled"
"Hnrnpd","30v5",4.39709974341846,0.0258484322353924,"CLIP_Up","No","Not_labeled"
"Hnrnpdl","30v5",2.04774440849091,0.508267168857562,"NS","No","Not_labeled"
"Hnrnph2","30v5",-3.16227555099679,0.456700483848041,"NS","No","Not_labeled"
"Hnrnpk","30v5",-5.09880442154918,0.0207234799916511,"CLIP_Down","Yes","Decreased"
"Hnrnpll","30v5",-0.477493080557041,0.793657323784426,"NS","No","Not_labeled"
"Hnrnpr","30v5",-2.34390738875619,0.209526273625302,"NS","No","Not_labeled"
"Hnrnpu","30v5",-0.433004212658319,0.348995645903578,"NS","No","Not_labeled"
"Hnrnpul1","30v5",0.47162887456219,0.476699576799753,"NS","No","Not_labeled"
"Hnrnpul2","30v5",-0.769105291759915,0.643901826395823,"NS","No","Not_labeled"
"Homer1","30v5",0.73896104102958,0.430026660763351,"NS","No","Not_labeled"
"Homer2","30v5",1.13256795756844,0.116028317329562,"NS","No","Not_labeled"
"Homer3","30v5",-1.39411273306114,0.516668759832173,"NS","No","Not_labeled"
"Homez","30v5",-2.51701342713819,0.406036348452276,"NS","No","Not_labeled"
"Hook3","30v5",-1.85330456192689,0.1107503770665,"NS","No","Not_labeled"
"Hpca","30v5",1.74769328117557,0.014095949211876,"CLIP_Up","Yes","Increased"
"Hpcal4","30v5",1.90405628211855,0.00218683478105312,"CLIP_Up","No","Not_labeled"
"Hprt1","30v5",-2.75091919294219,0.0924348655309356,"NS","No","Not_labeled"
"Hs2st1","30v5",0.251783566161751,0.779739619091588,"NS","No","Not_labeled"
"Hs3st4","30v5",-0.0645139984204341,0.906187335288765,"NS","No","Not_labeled"
"Hs6st3","30v5",1.17037833572743,0.0673499586485154,"NS","No","Not_labeled"
"Hsdl2","30v5",-5.80648743798254,0.000127634393176409,"CLIP_Down","No","Not_labeled"
"Hsp90aa1","30v5",-0.180223497678428,0.802125751947089,"NS","No","Not_labeled"
"Hsp90ab1","30v5",0.668073317570682,0.0475362991628276,"CLIP_Up","No","Not_labeled"
"Hsp90b1","30v5",-0.967395724432305,0.60776723418489,"NS","No","Not_labeled"
"Hspa12a","30v5",0.767426440610193,0.147777059235764,"NS","No","Not_labeled"
"Hspa13","30v5",4.24974930535106,0.0915298590265423,"NS","No","Not_labeled"
"Hspa2","30v5",-2.91526966378145,0.354890077729211,"NS","No","Not_labeled"
"Hspa4","30v5",-0.90857489871431,0.550651573055782,"NS","No","Not_labeled"
"Hspa4l","30v5",0.195784963083852,0.751359472561048,"NS","No","Not_labeled"
"Hspa5","30v5",1.86338242301688,0.0268115208698259,"CLIP_Up","No","Not_labeled"
"Hspa8","30v5",-0.111746711865429,0.954753311077284,"NS","No","Not_labeled"
"Hspa9","30v5",-2.2949885627771,0.332886753102574,"NS","No","Not_labeled"
"Hspd1","30v5",-0.743326394655083,0.611357930917046,"NS","No","Not_labeled"
"Hsph1","30v5",-0.904660270114468,0.609853076803303,"NS","No","Not_labeled"
"Htr2c","30v5",-2.72035866548095,0.0261435746295271,"CLIP_Down","No","Not_labeled"
"Htr4","30v5",-1.812639098769,0.0937905428499101,"NS","No","Not_labeled"
"Htt","30v5",0.379574922345531,0.257251062053576,"NS","No","Not_labeled"
"Hunk","30v5",-2.32610812058708,0.0914861101480487,"NS","No","Not_labeled"
"Huwe1","30v5",0.816949193558757,0.0247739125124283,"CLIP_Up","No","Not_labeled"
"Hycc1","30v5",0.694094670375967,0.688622369590686,"NS","No","Not_labeled"
"Hycc2","30v5",0.316278063840238,0.487032625030728,"NS","No","Not_labeled"
"Iars1","30v5",1.13685972340254,0.60751185359713,"NS","No","Not_labeled"
"Iars2","30v5",-1.67995997570494,0.176420483499913,"NS","No","Not_labeled"
"Ibtk","30v5",-2.37601424911946,0.301078800269073,"NS","No","Not_labeled"
"Ica1l","30v5",-0.90470360784623,0.568445401950578,"NS","No","Not_labeled"
"Icam5","30v5",0.784527012834612,0.680887470941683,"NS","No","Not_labeled"
"Ice1","30v5",0.610806153607064,0.313175973411503,"NS","No","Not_labeled"
"Ide","30v5",0.459293315058077,0.545108699425839,"NS","No","Not_labeled"
"Idh3a","30v5",-0.121861126682382,0.934261117340583,"NS","No","Not_labeled"
"Idh3b","30v5",0.351222772157905,0.911191706948038,"NS","No","Not_labeled"
"Ids","30v5",1.02977617173412,0.0708069180517924,"NS","No","Not_labeled"
"Iffo2","30v5",-3.30570676202058,0.0623791063757247,"NS","No","Not_labeled"
"Ifnar1","30v5",-0.672456797839284,0.720946397042673,"NS","No","Not_labeled"
"Ifrd1","30v5",-2.36783535016438,0.229775107420129,"NS","No","Not_labeled"
"Ift122","30v5",-1.10674377708562,0.624717054598268,"NS","No","Not_labeled"
"Ift140","30v5",2.22523222440645,0.129609229691714,"NS","No","Not_labeled"
"Ift172","30v5",-2.02899632896323,0.240203477721873,"NS","No","Not_labeled"
"Ift46","30v5",1.71292727809016,0.130235494323526,"NS","No","Not_labeled"
"Ift57","30v5",-2.9151018581761,0.142947191140459,"NS","No","Not_labeled"
"Igdcc4","30v5",-3.29650990923301,0.136808802862444,"NS","No","Not_labeled"
"Igf1r","30v5",0.0843772564038074,0.937586268030023,"NS","No","Not_labeled"
"Igfbp3","30v5",0.455085938101759,0.863893524927373,"NS","No","Not_labeled"
"Igfbp5","30v5",-1.39455426808229,0.416684824217357,"NS","No","Not_labeled"
"Igsf10","30v5",-3.7379200287155,0.0808834065974074,"NS","No","Not_labeled"
"Igsf11","30v5",0.590012768500219,0.482329388132948,"NS","No","Not_labeled"
"Igsf3","30v5",-0.489236580231748,0.736516243033798,"NS","No","Not_labeled"
"Iigp1","30v5",-0.429284775358763,0.854066317906515,"NS","No","Not_labeled"
"Ik","30v5",-2.40486608929143,0.297920556030731,"NS","No","Not_labeled"
"Ikzf4","30v5",-5.63219606121487,3.67551522085398e-06,"CLIP_Down","No","Not_labeled"
"Ikzf5","30v5",-1.85635398699108,0.404319677023569,"NS","No","Not_labeled"
"Il16","30v5",-1.07486093109112,0.383475944076223,"NS","No","Not_labeled"
"Il1a","30v5",-4.9725877711213,0.0394733934184284,"CLIP_Down","No","Not_labeled"
"Il1r1","30v5",-2.93139875382603,0.0419215083644633,"CLIP_Down","No","Not_labeled"
"Il1rap","30v5",-1.50250935742335,0.236688999489759,"NS","No","Not_labeled"
"Il33","30v5",-9.16579946354605,1.50502254778549e-05,"CLIP_Down","Yes","Decreased"
"Il6st","30v5",-0.698470139842568,0.657815760960994,"NS","No","Not_labeled"
"Ildr2","30v5",0.126175377353921,0.805997026556225,"NS","No","Not_labeled"
"Ilf3","30v5",1.79797430871267,0.41078189104417,"NS","No","Not_labeled"
"Ilrun","30v5",0.0849450100910611,0.955474062380181,"NS","No","Not_labeled"
"Immt","30v5",-3.93133371235844,0.0720237562115515,"NS","No","Not_labeled"
"Impa1","30v5",0.300110869471821,0.906272082671682,"NS","No","Not_labeled"
"Impact","30v5",2.18158784685752,0.0243552205739442,"CLIP_Up","No","Not_labeled"
"Ina","30v5",-0.890458972293905,0.572391472571602,"NS","No","Not_labeled"
"Inf2","30v5",0.771206008755735,0.453116120705675,"NS","No","Not_labeled"
"Ing5","30v5",-2.02769533860435,0.497028279105934,"NS","No","Not_labeled"
"Inka2","30v5",-3.55509599203284,0.0668972234424769,"NS","No","Not_labeled"
"Ino80","30v5",-0.310438289695942,0.791790978580366,"NS","No","Not_labeled"
"Ino80d","30v5",-1.01246750696755,0.0682176697209287,"NS","No","Not_labeled"
"Ino80e","30v5",-7.22731357617402,0.000321310922365396,"CLIP_Down","Yes","Decreased"
"Inpp4a","30v5",-0.764547862196833,0.664857164174234,"NS","No","Not_labeled"
"Inpp5a","30v5",-0.295395290806304,0.841819573619229,"NS","No","Not_labeled"
"Inpp5b","30v5",-0.656228743146236,0.640186920724459,"NS","No","Not_labeled"
"Inpp5e","30v5",-2.80141482073533,0.249672440007922,"NS","No","Not_labeled"
"Inpp5f","30v5",-0.0255139528184021,0.94244001105648,"NS","No","Not_labeled"
"Inppl1","30v5",-2.77001807067384,0.147335091530665,"NS","No","Not_labeled"
"Insig1","30v5",-1.32738012735022,0.602450476607802,"NS","No","Not_labeled"
"Insr","30v5",-1.31465736959262,0.280193765361705,"NS","No","Not_labeled"
"Insyn1","30v5",-0.0267621866765535,0.985843498080326,"NS","No","Not_labeled"
"Ints1","30v5",1.57651025956315,0.458425524290935,"NS","No","Not_labeled"
"Ints10","30v5",-2.01270653889856,0.390395012492744,"NS","No","Not_labeled"
"Ints13","30v5",-4.94420867098147,0.00948971638044187,"CLIP_Down","Yes","Decreased"
"Ints2","30v5",-1.75624790855954,0.317072470690865,"NS","No","Not_labeled"
"Ints3","30v5",2.33154082652676,0.17349779811229,"NS","No","Not_labeled"
"Ints6","30v5",-1.33167740350125,0.171786701051366,"NS","No","Not_labeled"
"Ip6k1","30v5",0.167141282059918,0.914449760637429,"NS","No","Not_labeled"
"Ip6k2","30v5",2.03465688379314,0.428708359185387,"NS","No","Not_labeled"
"Ipmk","30v5",-2.63963051925252,0.136574086211347,"NS","No","Not_labeled"
"Ipo11","30v5",0.791776441170781,0.344331470703741,"NS","No","Not_labeled"
"Ipo13","30v5",-0.196316609250309,0.889518914925135,"NS","No","Not_labeled"
"Ipo5","30v5",1.57229194900788,0.0631897910092735,"NS","No","Not_labeled"
"Ipo7","30v5",0.603922326639015,0.21472095693353,"NS","No","Not_labeled"
"Ipo8","30v5",-2.81193047922876,0.0673263838966192,"NS","No","Not_labeled"
"Ipo9","30v5",-0.150681674592478,0.791428895373065,"NS","No","Not_labeled"
"Ippk","30v5",-3.04107268230276,0.05563258881216,"NS","No","Not_labeled"
"Iqgap1","30v5",-2.83046735898135,0.0393177326075659,"CLIP_Down","No","Not_labeled"
"Iqgap2","30v5",1.21950212986441,0.0281369920500706,"CLIP_Up","No","Not_labeled"
"Iqsec1","30v5",0.835111106966936,0.156935122399218,"NS","No","Not_labeled"
"Iqsec2","30v5",1.61827785418252,0.00942684665101257,"CLIP_Up","Yes","Increased"
"Iqsec3","30v5",0.664916877849627,0.432839558043331,"NS","No","Not_labeled"
"Ireb2","30v5",0.214232885530095,0.893404889883681,"NS","No","Not_labeled"
"Irf2bp2","30v5",-1.66942606628005,0.39720835778836,"NS","No","Not_labeled"
"Irf2bpl","30v5",0.719736115053816,0.242414839901898,"NS","No","Not_labeled"
"Irgq","30v5",-0.0295079830073135,0.984852170345114,"NS","No","Not_labeled"
"Irs1","30v5",-0.151591608992781,0.594036058877219,"NS","No","Not_labeled"
"Irs2","30v5",-0.573289009309089,0.769991139973109,"NS","No","Not_labeled"
"Isca1","30v5",-1.50014003196745,0.408974695843146,"NS","No","Not_labeled"
"Ism1","30v5",1.7413555147269,0.122288733406462,"NS","No","Not_labeled"
"Ist1","30v5",-4.07303893119672,0.0915376355075324,"NS","No","Not_labeled"
"Itch","30v5",-1.08578901303926,0.383406610502384,"NS","No","Not_labeled"
"Itfg1","30v5",0.877763534193755,0.18155963430437,"NS","No","Not_labeled"
"Itga6","30v5",2.02658754881527,0.318999202395367,"NS","No","Not_labeled"
"Itgav","30v5",-0.0626001381506089,0.929849428873926,"NS","No","Not_labeled"
"Itgb1","30v5",-3.81343365574676,0.0286970740107394,"CLIP_Down","No","Not_labeled"
"Itgb8","30v5",-1.63406006935512,0.0188489149738874,"CLIP_Down","No","Not_labeled"
"Itgbl1","30v5",-1.68289775847034,0.146105872067852,"NS","No","Not_labeled"
"Itm2b","30v5",0.808247407845343,0.264219277445214,"NS","No","Not_labeled"
"Itm2c","30v5",1.72513148604171,0.0036580991657557,"CLIP_Up","No","Not_labeled"
"Itpka","30v5",-0.0679556038017812,0.967904333122755,"NS","No","Not_labeled"
"Itpkb","30v5",-0.470462309628721,0.636239253862237,"NS","No","Not_labeled"
"Itpr1","30v5",0.913736025821383,0.0250788285440218,"CLIP_Up","No","Not_labeled"
"Itpr2","30v5",-2.07502445468269,0.041052333597241,"CLIP_Down","No","Not_labeled"
"Itprid2","30v5",-4.22733491814916,0.0554865830363799,"NS","No","Not_labeled"
"Itsn1","30v5",0.590279512645635,0.394875955222925,"NS","No","Not_labeled"
"Itsn2","30v5",0.338306325005688,0.628894152520954,"NS","No","Not_labeled"
"Ivns1abp","30v5",-3.42069098860937,0.100002910296258,"NS","No","Not_labeled"
"Iws1","30v5",-0.0188661481093186,0.983691325815136,"NS","No","Not_labeled"
"Jade1","30v5",-2.84789155276904,0.109729527296004,"NS","No","Not_labeled"
"Jade2","30v5",0.206635533955089,0.669517274914765,"NS","No","Not_labeled"
"Jade3","30v5",0.521738192341323,0.727304656378113,"NS","No","Not_labeled"
"Jak1","30v5",-0.0659131148387457,0.871632679283627,"NS","No","Not_labeled"
"Jak2","30v5",-1.7659680849674,0.0131445162090438,"CLIP_Down","Yes","Decreased"
"Jakmip1","30v5",-1.43049622043958,0.297741788497806,"NS","No","Not_labeled"
"Jakmip2","30v5",0.239837259957541,0.830563530555792,"NS","No","Not_labeled"
"Jarid2","30v5",-0.634610655004886,0.586896852656991,"NS","No","Not_labeled"
"Jcad","30v5",-0.433414924836099,0.267520693295715,"NS","No","Not_labeled"
"Jdp2","30v5",0.610957725321489,0.799896127800338,"NS","No","Not_labeled"
"Jmjd1c","30v5",-0.564402520519867,0.179109539681024,"NS","No","Not_labeled"
"Jmjd4","30v5",-6.63846649605417,0.029169858000805,"CLIP_Down","No","Not_labeled"
"Jmjd8","30v5",2.59164559964359,0.4657203379221,"NS","No","Not_labeled"
"Jmy","30v5",0.0413030833591055,0.957033569704272,"NS","No","Not_labeled"
"Josd1","30v5",-3.19819800376755,0.0977502359001404,"NS","No","Not_labeled"
"Jph1","30v5",-0.33950075031692,0.772571578463096,"NS","No","Not_labeled"
"Jph3","30v5",0.878808122819486,0.134410591155832,"NS","No","Not_labeled"
"Jph4","30v5",1.10152385342261,0.0404248778361132,"CLIP_Up","No","Not_labeled"
"Jun","30v5",0.224487892521732,0.640496325672892,"NS","No","Not_labeled"
"Junb","30v5",-1.20484802178438,0.575176831386018,"NS","No","Not_labeled"
"Jund","30v5",-1.87723171649788,0.407383079685184,"NS","No","Not_labeled"
"Kalrn","30v5",0.734765948077813,0.148858436840836,"NS","No","Not_labeled"
"Kank1","30v5",-0.207593913702531,0.883048090052722,"NS","No","Not_labeled"
"Kansl1","30v5",-0.0959690617806759,0.899055784263749,"NS","No","Not_labeled"
"Kansl1l","30v5",-1.78654831276639,0.233704524618246,"NS","No","Not_labeled"
"Kansl2","30v5",-3.1549386641858,0.205559915117649,"NS","No","Not_labeled"
"Kansl3","30v5",-4.82983246842262,0.0204002233469721,"CLIP_Down","Yes","Decreased"
"Kars1","30v5",-7.10227369015707,0.00764076608973125,"CLIP_Down","No","Not_labeled"
"Kat14","30v5",-2.92552017123612,0.12229923374115,"NS","No","Not_labeled"
"Kat2a","30v5",-2.64864947257962,0.215354816504617,"NS","No","Not_labeled"
"Kat2b","30v5",-1.98190465076455,0.0427730169176835,"CLIP_Down","Yes","Decreased"
"Kat6a","30v5",-0.754261551729666,0.245395216321302,"NS","No","Not_labeled"
"Kat6b","30v5",1.57913178269009,0.0306910533063522,"CLIP_Up","No","Not_labeled"
"Katnip","30v5",-0.823460501516348,0.498536788316827,"NS","No","Not_labeled"
"Kazn","30v5",-1.7237263315948,0.296411254365214,"NS","No","Not_labeled"
"Kbtbd11","30v5",0.317516763028443,0.561679568320329,"NS","No","Not_labeled"
"Kbtbd2","30v5",0.984608548280485,0.15824931417943,"NS","No","Not_labeled"
"Kbtbd7","30v5",-2.23384358081804,0.502934095783485,"NS","No","Not_labeled"
"Kcmf1","30v5",2.98518421729681,0.0153882480517514,"CLIP_Up","No","Not_labeled"
"Kcna1","30v5",0.382579231061326,0.410650182135154,"NS","No","Not_labeled"
"Kcna2","30v5",-1.12398736925411,0.550839773467673,"NS","No","Not_labeled"
"Kcna4","30v5",-2.32269797684906,0.221659809825436,"NS","No","Not_labeled"
"Kcna6","30v5",-1.58656289870854,0.596799360380585,"NS","No","Not_labeled"
"Kcnab1","30v5",1.23204506585719,0.144919511894281,"NS","No","Not_labeled"
"Kcnab2","30v5",0.0854868311576502,0.923702264622399,"NS","No","Not_labeled"
"Kcnb1","30v5",0.9374208323099,0.211512183570856,"NS","No","Not_labeled"
"Kcnb2","30v5",-0.162068864223341,0.828116452095482,"NS","No","Not_labeled"
"Kcnc1","30v5",0.284795359920096,0.601925347888075,"NS","No","Not_labeled"
"Kcnc2","30v5",1.98067270121012,0.007995316555593,"CLIP_Up","No","Not_labeled"
"Kcnc3","30v5",-3.46961577925492,0.129925659637303,"NS","No","Not_labeled"
"Kcnd2","30v5",1.07486714139899,0.0397755235037872,"CLIP_Up","No","Not_labeled"
"Kcnd3","30v5",0.16860559649651,0.916606845278775,"NS","No","Not_labeled"
"Kcnf1","30v5",-3.59462005140074,0.206681542850606,"NS","No","Not_labeled"
"Kcng2","30v5",-1.40252601534103,0.30885285916253,"NS","No","Not_labeled"
"Kcnh1","30v5",0.770687865049775,0.202107794300944,"NS","No","Not_labeled"
"Kcnh2","30v5",-2.83670939428666,0.188362134377209,"NS","No","Not_labeled"
"Kcnh3","30v5",1.28777606634208,0.0319327653704712,"CLIP_Up","No","Not_labeled"
"Kcnh5","30v5",0.00312698533900524,0.997036236964627,"NS","No","Not_labeled"
"Kcnh7","30v5",0.481851927484662,0.544016586749482,"NS","No","Not_labeled"
"Kcnip2","30v5",-2.02394174548639,0.23159745487278,"NS","No","Not_labeled"
"Kcnip3","30v5",0.0375243759163084,0.98594816681007,"NS","No","Not_labeled"
"Kcnj10","30v5",-3.10003394742241,0.0220880033819364,"CLIP_Down","No","Not_labeled"
"Kcnj16","30v5",-5.60744267219274,0.0114527957934591,"CLIP_Down","No","Not_labeled"
"Kcnj3","30v5",0.855550649627462,0.263817895215079,"NS","No","Not_labeled"
"Kcnj4","30v5",-1.88274333125028,0.238937815734573,"NS","No","Not_labeled"
"Kcnj6","30v5",2.68504927648846,0.0222054052936774,"CLIP_Up","No","Not_labeled"
"Kcnj9","30v5",-1.53246111963383,0.519203372012913,"NS","No","Not_labeled"
"Kcnk1","30v5",-2.02157847933631,0.325224680579057,"NS","No","Not_labeled"
"Kcnk2","30v5",-2.16741816485767,0.118824839598248,"NS","No","Not_labeled"
"Kcnma1","30v5",0.157814884777831,0.848909254204583,"NS","No","Not_labeled"
"Kcnn2","30v5",-0.539510399891834,0.587557463038319,"NS","No","Not_labeled"
"Kcnq2","30v5",1.83849135710376,0.00223579244974585,"CLIP_Up","Yes","Increased"
"Kcnq3","30v5",0.223497091679128,0.646903096204839,"NS","No","Not_labeled"
"Kcnq5","30v5",0.914844010664444,0.168008345484545,"NS","No","Not_labeled"
"Kcnt2","30v5",-0.504020439016436,0.675770953440479,"NS","No","Not_labeled"
"Kctd1","30v5",-0.388296585591006,0.733003217981737,"NS","No","Not_labeled"
"Kctd10","30v5",-1.06830624446141,0.684470962729417,"NS","No","Not_labeled"
"Kctd12","30v5",0.14354395025448,0.745076547215562,"NS","No","Not_labeled"
"Kctd13","30v5",0.562358701531559,0.768702034878143,"NS","No","Not_labeled"
"Kctd3","30v5",-1.63050228159927,0.392983626421204,"NS","No","Not_labeled"
"Kctd4","30v5",-3.43461663270085,0.158783410594805,"NS","No","Not_labeled"
"Kdm1a","30v5",-0.460806467895561,0.827163148869843,"NS","No","Not_labeled"
"Kdm1b","30v5",-4.14011377534235,0.0254925745392846,"CLIP_Down","Yes","Decreased"
"Kdm2a","30v5",-0.962763756311347,0.505446575002423,"NS","No","Not_labeled"
"Kdm2b","30v5",-1.3049047169834,0.454535824192844,"NS","No","Not_labeled"
"Kdm3a","30v5",-1.27819749635394,0.374241498172683,"NS","No","Not_labeled"
"Kdm3b","30v5",-1.51166118477584,0.267995944566708,"NS","No","Not_labeled"
"Kdm4b","30v5",-1.85977365043682,0.246887541589873,"NS","No","Not_labeled"
"Kdm4c","30v5",0.597184878212386,0.671075054669233,"NS","No","Not_labeled"
"Kdm5a","30v5",-0.5589027443035,0.413133259098099,"NS","No","Not_labeled"
"Kdm5b","30v5",-0.555262782045213,0.686768476033654,"NS","No","Not_labeled"
"Kdm5c","30v5",-1.32316541903777,0.38097238956506,"NS","No","Not_labeled"
"Kdm6a","30v5",-0.678221920561121,0.559816383533677,"NS","No","Not_labeled"
"Kdm6b","30v5",-0.25681091832866,0.800881137936879,"NS","No","Not_labeled"
"Kdm7a","30v5",-0.723876226663782,0.287719121122432,"NS","No","Not_labeled"
"Keap1","30v5",-1.51201198701733,0.588358903976887,"NS","No","Not_labeled"
"Khdrbs1","30v5",0.102950646263733,0.951066097848992,"NS","No","Not_labeled"
"Khdrbs3","30v5",0.371064348026888,0.735637504748911,"NS","No","Not_labeled"
"Khsrp","30v5",-1.63979482045688,0.435818423965804,"NS","No","Not_labeled"
"Kidins220","30v5",0.0217093011927725,0.957994989442263,"NS","No","Not_labeled"
"Kif13a","30v5",-1.00145066901567,0.188770446438552,"NS","No","Not_labeled"
"Kif13b","30v5",-1.24347855693347,0.284337876227645,"NS","No","Not_labeled"
"Kif1a","30v5",1.25919061342561,0.00537955233865635,"CLIP_Up","No","Not_labeled"
"Kif1b","30v5",0.122126536677614,0.669234678924624,"NS","No","Not_labeled"
"Kif1c","30v5",-4.58827039234518,0.10182973219839,"NS","No","Not_labeled"
"Kif21b","30v5",-2.20913965177077,0.146349248594451,"NS","No","Not_labeled"
"Kif26b","30v5",0.346408605130069,0.601272831498417,"NS","No","Not_labeled"
"Kif2a","30v5",-0.907954533400401,0.482300248213873,"NS","No","Not_labeled"
"Kif3a","30v5",-2.85487479908215,0.127397256132607,"NS","No","Not_labeled"
"Kif3b","30v5",-2.42635192202294,0.179320152318271,"NS","No","Not_labeled"
"Kif3c","30v5",-0.298911549381216,0.849025223285822,"NS","No","Not_labeled"
"Kif5a","30v5",1.16220838599181,0.00478986010946282,"CLIP_Up","No","Not_labeled"
"Kif5b","30v5",0.388087162703738,0.399584796173899,"NS","No","Not_labeled"
"Kif5c","30v5",1.08597551084051,0.0197228811730038,"CLIP_Up","No","Not_labeled"
"Kifap3","30v5",-1.99688708523535,0.133155267218765,"NS","No","Not_labeled"
"Kifbp","30v5",0.697582309688533,0.386100818395506,"NS","No","Not_labeled"
"Kifc2","30v5",0.477833268515107,0.378386095177292,"NS","No","Not_labeled"
"Kifc3","30v5",-4.79321804377008,0.000791207604925061,"CLIP_Down","No","Not_labeled"
"Kit","30v5",1.06772497163883,0.442417178416161,"NS","No","Not_labeled"
"Kitl","30v5",-1.45907010599916,0.324616829953166,"NS","No","Not_labeled"
"Kiz","30v5",0.421812554893163,0.725810545797618,"NS","No","Not_labeled"
"Kl","30v5",-2.24621134419003,0.126508535936003,"NS","No","Not_labeled"
"Klc1","30v5",0.249535308567729,0.632107931453063,"NS","No","Not_labeled"
"Klc2","30v5",-1.89930678332976,0.569529889486605,"NS","No","Not_labeled"
"Klf13","30v5",1.00788257990908,0.0560229855277935,"NS","No","Not_labeled"
"Klf3","30v5",-1.81966840598695,0.36200342307041,"NS","No","Not_labeled"
"Klf4","30v5",-4.5669588085011,0.151552748861075,"NS","No","Not_labeled"
"Klf7","30v5",-1.4287181482116,0.194431925356825,"NS","No","Not_labeled"
"Klf9","30v5",0.610739692885773,0.377609083473802,"NS","No","Not_labeled"
"Klhdc10","30v5",-1.96054735621449,0.24611462500898,"NS","No","Not_labeled"
"Klhdc2","30v5",2.04729046221895,0.338209193542155,"NS","No","Not_labeled"
"Klhdc3","30v5",-1.24114241968646,0.61857615142545,"NS","No","Not_labeled"
"Klhl11","30v5",-3.72644902543686,0.206461696080188,"NS","No","Not_labeled"
"Klhl12","30v5",-1.44719477990926,0.537863788618101,"NS","No","Not_labeled"
"Klhl15","30v5",-1.37677989343725,0.30876508449141,"NS","No","Not_labeled"
"Klhl2","30v5",-0.280157775173424,0.696264448033121,"NS","No","Not_labeled"
"Klhl22","30v5",-0.37770585081251,0.873725834479615,"NS","No","Not_labeled"
"Klhl23","30v5",-0.559150217367813,0.342049522820178,"NS","No","Not_labeled"
"Klhl24","30v5",0.419639217994936,0.527249437544086,"NS","No","Not_labeled"
"Klhl26","30v5",-0.960166977312178,0.708799225184799,"NS","No","Not_labeled"
"Klhl29","30v5",-0.234471086703392,0.705248443239748,"NS","No","Not_labeled"
"Klhl32","30v5",-1.35924709255455,0.261794670353427,"NS","No","Not_labeled"
"Klhl5","30v5",0.0468011955398833,0.95897284915014,"NS","No","Not_labeled"
"Klhl7","30v5",0.918863225292505,0.630746364458964,"NS","No","Not_labeled"
"Klhl8","30v5",-3.00929397074323,0.129088268634741,"NS","No","Not_labeled"
"Klhl9","30v5",-2.07247260524343,0.385164343623065,"NS","No","Not_labeled"
"Kmt2a","30v5",0.46649131552151,0.362579446868597,"NS","No","Not_labeled"
"Kmt2b","30v5",0.698784297672691,0.78004669207383,"NS","No","Not_labeled"
"Kmt2c","30v5",0.18047626619018,0.636681282721969,"NS","No","Not_labeled"
"Kmt2d","30v5",0.495055205078629,0.31537797975152,"NS","No","Not_labeled"
"Kmt2e","30v5",-0.136752422010608,0.773661457428428,"NS","No","Not_labeled"
"Kmt5b","30v5",-1.41876800905133,0.299900295179069,"NS","No","Not_labeled"
"Kndc1","30v5",-1.2557766339079,0.505326563953833,"NS","No","Not_labeled"
"Kpna1","30v5",-0.73641019444501,0.65841075059781,"NS","No","Not_labeled"
"Kpna3","30v5",-1.79153930415295,0.224098628820206,"NS","No","Not_labeled"
"Kpna4","30v5",0.657271489574764,0.151300755395561,"NS","No","Not_labeled"
"Kpna6","30v5",0.38464937531693,0.534800435255959,"NS","No","Not_labeled"
"Kpnb1","30v5",-0.141911172223854,0.807169466276329,"NS","No","Not_labeled"
"Kras","30v5",0.073594609153127,0.842277361826957,"NS","No","Not_labeled"
"Krit1","30v5",-1.74342854835759,0.297304525942381,"NS","No","Not_labeled"
"Krt222","30v5",-2.39404709949377,0.385340609707366,"NS","No","Not_labeled"
"Ksr1","30v5",0.76284881375009,0.124742124563631,"NS","No","Not_labeled"
"Ksr2","30v5",0.467785654595621,0.464175454339172,"NS","No","Not_labeled"
"L1cam","30v5",0.97168143970285,0.315411272251608,"NS","No","Not_labeled"
"L3mbtl3","30v5",1.03042509621784,0.515956504423239,"NS","No","Not_labeled"
"Lama2","30v5",-0.123159196321968,0.824319386984702,"NS","No","Not_labeled"
"Lamb1","30v5",-2.22273923954091,0.208471543916148,"NS","No","Not_labeled"
"Lamc1","30v5",-0.717205952887835,0.603587242531763,"NS","No","Not_labeled"
"Lamp1","30v5",1.11089602999681,0.176361233366858,"NS","No","Not_labeled"
"Lamp2","30v5",0.962901219462382,0.392405822305901,"NS","No","Not_labeled"
"Lancl1","30v5",-2.42228593154355,0.267415593875595,"NS","No","Not_labeled"
"Lancl2","30v5",-6.97052632036205,0.00276047670540982,"CLIP_Down","No","Not_labeled"
"Laptm4a","30v5",1.06642545958053,0.0867689935083229,"NS","No","Not_labeled"
"Large1","30v5",0.74701662308936,0.183410350023523,"NS","No","Not_labeled"
"Larp1","30v5",1.38665368542217,0.00390645078760235,"CLIP_Up","No","Not_labeled"
"Larp4","30v5",-1.79640049222178,0.247356565204546,"NS","No","Not_labeled"
"Larp4b","30v5",-0.364126509606823,0.626003347919604,"NS","No","Not_labeled"
"Lars2","30v5",0.800549174048619,0.0993087954124313,"NS","No","Not_labeled"
"Las1l","30v5",-3.29916635335558,0.135309068948821,"NS","No","Not_labeled"
"Lats1","30v5",-3.47908841002666,0.141848874364749,"NS","No","Not_labeled"
"Lats2","30v5",-0.724613266052529,0.434976835110336,"NS","No","Not_labeled"
"Lcorl","30v5",-3.40146207569186,0.02473750513714,"CLIP_Down","No","Not_labeled"
"Lct","30v5",-0.619476705061349,0.675508415114436,"NS","No","Not_labeled"
"Lemd3","30v5",-1.41489358542602,0.306862282073192,"NS","No","Not_labeled"
"Leprotl1","30v5",-0.0405639965303819,0.985663781104412,"NS","No","Not_labeled"
"Letm1","30v5",0.348325172640832,0.847275821383398,"NS","No","Not_labeled"
"Letmd1","30v5",1.64090359342178,0.497077224238774,"NS","No","Not_labeled"
"Lgalsl","30v5",0.13972985985468,0.934105850833598,"NS","No","Not_labeled"
"Lgi1","30v5",1.25590127801196,0.0502438873253723,"NS","No","Not_labeled"
"Lgi2","30v5",-3.61399603180119,0.00866841783294987,"CLIP_Down","No","Not_labeled"
"Lgr4","30v5",-0.78323229504868,0.600410964784801,"NS","No","Not_labeled"
"Lhfpl2","30v5",-3.52437460303257,0.0133384419526201,"CLIP_Down","No","Not_labeled"
"Lhx2","30v5",1.28684180428982,0.248618928411263,"NS","No","Not_labeled"
"Lhx9","30v5",4.9177690441666,0.0679302269099887,"NS","No","Not_labeled"
"Lifr","30v5",-1.97485024592929,0.172015246005083,"NS","No","Not_labeled"
"Lig4","30v5",-2.76101749268382,0.44625315773701,"NS","No","Not_labeled"
"Limch1","30v5",-0.061211316186041,0.951325562662302,"NS","No","Not_labeled"
"Lin7a","30v5",-0.459994452777808,0.764727721046897,"NS","No","Not_labeled"
"Lin7c","30v5",-1.61412850044079,0.395785492700946,"NS","No","Not_labeled"
"Lingo1","30v5",1.83014242125418,0.0107286917638504,"CLIP_Up","No","Not_labeled"
"Lingo3","30v5",-0.178738713631904,0.911292759332792,"NS","No","Not_labeled"
"Lix1","30v5",0.198163213571795,0.901867824471015,"NS","No","Not_labeled"
"Llgl1","30v5",1.93487699333659,0.0203649003590601,"CLIP_Up","No","Not_labeled"
"Lman1","30v5",-0.598337182177467,0.776307542998254,"NS","No","Not_labeled"
"Lman2","30v5",-0.97599685852658,0.613197833065211,"NS","No","Not_labeled"
"Lmbr1","30v5",0.696761467372151,0.628726467015706,"NS","No","Not_labeled"
"Lmbrd1","30v5",-1.57106202569581,0.342324307133203,"NS","No","Not_labeled"
"Lmbrd2","30v5",-0.224588103584971,0.835652005995709,"NS","No","Not_labeled"
"Lmo3","30v5",1.04681978826137,0.525421207868197,"NS","No","Not_labeled"
"Lmo4","30v5",1.19914083510265,0.119094064656261,"NS","No","Not_labeled"
"Lmo7","30v5",1.7182719381335,0.297386658065359,"NS","No","Not_labeled"
"Lmtk2","30v5",0.39819549046495,0.478896952896349,"NS","No","Not_labeled"
"Lmtk3","30v5",-0.178061453472114,0.913928251596967,"NS","No","Not_labeled"
"Lnpep","30v5",0.24119076114346,0.591221931694176,"NS","No","Not_labeled"
"Lnpk","30v5",1.71214323935065,0.257210495558211,"NS","No","Not_labeled"
"Lonp2","30v5",-1.77153170799949,0.327152386500282,"NS","No","Not_labeled"
"Lonrf1","30v5",0.797498405080082,0.268613285950288,"NS","No","Not_labeled"
"Lonrf2","30v5",1.18144011713715,0.00937434612711936,"CLIP_Up","No","Not_labeled"
"Lonrf3","30v5",-1.40056521278216,0.493142090790879,"NS","No","Not_labeled"
"Lpcat1","30v5",-1.77209734301336,0.426310232222358,"NS","No","Not_labeled"
"Lpgat1","30v5",-0.729645741104981,0.193277063674857,"NS","No","Not_labeled"
"Lpin1","30v5",-5.36687281621822,0.0121596046344804,"CLIP_Down","No","Not_labeled"
"Lpin2","30v5",-0.864520424289244,0.547810827841721,"NS","No","Not_labeled"
"Lpl","30v5",-6.70203220335046,0.000190350669182437,"CLIP_Down","No","Not_labeled"
"Lpp","30v5",-2.68576200549871,0.00621897525359402,"CLIP_Down","No","Not_labeled"
"Lratd1","30v5",-6.86144393850145,0.0266489253968044,"CLIP_Down","No","Not_labeled"
"Lrba","30v5",-0.42797021600755,0.588007986398984,"NS","No","Not_labeled"
"Lrch2","30v5",-4.25700375406848,0.014129869276237,"CLIP_Down","No","Not_labeled"
"Lrfn5","30v5",0.657804250174369,0.481623278220634,"NS","No","Not_labeled"
"Lrig1","30v5",-4.09718685203723,2.91671408116195e-06,"CLIP_Down","No","Not_labeled"
"Lrig2","30v5",1.81176401994014,0.222700329600765,"NS","No","Not_labeled"
"Lrp1","30v5",-1.0937156280118,0.516077732541949,"NS","No","Not_labeled"
"Lrp11","30v5",-2.19717746275384,0.172749697020102,"NS","No","Not_labeled"
"Lrp12","30v5",-1.3587112620036,0.41643046908388,"NS","No","Not_labeled"
"Lrp1b","30v5",1.28058700883721,0.0125474194953072,"CLIP_Up","No","Not_labeled"
"Lrp3","30v5",0.980806455238475,0.258984251497046,"NS","No","Not_labeled"
"Lrp6","30v5",-0.0852865654978974,0.852293102493381,"NS","No","Not_labeled"
"Lrp8","30v5",-2.88020614668592,0.0353860485461605,"CLIP_Down","No","Not_labeled"
"Lrpap1","30v5",-4.03923807427733,0.138388073942924,"NS","No","Not_labeled"
"Lrpprc","30v5",-0.439125038075779,0.654431537964127,"NS","No","Not_labeled"
"Lrrc1","30v5",-0.361125281990441,0.817084923730513,"NS","No","Not_labeled"
"Lrrc10b","30v5",-3.90314709840659,0.165748289448929,"NS","No","Not_labeled"
"Lrrc28","30v5",0.340402814522292,0.782419235505344,"NS","No","Not_labeled"
"Lrrc4","30v5",0.804230176459394,0.118270646215725,"NS","No","Not_labeled"
"Lrrc40","30v5",0.502073994707382,0.319343246172267,"NS","No","Not_labeled"
"Lrrc41","30v5",-1.99639830410757,0.371266323716732,"NS","No","Not_labeled"
"Lrrc4b","30v5",0.778615279197692,0.131275028394234,"NS","No","Not_labeled"
"Lrrc4c","30v5",0.560456571087711,0.427165265955395,"NS","No","Not_labeled"
"Lrrc58","30v5",0.0161623174784999,0.966197759436285,"NS","No","Not_labeled"
"Lrrc7","30v5",0.69909274906707,0.196804668602123,"NS","No","Not_labeled"
"Lrrc8a","30v5",-2.19243385729177,0.404285102145495,"NS","No","Not_labeled"
"Lrrc8b","30v5",1.97732568080633,0.0404978280484382,"CLIP_Up","No","Not_labeled"
"Lrrc8c","30v5",0.15099122013901,0.809925554243372,"NS","No","Not_labeled"
"Lrrc8d","30v5",-0.496147746812389,0.639682116394197,"NS","No","Not_labeled"
"Lrrfip1","30v5",-1.64475141206681,0.30805688682544,"NS","No","Not_labeled"
"Lrrk2","30v5",-1.29096596578588,0.123107919894779,"NS","No","Not_labeled"
"Lrrn1","30v5",-1.11821751100775,0.444919336713254,"NS","No","Not_labeled"
"Lrrn2","30v5",1.19507036144338,0.0322390252898195,"CLIP_Up","No","Not_labeled"
"Lrrn3","30v5",1.72183057636469,0.132355044561429,"NS","No","Not_labeled"
"Lrrtm1","30v5",1.41271386340763,0.0259253111180389,"CLIP_Up","No","Not_labeled"
"Lrrtm2","30v5",0.829879069833733,0.297911151433788,"NS","No","Not_labeled"
"Lrrtm3","30v5",0.153130890388103,0.917468165701439,"NS","No","Not_labeled"
"Lrrtm4","30v5",-0.501823372782526,0.422634913134052,"NS","No","Not_labeled"
"Lrtm2","30v5",1.46203165114682,0.574231538475821,"NS","No","Not_labeled"
"Lsamp","30v5",0.193059629652748,0.812402394263148,"NS","No","Not_labeled"
"Lsm12","30v5",-3.79938862827443,0.0651558312197487,"NS","No","Not_labeled"
"Lsm14a","30v5",-3.2838086144243,0.0263876175580961,"CLIP_Down","No","Not_labeled"
"Lsm14b","30v5",-4.16856420076968,0.140873039533044,"NS","No","Not_labeled"
"Ltn1","30v5",-0.113015817408206,0.856715347138114,"NS","No","Not_labeled"
"Luc7l2","30v5",0.266066673010697,0.7017571861584,"NS","No","Not_labeled"
"Luc7l3","30v5",-1.30976161860068,0.612777494992857,"NS","No","Not_labeled"
"Luzp1","30v5",0.0937871769029703,0.782519552443073,"NS","No","Not_labeled"
"Lysmd2","30v5",-3.93134207776583,0.159815451644852,"NS","No","Not_labeled"
"Lyst","30v5",-0.221252608708263,0.60056623791543,"NS","No","Not_labeled"
"Lztfl1","30v5",-6.49879291949375,0.0151361800405824,"CLIP_Down","No","Not_labeled"
"Lztr1","30v5",-0.211989629783258,0.915585894592518,"NS","No","Not_labeled"
"Lzts3","30v5",-0.556077652785233,0.782926479747257,"NS","No","Not_labeled"
"M6pr","30v5",-0.586898617872909,0.844440956576648,"NS","No","Not_labeled"
"Macf1","30v5",-1.12185391052507,0.014970603449785,"CLIP_Down","No","Not_labeled"
"Macir","30v5",-1.10948622068578,0.455456831992906,"NS","No","Not_labeled"
"Maco1","30v5",-1.46489745805495,0.361563655678291,"NS","No","Not_labeled"
"Macrod2","30v5",0.98229328920247,0.122573498732762,"NS","No","Not_labeled"
"Macroh2a1","30v5",0.529156639352713,0.753001224240743,"NS","No","Not_labeled"
"Maff","30v5",-1.80824732728941,0.506846641912154,"NS","No","Not_labeled"
"Mafg","30v5",0.66778970098342,0.746673184131195,"NS","No","Not_labeled"
"Mafk","30v5",-4.50348296214596,0.0960337272614763,"NS","No","Not_labeled"
"Maged1","30v5",1.39593002266476,0.0365808721463233,"CLIP_Up","No","Not_labeled"
"Magee1","30v5",-1.27616555507356,0.569392077162631,"NS","No","Not_labeled"
"Magi1","30v5",0.885472534974169,0.248904486271993,"NS","No","Not_labeled"
"Magi2","30v5",1.17143839000044,0.000547777447393163,"CLIP_Up","Yes","Increased"
"Magi3","30v5",-1.95318858652611,0.118912537019191,"NS","No","Not_labeled"
"Mal","30v5",-1.56002723787085,0.452515923968541,"NS","No","Not_labeled"
"Mal2","30v5",1.19506548535106,0.137781857222953,"NS","No","Not_labeled"
"Maml1","30v5",-1.4889908900709,0.521132411119433,"NS","No","Not_labeled"
"Maml2","30v5",-0.247909586881796,0.770146066881156,"NS","No","Not_labeled"
"Maml3","30v5",0.893353108580566,0.241402420811933,"NS","No","Not_labeled"
"Mamld1","30v5",0.076112313749632,0.963110382246999,"NS","No","Not_labeled"
"Man1a","30v5",-1.23311338697512,0.191418839352458,"NS","No","Not_labeled"
"Man1a2","30v5",-1.84762859176957,0.0983731991503225,"NS","No","Not_labeled"
"Man1c1","30v5",-0.408325163034341,0.776425508778605,"NS","No","Not_labeled"
"Man2a1","30v5",-0.726550202469834,0.596241287617504,"NS","No","Not_labeled"
"Man2a2","30v5",-0.0190323132690375,0.943724638001449,"NS","No","Not_labeled"
"Manea","30v5",-0.785881102827457,0.619597722457445,"NS","No","Not_labeled"
"Maneal","30v5",0.0575994433241775,0.978782589331501,"NS","No","Not_labeled"
"Map1a","30v5",0.877511965873946,0.042837703233135,"CLIP_Up","No","Not_labeled"
"Map1b","30v5",1.06683709246867,0.0261120538421589,"CLIP_Up","No","Not_labeled"
"Map1lc3b","30v5",1.71643615335584,0.162948560714609,"NS","No","Not_labeled"
"Map2","30v5",1.28608643815865,0.0116345017828887,"CLIP_Up","No","Not_labeled"
"Map2k1","30v5",0.535023413899881,0.688056585423757,"NS","No","Not_labeled"
"Map2k4","30v5",0.233133877104906,0.868704126680117,"NS","No","Not_labeled"
"Map2k7","30v5",-1.96493924610921,0.495003167889289,"NS","No","Not_labeled"
"Map3k10","30v5",-1.15069041473168,0.529975785654612,"NS","No","Not_labeled"
"Map3k12","30v5",-1.39215456580666,0.417613442144331,"NS","No","Not_labeled"
"Map3k13","30v5",-1.70564401111006,0.283792760738817,"NS","No","Not_labeled"
"Map3k2","30v5",-1.74377799787886,0.127786954362443,"NS","No","Not_labeled"
"Map3k20","30v5",-1.41444857778131,0.192723256558085,"NS","No","Not_labeled"
"Map3k4","30v5",-0.138209062911019,0.915009299790845,"NS","No","Not_labeled"
"Map3k5","30v5",0.303028515618476,0.690689100453181,"NS","No","Not_labeled"
"Map3k7","30v5",-3.59569720725115,0.0705920526400301,"NS","No","Not_labeled"
"Map3k9","30v5",-0.0793901014729581,0.942020957400139,"NS","No","Not_labeled"
"Map4","30v5",-0.492526808530152,0.514154530085726,"NS","No","Not_labeled"
"Map4k3","30v5",0.796549000091467,0.141961842617712,"NS","No","Not_labeled"
"Map4k4","30v5",-1.45272232554524,0.402376306786111,"NS","No","Not_labeled"
"Map6","30v5",-3.77826218658543,0.000372947543404185,"CLIP_Down","No","Not_labeled"
"Map7","30v5",-3.50831093377066,0.00485616546492692,"CLIP_Down","No","Not_labeled"
"Map7d1","30v5",-2.21709045811305,0.247826533375782,"NS","No","Not_labeled"
"Map7d2","30v5",0.179033531239704,0.763283286287252,"NS","No","Not_labeled"
"Map9","30v5",-3.17805129529438,0.0227797526900938,"CLIP_Down","No","Not_labeled"
"Mapk1","30v5",0.584228607688181,0.235449823592135,"NS","No","Not_labeled"
"Mapk10","30v5",-0.364277071462943,0.726007690026811,"NS","No","Not_labeled"
"Mapk1ip1l","30v5",-1.30934483778803,0.419147047195721,"NS","No","Not_labeled"
"Mapk3","30v5",-4.05803391017283,0.0756015693996966,"NS","No","Not_labeled"
"Mapk4","30v5",0.948894462744467,0.068945996036659,"NS","No","Not_labeled"
"Mapk6","30v5",-1.45088314064959,0.433320801769611,"NS","No","Not_labeled"
"Mapk8","30v5",-1.19073482230691,0.49680963137266,"NS","No","Not_labeled"
"Mapk8ip1","30v5",0.0310690963310805,0.936330011086041,"NS","No","Not_labeled"
"Mapk8ip2","30v5",0.894178165998945,0.212070395626883,"NS","No","Not_labeled"
"Mapk8ip3","30v5",-0.180359389766957,0.908411565745823,"NS","No","Not_labeled"
"Mapkap1","30v5",1.05217038399586,0.4499654670639,"NS","No","Not_labeled"
"Mapkapk2","30v5",-2.81012236788445,0.082561389379744,"NS","No","Not_labeled"
"Mapkbp1","30v5",-3.97855182284238,0.0210031576766822,"CLIP_Down","No","Not_labeled"
"Mapre1","30v5",-0.887343455031667,0.617246758030588,"NS","No","Not_labeled"
"Mapre2","30v5",0.1978399747795,0.898283194927941,"NS","No","Not_labeled"
"Mapre3","30v5",-0.244944353021831,0.892150587902138,"NS","No","Not_labeled"
"Mapt","30v5",-0.54411503092414,0.63391476305662,"NS","No","Not_labeled"
"Marchf5","30v5",-5.96959464888127,0.0133035003521063,"CLIP_Down","No","Not_labeled"
"Marchf6","30v5",-0.041830451883158,0.96075751354279,"NS","No","Not_labeled"
"Marchf7","30v5",1.73822443680469,0.466546484381642,"NS","No","Not_labeled"
"Marchf8","30v5",-2.42977531702778,0.192921333734083,"NS","No","Not_labeled"
"Marcks","30v5",0.013228368608603,0.985485688850209,"NS","No","Not_labeled"
"Marf1","30v5",0.750959268314354,0.0131156047202337,"CLIP_Up","No","Not_labeled"
"Mark1","30v5",0.541586969873705,0.480616425590018,"NS","No","Not_labeled"
"Mark2","30v5",3.17708003751601,0.104598734162792,"NS","No","Not_labeled"
"Mark3","30v5",-3.03629126702199,0.109751464532353,"NS","No","Not_labeled"
"Mark4","30v5",0.13266639819661,0.923125396832694,"NS","No","Not_labeled"
"Mars1","30v5",3.14993024025995,0.244411521520894,"NS","No","Not_labeled"
"Mast1","30v5",-1.746413713091,0.442476417628619,"NS","No","Not_labeled"
"Mast2","30v5",1.59075864985443,0.014976232604238,"CLIP_Up","No","Not_labeled"
"Mast3","30v5",1.87434420128322,0.0037947078401472,"CLIP_Up","No","Not_labeled"
"Mast4","30v5",0.805585858017777,0.0603168900748617,"NS","No","Not_labeled"
"Mat2a","30v5",-2.38535694861282,0.259682655293899,"NS","No","Not_labeled"
"Mat2b","30v5",3.95717360879782,0.0262419264184917,"CLIP_Up","No","Not_labeled"
"Matn2","30v5",-0.43687916652483,0.78542657451302,"NS","No","Not_labeled"
"Matr3","30v5",0.586484880705189,0.342962986064462,"NS","No","Not_labeled"
"Mau2","30v5",0.215800114443967,0.922699906689324,"NS","No","Not_labeled"
"Max","30v5",-2.67697666016674,0.157057802764708,"NS","No","Not_labeled"
"Maz","30v5",0.512464266972499,0.44661985152313,"NS","No","Not_labeled"
"Mbd2","30v5",-1.9422217435597,0.245607592641021,"NS","No","Not_labeled"
"Mbd5","30v5",-0.0968623994416444,0.883996972814677,"NS","No","Not_labeled"
"Mbnl2","30v5",1.06769677121354,0.231322117735539,"NS","No","Not_labeled"
"Mboat2","30v5",-0.353725910264084,0.720005644257209,"NS","No","Not_labeled"
"Mbp","30v5",-1.48807035414652,0.239983359066417,"NS","No","Not_labeled"
"Mbtd1","30v5",-1.57019032648547,0.454175730531709,"NS","No","Not_labeled"
"Mbtps1","30v5",0.546487012367282,0.737479057349806,"NS","No","Not_labeled"
"Mcc","30v5",-1.21096617904379,0.335130987088464,"NS","No","Not_labeled"
"Mcf2l","30v5",-2.3493001422736,0.0248012633492056,"CLIP_Down","No","Not_labeled"
"Mcl1","30v5",-2.35508735675958,0.252069049367762,"NS","No","Not_labeled"
"Mcm3ap","30v5",-0.802644696335496,0.652287832857757,"NS","No","Not_labeled"
"Mcmbp","30v5",-1.34021169319081,0.487046045403095,"NS","No","Not_labeled"
"Mcph1","30v5",-0.567310540221776,0.522094473551391,"NS","No","Not_labeled"
"Mcrs1","30v5",0.266052440241367,0.93470714905897,"NS","No","Not_labeled"
"Mctp1","30v5",-0.464824459418033,0.516435020221704,"NS","No","Not_labeled"
"Mcu","30v5",0.28077031051748,0.813496226936426,"NS","No","Not_labeled"
"Mdga1","30v5",0.486565254495929,0.712638885455342,"NS","No","Not_labeled"
"Mdga2","30v5",-0.292115271382337,0.792423162724881,"NS","No","Not_labeled"
"Mdh1","30v5",-1.52645680666335,0.330237114262638,"NS","No","Not_labeled"
"Mdm2","30v5",-1.73029727983136,0.472462114455019,"NS","No","Not_labeled"
"Mdm4","30v5",-1.35849993726622,0.170967924661675,"NS","No","Not_labeled"
"Mdn1","30v5",0.660173061172683,0.367759169571407,"NS","No","Not_labeled"
"Me1","30v5",-3.87655021131108,0.0159466511819145,"CLIP_Down","No","Not_labeled"
"Mecp2","30v5",-1.46177888556971,0.301207037053366,"NS","No","Not_labeled"
"Med1","30v5",-1.85436984733058,0.25440203592118,"NS","No","Not_labeled"
"Med12","30v5",2.77767919188112,0.320567535925581,"NS","No","Not_labeled"
"Med12l","30v5",-1.64844597038845,0.185427102247938,"NS","No","Not_labeled"
"Med13","30v5",0.0485707796135726,0.902014301858741,"NS","No","Not_labeled"
"Med13l","30v5",0.983510742688928,0.0274613285256772,"CLIP_Up","No","Not_labeled"
"Med14","30v5",-0.0728951192428475,0.883991427220572,"NS","No","Not_labeled"
"Med15","30v5",1.93766041164859,0.295937055705936,"NS","No","Not_labeled"
"Med16","30v5",-0.462406045878456,0.819679774994673,"NS","No","Not_labeled"
"Med23","30v5",-1.19800716355343,0.455137599974809,"NS","No","Not_labeled"
"Med28","30v5",-4.36552000492994,0.0855654707315174,"NS","No","Not_labeled"
"Mef2a","30v5",0.353015058748658,0.630637703174693,"NS","No","Not_labeled"
"Mef2c","30v5",0.890673545880838,0.15031371663322,"NS","No","Not_labeled"
"Mef2d","30v5",1.65216196098155,0.00400583044451632,"CLIP_Up","No","Not_labeled"
"Megf8","30v5",1.11971562015293,0.194120066123517,"NS","No","Not_labeled"
"Megf9","30v5",0.443920392864472,0.263132710581535,"NS","No","Not_labeled"
"Mest","30v5",-0.0273752624197616,0.988773133747304,"NS","No","Not_labeled"
"Mettl9","30v5",1.62563513787132,0.11793413043846,"NS","No","Not_labeled"
"Mex3b","30v5",-0.525249253619836,0.798104900468498,"NS","No","Not_labeled"
"Mex3c","30v5",-1.802174299317,0.279904991658122,"NS","No","Not_labeled"
"Mex3d","30v5",-3.76581685001952,0.257926707481052,"NS","No","Not_labeled"
"Mfap1a","30v5",-5.17218159060674,0.0201379391714458,"CLIP_Down","Yes","Decreased"
"Mfap1b","30v5",-3.74503736105297,0.123487413203411,"NS","No","Not_labeled"
"Mfap3","30v5",-2.43324923053372,0.24852962724232,"NS","No","Not_labeled"
"Mfap3l","30v5",-4.28551443516906,0.0180492048854846,"CLIP_Down","No","Not_labeled"
"Mfhas1","30v5",-0.104730991572977,0.848535271730666,"NS","No","Not_labeled"
"Mfn1","30v5",-1.04920724602977,0.596071536121392,"NS","No","Not_labeled"
"Mfn2","30v5",0.194551324520208,0.661248739715766,"NS","No","Not_labeled"
"Mfsd14a","30v5",-3.56447125792896,0.0160974051242966,"CLIP_Down","No","Not_labeled"
"Mfsd14b","30v5",-6.6442845325312,0.00147665489912145,"CLIP_Down","No","Not_labeled"
"Mfsd4a","30v5",-0.795616145481894,0.584819219027108,"NS","No","Not_labeled"
"Mfsd6","30v5",-2.60455987309341,0.160069712356078,"NS","No","Not_labeled"
"Mga","30v5",0.0169886628082319,0.991647920444469,"NS","No","Not_labeled"
"Mgat1","30v5",2.67599860513856,0.326446696301869,"NS","No","Not_labeled"
"Mgat2","30v5",-0.480150280088843,0.827461261272555,"NS","No","Not_labeled"
"Mgat3","30v5",-0.482983571066326,0.716520977125912,"NS","No","Not_labeled"
"Mgat4a","30v5",-0.533259277919433,0.758177761243673,"NS","No","Not_labeled"
"Mgat4b","30v5",-0.754234457889441,0.630994066926424,"NS","No","Not_labeled"
"Mgat4c","30v5",0.914144724168806,0.341612660722351,"NS","No","Not_labeled"
"Mgat5","30v5",-0.365140912805083,0.703317895382214,"NS","No","Not_labeled"
"Mgat5b","30v5",-1.69626987014094,0.170092781411621,"NS","No","Not_labeled"
"Mgll","30v5",0.117106251144901,0.939437113154509,"NS","No","Not_labeled"
"Mgrn1","30v5",1.22063729874223,0.190811576533865,"NS","No","Not_labeled"
"Mia3","30v5",-0.360068067560708,0.859022992216695,"NS","No","Not_labeled"
"Mib1","30v5",-0.73980609101853,0.0358853819171902,"CLIP_Down","No","Not_labeled"
"Mical2","30v5",1.25543887427527,0.02679757877985,"CLIP_Up","No","Not_labeled"
"Mical3","30v5",-0.262158807449008,0.707813822334567,"NS","No","Not_labeled"
"Micall1","30v5",0.423852416126761,0.814728345424562,"NS","No","Not_labeled"
"Micu3","30v5",-0.786824659282773,0.538248915123297,"NS","No","Not_labeled"
"Mid1ip1","30v5",-5.00334492167912,0.110567056860248,"NS","No","Not_labeled"
"Mid2","30v5",0.152115937862914,0.903329871697731,"NS","No","Not_labeled"
"Mideas","30v5",-0.751622321464628,0.565800725412892,"NS","No","Not_labeled"
"Midn","30v5",-5.10986494477555,0.101878075300572,"NS","No","Not_labeled"
"Mief1","30v5",-0.785696807144716,0.709571765913884,"NS","No","Not_labeled"
"Mier1","30v5",1.01587485321381,0.622747728343556,"NS","No","Not_labeled"
"Miga1","30v5",-2.70667543268694,0.124108241465395,"NS","No","Not_labeled"
"Mindy2","30v5",-1.71410828503844,0.272603170679778,"NS","No","Not_labeled"
"Mink1","30v5",3.00140078369229,0.000218126476977268,"CLIP_Up","No","Not_labeled"
"Minpp1","30v5",2.11781290385782,0.011629976052036,"CLIP_Up","No","Not_labeled"
"Mkks","30v5",-6.61921557629057,0.0138749362420372,"CLIP_Down","No","Not_labeled"
"Mkln1","30v5",-0.765194925664091,0.0530056590641786,"NS","No","Not_labeled"
"Mkrn2","30v5",-1.36791300741924,0.560900765262195,"NS","No","Not_labeled"
"Mlec","30v5",-3.96157966744421,0.115910306975413,"NS","No","Not_labeled"
"Mlf2","30v5",-4.80262268557862,0.0408026510028052,"CLIP_Down","No","Not_labeled"
"Mlh3","30v5",-1.18077744109362,0.46917833266502,"NS","No","Not_labeled"
"Mlip","30v5",2.02032440307665,0.0141374910706097,"CLIP_Up","No","Not_labeled"
"Mllt1","30v5",0.683525851039028,0.651452973131642,"NS","No","Not_labeled"
"Mllt10","30v5",0.300173776046555,0.86165562703102,"NS","No","Not_labeled"
"Mllt11","30v5",0.161457542488974,0.924661677699688,"NS","No","Not_labeled"
"Mllt3","30v5",0.547883604769824,0.583202236230786,"NS","No","Not_labeled"
"Mllt6","30v5",0.577629270152388,0.346296794318549,"NS","No","Not_labeled"
"Mlxip","30v5",-2.51413065214563,0.170550584671264,"NS","No","Not_labeled"
"Mmd","30v5",0.777450194821785,0.140138515388612,"NS","No","Not_labeled"
"Mmd2","30v5",-0.287677667225543,0.819804206205927,"NS","No","Not_labeled"
"Mmp16","30v5",-0.779361533835815,0.491805151528031,"NS","No","Not_labeled"
"Mmp17","30v5",0.276822323758069,0.856820911574136,"NS","No","Not_labeled"
"Mmp24","30v5",-0.305508428757919,0.820403698070775,"NS","No","Not_labeled"
"Mmut","30v5",-3.0532306410821,0.143147710893766,"NS","No","Not_labeled"
"Mn1","30v5",-0.101691665970313,0.946656464834676,"NS","No","Not_labeled"
"Mob1b","30v5",0.731628493805276,0.604989737604207,"NS","No","Not_labeled"
"Mob4","30v5",0.851070716406615,0.701226342141784,"NS","No","Not_labeled"
"Mobp","30v5",-1.24013868836006,0.0947296595933668,"NS","No","Not_labeled"
"Mon1b","30v5",-1.50584245569758,0.40207616918685,"NS","No","Not_labeled"
"Mon2","30v5",0.0850357391697383,0.803996109587349,"NS","No","Not_labeled"
"Morc2a","30v5",-1.55266718838548,0.297675321713413,"NS","No","Not_labeled"
"Morf4l1","30v5",-0.493323980763895,0.716725628071653,"NS","No","Not_labeled"
"Mosmo","30v5",0.554375054343337,0.651385761771481,"NS","No","Not_labeled"
"Mpdz","30v5",-1.77071306730784,0.228807432061403,"NS","No","Not_labeled"
"Mpp2","30v5",-0.343291909181904,0.833571712048094,"NS","No","Not_labeled"
"Mpped1","30v5",-0.791343721228326,0.620061103512514,"NS","No","Not_labeled"
"Mpped2","30v5",1.16499947824569,0.301515779645688,"NS","No","Not_labeled"
"Mprip","30v5",0.783174747432842,0.0385668513629121,"CLIP_Up","No","Not_labeled"
"Mpv17l","30v5",-3.87563034150358,0.0515443612033468,"NS","No","Not_labeled"
"Mras","30v5",-0.0899202284305629,0.951532540716614,"NS","No","Not_labeled"
"Mrfap1","30v5",4.22253243733237,0.105107432565491,"NS","No","Not_labeled"
"Mrpl45","30v5",-1.70409793496805,0.170693566776919,"NS","No","Not_labeled"
"Mrps25","30v5",0.619894426525588,0.257173602743261,"NS","No","Not_labeled"
"Mrps5","30v5",-3.60261181765468,0.13456402803386,"NS","No","Not_labeled"
"Mrs2","30v5",-1.98558057859861,0.227373705895482,"NS","No","Not_labeled"
"Mrtfa","30v5",0.398021612555175,0.805455226230898,"NS","No","Not_labeled"
"Mrtfb","30v5",1.07863037642196,0.0465848483478528,"CLIP_Up","No","Not_labeled"
"Msh3","30v5",-4.81008943609883,0.000773111959106561,"CLIP_Down","No","Not_labeled"
"Msh6","30v5",-5.32307553993477,0.00349227614972443,"CLIP_Down","No","Not_labeled"
"Msi2","30v5",-2.32263552693434,0.0237153220828793,"CLIP_Down","No","Not_labeled"
"Msl1","30v5",0.997556994044318,0.102602795032787,"NS","No","Not_labeled"
"Msl2","30v5",1.05234674733531,0.218476755595809,"NS","No","Not_labeled"
"Msl3","30v5",-6.14069013082818,0.00722551041552082,"CLIP_Down","Yes","Decreased"
"Mt1","30v5",-8.35144373961939,0.0397094191491334,"CLIP_Down","No","Not_labeled"
"Mta1","30v5",-0.993788550585659,0.704520070856987,"NS","No","Not_labeled"
"Mta2","30v5",-2.8420348703503,0.269630156720675,"NS","No","Not_labeled"
"Mtch1","30v5",-0.728486258418314,0.796604001943087,"NS","No","Not_labeled"
"Mtcl1","30v5",-0.82202717829568,0.54805084403278,"NS","No","Not_labeled"
"Mtdh","30v5",3.14018364955048,0.0113387877266568,"CLIP_Up","No","Not_labeled"
"Mtf1","30v5",-1.21085499927232,0.535030171761149,"NS","No","Not_labeled"
"Mtfr1l","30v5",-4.8144763132926,0.121457632695888,"NS","No","Not_labeled"
"Mtg1","30v5",-2.53477056553554,0.35461172173521,"NS","No","Not_labeled"
"Mthfr","30v5",-3.46731801966177,0.158746216386796,"NS","No","Not_labeled"
"Mtmr1","30v5",0.229210695094705,0.88718138094953,"NS","No","Not_labeled"
"Mtmr10","30v5",-3.14912700966578,0.0808049463647222,"NS","No","Not_labeled"
"Mtmr12","30v5",-1.21258797719042,0.417251370842028,"NS","No","Not_labeled"
"Mtmr2","30v5",0.245500003784865,0.737297193846332,"NS","No","Not_labeled"
"Mtmr3","30v5",-0.818635951134935,0.553355087602867,"NS","No","Not_labeled"
"Mtmr4","30v5",-4.58996902994872,0.027948686445944,"CLIP_Down","No","Not_labeled"
"Mtmr6","30v5",-0.29793377318661,0.758007601359829,"NS","No","Not_labeled"
"Mtmr7","30v5",-2.19257977922503,0.0711693728715109,"NS","No","Not_labeled"
"Mtmr9","30v5",-1.15926413610321,0.501253419149232,"NS","No","Not_labeled"
"Mto1","30v5",-5.69226359364171,0.00388284184572833,"CLIP_Down","No","Not_labeled"
"Mtor","30v5",0.629114524149661,0.163036306140949,"NS","No","Not_labeled"
"Mtpn","30v5",0.345867022985392,0.649166297634327,"NS","No","Not_labeled"
"Mtrex","30v5",-0.60951679142071,0.504711415437593,"NS","No","Not_labeled"
"Mtss2","30v5",-4.31129315444241,0.0570894702792963,"NS","No","Not_labeled"
"Mturn","30v5",-5.12939949387261,0.0384999658558972,"CLIP_Down","No","Not_labeled"
"Mtus1","30v5",-2.15747687079147,0.221211131212888,"NS","No","Not_labeled"
"Mtus2","30v5",-1.43892771219638,0.12434038031721,"NS","No","Not_labeled"
"Mtx3","30v5",-5.04543191195362,0.0225546527435206,"CLIP_Down","No","Not_labeled"
"Mvb12b","30v5",0.608216753892776,0.251387726435028,"NS","No","Not_labeled"
"Mxd4","30v5",-1.3942716350735,0.620051925546131,"NS","No","Not_labeled"
"Mxi1","30v5",-0.627681046388966,0.693913189325296,"NS","No","Not_labeled"
"Myadm","30v5",3.23627717278038,0.201559377280131,"NS","No","Not_labeled"
"Mybbp1a","30v5",0.116503310211845,0.883953432594081,"NS","No","Not_labeled"
"Mycbp2","30v5",0.708405013390412,0.0608563340772266,"NS","No","Not_labeled"
"Myef2","30v5",-0.215796870478104,0.924545857403054,"NS","No","Not_labeled"
"Myh10","30v5",-0.848082477186405,0.0722785577549155,"NS","No","Not_labeled"
"Myh14","30v5",-4.5742576087723,0.0462356122422858,"CLIP_Down","No","Not_labeled"
"Myh9","30v5",-2.89768126230629,0.0283561755228296,"CLIP_Down","No","Not_labeled"
"Myl12b","30v5",2.89688445920818,0.275261835876022,"NS","No","Not_labeled"
"Mynn","30v5",-0.680301805106258,0.795015673179689,"NS","No","Not_labeled"
"Myo10","30v5",-3.02645583881505,0.114786101482853,"NS","No","Not_labeled"
"Myo1d","30v5",-1.50553530854321,0.22778322787484,"NS","No","Not_labeled"
"Myo5a","30v5",0.713550524174354,0.0550689910079824,"NS","No","Not_labeled"
"Myo5b","30v5",-1.33581070687861,0.0991898624376642,"NS","No","Not_labeled"
"Myo6","30v5",0.171516870546005,0.837479432891839,"NS","No","Not_labeled"
"Myo7a","30v5",-2.37859584404459,0.317592340040791,"NS","No","Not_labeled"
"Myo9a","30v5",0.0389345483324144,0.944954077147611,"NS","No","Not_labeled"
"Myo9b","30v5",-0.575622627220572,0.693972687768401,"NS","No","Not_labeled"
"Myrf","30v5",-3.83387405068453,0.136287828769331,"NS","No","Not_labeled"
"Myrip","30v5",0.101531223368616,0.864627169799866,"NS","No","Not_labeled"
"Mysm1","30v5",-1.48306474189458,0.463682459954741,"NS","No","Not_labeled"
"Myt1l","30v5",0.880830801259337,0.0584986618477086,"NS","No","Not_labeled"
"N4bp1","30v5",0.633973927656621,0.366758470846876,"NS","No","Not_labeled"
"N4bp2","30v5",-3.86771256947794,0.0503638647016319,"NS","No","Not_labeled"
"N4bp2l2","30v5",0.502964043140075,0.256546735044214,"NS","No","Not_labeled"
"Naa15","30v5",-2.01607516946927,0.104857339069374,"NS","No","Not_labeled"
"Naa25","30v5",-2.57513426848304,0.23387189165287,"NS","No","Not_labeled"
"Naa30","30v5",-3.0864327309546,0.130043646679151,"NS","No","Not_labeled"
"Naa50","30v5",1.2213056251974,0.0901279251763055,"NS","No","Not_labeled"
"Nab1","30v5",-5.90055058907697,0.00341481262149515,"CLIP_Down","No","Not_labeled"
"Naca","30v5",5.65785087574444,0.0567820423739003,"NS","No","Not_labeled"
"Nacc1","30v5",1.45307723528103,0.0361526073543666,"CLIP_Up","No","Not_labeled"
"Nacc2","30v5",0.43289696737292,0.695354859708566,"NS","No","Not_labeled"
"Nadk","30v5",-0.0523493676740534,0.974680349138302,"NS","No","Not_labeled"
"Nae1","30v5",0.849331180423591,0.694304991779856,"NS","No","Not_labeled"
"Naf1","30v5",-2.78450740150161,0.126149941409425,"NS","No","Not_labeled"
"Nalcn","30v5",0.580552887900513,0.534584679232872,"NS","No","Not_labeled"
"Nalf1","30v5",0.35943050121816,0.489006847927705,"NS","No","Not_labeled"
"Nampt","30v5",0.995662043441066,0.1146069014056,"NS","No","Not_labeled"
"Nap1l1","30v5",1.17098674666543,0.104279848467432,"NS","No","Not_labeled"
"Nap1l5","30v5",-2.06008214247471,0.423970410495973,"NS","No","Not_labeled"
"Napa","30v5",1.50953570654178,0.0926007433647703,"NS","No","Not_labeled"
"Napb","30v5",-0.055776596944848,0.941539124779673,"NS","No","Not_labeled"
"Napg","30v5",-1.9669277293393,0.339227041583719,"NS","No","Not_labeled"
"Nars1","30v5",-1.77104076422337,0.334500089267118,"NS","No","Not_labeled"
"Nat8l","30v5",0.472924935899809,0.37007545649545,"NS","No","Not_labeled"
"Nav1","30v5",0.458047056280575,0.544751026520809,"NS","No","Not_labeled"
"Nav2","30v5",-0.00347396047861959,0.993692325898206,"NS","No","Not_labeled"
"Nav3","30v5",1.07251673631747,0.0208743439493144,"CLIP_Up","No","Not_labeled"
"Nbas","30v5",-0.516337422428445,0.478084313906329,"NS","No","Not_labeled"
"Nbea","30v5",0.471376273828839,0.196708184276141,"NS","No","Not_labeled"
"Nbeal1","30v5",-2.78473096423346,0.0351225344268145,"CLIP_Down","No","Not_labeled"
"Ncald","30v5",0.322638871210315,0.515494987179031,"NS","No","Not_labeled"
"Ncam1","30v5",0.392912324389594,0.529428765606896,"NS","No","Not_labeled"
"Ncam2","30v5",0.301909498857685,0.758328414325924,"NS","No","Not_labeled"
"Ncan","30v5",0.691696029081872,0.177081515491116,"NS","No","Not_labeled"
"Ncapd3","30v5",0.302003340888903,0.869679701888554,"NS","No","Not_labeled"
"Ncbp1","30v5",-1.39454237206435,0.48041458483672,"NS","No","Not_labeled"
"Ncdn","30v5",1.81704414657259,0.00442135902519317,"CLIP_Up","Yes","Increased"
"Nceh1","30v5",-0.200081021253733,0.90698689040442,"NS","No","Not_labeled"
"Nckap1","30v5",0.83529706893843,0.0663697285784987,"NS","No","Not_labeled"
"Nckipsd","30v5",-2.72934053950152,0.154375241004909,"NS","No","Not_labeled"
"Ncl","30v5",0.100851725992464,0.833003544121742,"NS","No","Not_labeled"
"Ncoa1","30v5",0.522556648785123,0.234439469791659,"NS","No","Not_labeled"
"Ncoa2","30v5",0.765477426621834,0.149931639416674,"NS","No","Not_labeled"
"Ncoa3","30v5",1.24835378650124,0.0520167530808403,"NS","No","Not_labeled"
"Ncoa4","30v5",-1.72488965852936,0.424448939554478,"NS","No","Not_labeled"
"Ncoa5","30v5",-0.498839166114789,0.766675424509338,"NS","No","Not_labeled"
"Ncoa6","30v5",0.938828262384231,0.0345454609079567,"CLIP_Up","No","Not_labeled"
"Ncoa7","30v5",-0.274144803190032,0.785031535355678,"NS","No","Not_labeled"
"Ncor1","30v5",1.1090949853109,0.0405831740620073,"CLIP_Up","No","Not_labeled"
"Ncor2","30v5",1.30701537606537,0.415879316074479,"NS","No","Not_labeled"
"Ncs1","30v5",0.518431871687888,0.476364031485878,"NS","No","Not_labeled"
"Ncstn","30v5",-3.56489634499868,0.203207243165466,"NS","No","Not_labeled"
"ND1","30v5",0.531474144924678,0.337947731066335,"NS","No","Not_labeled"
"ND2","30v5",0.204111730794553,0.72873135663647,"NS","No","Not_labeled"
"ND3","30v5",-2.435967312578,0.496484426350848,"NS","No","Not_labeled"
"ND4","30v5",0.302637048954361,0.628812173689246,"NS","No","Not_labeled"
"ND5","30v5",0.274802390746434,0.692919732283336,"NS","No","Not_labeled"
"ND6","30v5",0.672720453097059,0.376522169240815,"NS","No","Not_labeled"
"Ndc1","30v5",-2.89456963544048,0.0879253116839662,"NS","No","Not_labeled"
"Ndfip2","30v5",-2.34304922677267,0.216349561187011,"NS","No","Not_labeled"
"Ndrg1","30v5",-3.84653691763804,0.00847650097558383,"CLIP_Down","No","Not_labeled"
"Ndrg2","30v5",-5.30523050024278,0.133745413387505,"NS","No","Not_labeled"
"Ndrg3","30v5",-0.0680359941614262,0.966156769512541,"NS","No","Not_labeled"
"Ndrg4","30v5",1.4181512195806,0.0496387325103948,"CLIP_Up","No","Not_labeled"
"Ndst1","30v5",0.912958491961416,0.191191494127158,"NS","No","Not_labeled"
"Ndst3","30v5",-0.633063272951838,0.690841554798751,"NS","No","Not_labeled"
"Ndst4","30v5",1.09803052313389,0.446851495726738,"NS","No","Not_labeled"
"Ndufa12","30v5",-1.75918188465848,0.426699157629649,"NS","No","Not_labeled"
"Ndufs1","30v5",-1.19205208137505,0.398839371046529,"NS","No","Not_labeled"
"Ndufv2","30v5",-5.69144193187042,0.0180673919026171,"CLIP_Down","No","Not_labeled"
"Nebl","30v5",0.201204800403881,0.813816016309279,"NS","No","Not_labeled"
"Necab1","30v5",-1.78946837525869,0.0925272531898314,"NS","No","Not_labeled"
"Necap1","30v5",-1.50675321849522,0.442110047680327,"NS","No","Not_labeled"
"Nectin1","30v5",-1.26651551083086,0.377096986412216,"NS","No","Not_labeled"
"Nectin3","30v5",-1.49629588961967,0.240724078595783,"NS","No","Not_labeled"
"Nedd4","30v5",-0.0786252159781231,0.859570063096228,"NS","No","Not_labeled"
"Nedd4l","30v5",0.863247249954052,0.0691951449045203,"NS","No","Not_labeled"
"Nedd8","30v5",7.77781093732494,0.0188345524397827,"CLIP_Up","No","Not_labeled"
"Nedd9","30v5",-1.78397974851199,0.150590518899167,"NS","No","Not_labeled"
"Nefl","30v5",1.16710278846261,0.0171145939245713,"CLIP_Up","No","Not_labeled"
"Nefm","30v5",-0.646770525364643,0.726555311747171,"NS","No","Not_labeled"
"Negr1","30v5",0.0624862759225249,0.92519094414922,"NS","No","Not_labeled"
"Nek1","30v5",-0.748958202557554,0.605383318997055,"NS","No","Not_labeled"
"Nek6","30v5",0.396966153630802,0.833274020366447,"NS","No","Not_labeled"
"Nek7","30v5",-2.442280348667,0.162692674927902,"NS","No","Not_labeled"
"Nek9","30v5",-1.67854310219485,0.225917024861141,"NS","No","Not_labeled"
"Nell2","30v5",1.24136210743222,0.00682575798114927,"CLIP_Up","No","Not_labeled"
"Nemf","30v5",-2.98032594343042,0.0250338866203763,"CLIP_Down","No","Not_labeled"
"Neo1","30v5",-1.45373108047308,0.121087504239145,"NS","No","Not_labeled"
"Net1","30v5",-2.71021661505079,0.114552476279504,"NS","No","Not_labeled"
"Neto1","30v5",-1.72316758952416,0.172799327585797,"NS","No","Not_labeled"
"Neto2","30v5",-2.55815336365957,0.120987405190461,"NS","No","Not_labeled"
"Neurl1a","30v5",0.963982112877065,0.219814594338171,"NS","No","Not_labeled"
"Neurl1b","30v5",-1.58820834430139,0.379901880971179,"NS","No","Not_labeled"
"Neurl4","30v5",-0.629375488650731,0.811295661689161,"NS","No","Not_labeled"
"Neurod2","30v5",1.55962985964139,0.0229144648278183,"CLIP_Up","No","Not_labeled"
"Neurod6","30v5",1.89379789148996,0.00619930924257376,"CLIP_Up","No","Not_labeled"
"Nexmif","30v5",-1.53597624782685,0.317239449725088,"NS","No","Not_labeled"
"Nf1","30v5",0.323053880778044,0.454151516287289,"NS","No","Not_labeled"
"Nf2","30v5",-1.58265702202776,0.264228539477851,"NS","No","Not_labeled"
"Nfasc","30v5",-1.43549069959929,0.104843959962394,"NS","No","Not_labeled"
"Nfat5","30v5",-0.627229454533176,0.409648391936216,"NS","No","Not_labeled"
"Nfatc2","30v5",-2.87971502007051,0.0582201947321833,"NS","No","Not_labeled"
"Nfib","30v5",0.285922323771346,0.607083107428728,"NS","No","Not_labeled"
"Nfic","30v5",0.483902028290398,0.555628889844836,"NS","No","Not_labeled"
"Nfil3","30v5",-2.70761541629066,0.241410717394308,"NS","No","Not_labeled"
"Nfix","30v5",0.101007610483092,0.858153737513561,"NS","No","Not_labeled"
"Nfkb1","30v5",-1.52321049790165,0.119855703231882,"NS","No","Not_labeled"
"Nfkbia","30v5",-8.10319434127104,0.00462348512396916,"CLIP_Down","Yes","Decreased"
"Nfkbiz","30v5",-5.08470751722557,0.001900913902896,"CLIP_Down","Yes","Decreased"
"Nfrkb","30v5",0.383848869245736,0.875631921622971,"NS","No","Not_labeled"
"Nfs1","30v5",0.183371224365169,0.925532940422542,"NS","No","Not_labeled"
"Nfx1","30v5",-3.84823265858694,0.0449049568834774,"CLIP_Down","No","Not_labeled"
"Ngef","30v5",-2.00173429307503,0.15024258799232,"NS","No","Not_labeled"
"Nhsl1","30v5",-1.38598844387153,0.294250668227514,"NS","No","Not_labeled"
"Nhsl2","30v5",0.0262216711068879,0.956836667380462,"NS","No","Not_labeled"
"Niban2","30v5",-3.41807360873567,0.0193196989453831,"CLIP_Down","No","Not_labeled"
"Nin","30v5",-1.73439489435341,0.276649230254193,"NS","No","Not_labeled"
"Nipa1","30v5",-1.46251174243618,0.35211639253967,"NS","No","Not_labeled"
"Nipa2","30v5",2.76521330468061,0.289635575101919,"NS","No","Not_labeled"
"Nipal3","30v5",0.611432829133373,0.733975495901979,"NS","No","Not_labeled"
"Nipbl","30v5",-0.121010838063006,0.773908022096548,"NS","No","Not_labeled"
"Nipsnap2","30v5",1.82779615414841,0.449189572183584,"NS","No","Not_labeled"
"Nisch","30v5",0.744445327176811,0.163830869666223,"NS","No","Not_labeled"
"Nkain2","30v5",0.667803578681866,0.220125986569118,"NS","No","Not_labeled"
"Nkiras1","30v5",1.13912990172406,0.679367568258817,"NS","No","Not_labeled"
"Nktr","30v5",-0.56215035135159,0.730376095587469,"NS","No","Not_labeled"
"Nlgn1","30v5",0.09970949907138,0.893783047736604,"NS","No","Not_labeled"
"Nlgn2","30v5",-0.409067432846149,0.614295494410433,"NS","No","Not_labeled"
"Nlgn3","30v5",1.02977368894818,0.192967942575975,"NS","No","Not_labeled"
"Nlk","30v5",1.05687372352282,0.241747682944583,"NS","No","Not_labeled"
"Nlrp3","30v5",-7.49960188616056,0.000376881478208205,"CLIP_Down","No","Not_labeled"
"Nme7","30v5",-0.925483387765693,0.313413856054726,"NS","No","Not_labeled"
"Nmnat2","30v5",-2.55633642380212,0.0615118083955001,"NS","No","Not_labeled"
"Nmt1","30v5",1.05049271735967,0.129820187849941,"NS","No","Not_labeled"
"Nmt2","30v5",1.1766440862865,0.220958270056345,"NS","No","Not_labeled"
"Nnat","30v5",-10.4288396144808,0.00686241496933411,"CLIP_Down","No","Not_labeled"
"Nnt","30v5",-0.693277049713146,0.582816706899943,"NS","No","Not_labeled"
"Noct","30v5",-4.90941399389584,0.0568072983105504,"NS","No","Not_labeled"
"Nol11","30v5",-3.69529623983806,0.0690399133605717,"NS","No","Not_labeled"
"Nol4","30v5",-1.27574360530519,0.19022290103056,"NS","No","Not_labeled"
"Nol4l","30v5",0.83249844163834,0.061550736159215,"NS","No","Not_labeled"
"Nol6","30v5",1.35917825794947,0.484456497935278,"NS","No","Not_labeled"
"Nol8","30v5",-3.04670138819039,0.0750129794122088,"NS","No","Not_labeled"
"Nomo1","30v5",1.33310295134814,0.0130638566848137,"CLIP_Up","No","Not_labeled"
"Nono","30v5",-2.44659625956398,0.229954194346478,"NS","No","Not_labeled"
"Nos1","30v5",-0.402910283344063,0.572015342235154,"NS","No","Not_labeled"
"Notch1","30v5",-3.57490218863297,0.00850773101242823,"CLIP_Down","Yes","Decreased"
"Notch2","30v5",-1.51123689043932,0.281567987245554,"NS","No","Not_labeled"
"Nova1","30v5",-2.71371544023545,0.0527051888004455,"NS","No","Not_labeled"
"Nova2","30v5",0.698035831455074,0.270435238448075,"NS","No","Not_labeled"
"Npas2","30v5",0.697532587675114,0.414830972157118,"NS","No","Not_labeled"
"Npas3","30v5",-0.869650577106207,0.16621214836587,"NS","No","Not_labeled"
"Npas4","30v5",-0.683016826955678,0.766923555658509,"NS","No","Not_labeled"
"Npat","30v5",-4.04080929193767,0.0657828511004573,"NS","No","Not_labeled"
"Npc1","30v5",-1.81901313724123,0.261158434377349,"NS","No","Not_labeled"
"Npcd","30v5",0.319192641701143,0.879529458971537,"NS","No","Not_labeled"
"Npepps","30v5",0.701007947368445,0.294872158924218,"NS","No","Not_labeled"
"Nploc4","30v5",-1.00581837358504,0.637929541039129,"NS","No","Not_labeled"
"Npm1","30v5",-3.67278251220749,0.255495809974768,"NS","No","Not_labeled"
"Npr3","30v5",-1.98886211418555,0.145479121003306,"NS","No","Not_labeled"
"Nptn","30v5",2.06321707485536,0.0114771238549648,"CLIP_Up","Yes","Increased"
"Nptx1","30v5",0.876146496329466,0.098474385947967,"NS","No","Not_labeled"
"Nptxr","30v5",0.0450590566332458,0.943332477867102,"NS","No","Not_labeled"
"Npy2r","30v5",1.42492136472577,0.653906113482222,"NS","No","Not_labeled"
"Nr1d1","30v5",-2.87192099733563,0.187276947412331,"NS","No","Not_labeled"
"Nr1d2","30v5",-3.47509099163015,0.0315943768257467,"CLIP_Down","No","Not_labeled"
"Nr2c2","30v5",-0.194993271458758,0.658087436230788,"NS","No","Not_labeled"
"Nr2e1","30v5",-3.15616560401418,0.179672189080875,"NS","No","Not_labeled"
"Nr2f1","30v5",-2.93461980274697,0.300423646274721,"NS","No","Not_labeled"
"Nr2f2","30v5",0.894398222455426,0.727007800837874,"NS","No","Not_labeled"
"Nr3c1","30v5",-1.35854983806466,0.426556807123166,"NS","No","Not_labeled"
"Nr3c2","30v5",1.64091535940517,0.00124287667005925,"CLIP_Up","No","Not_labeled"
"Nr4a1","30v5",0.967810862743789,0.0406300108116089,"CLIP_Up","No","Not_labeled"
"Nr4a2","30v5",1.36321817391199,0.06790584596194,"NS","No","Not_labeled"
"Nr4a3","30v5",0.416736056977013,0.269457514357112,"NS","No","Not_labeled"
"Nras","30v5",-2.07799913333015,0.178028040514065,"NS","No","Not_labeled"
"Nrcam","30v5",0.310505546102031,0.425819640688721,"NS","No","Not_labeled"
"Nrdc","30v5",-0.276883487987063,0.718766649684884,"NS","No","Not_labeled"
"Nrg3","30v5",1.70415680249676,0.00414608758768117,"CLIP_Up","No","Not_labeled"
"Nrgn","30v5",0.692286708280542,0.349506368516857,"NS","No","Not_labeled"
"Nrip1","30v5",0.905735778580111,0.125618322216293,"NS","No","Not_labeled"
"Nrip3","30v5",-1.98284017034433,0.381866847125058,"NS","No","Not_labeled"
"Nrn1","30v5",3.28006969258695,0.12252842897999,"NS","No","Not_labeled"
"Nrp1","30v5",0.621258395099207,0.332770963026378,"NS","No","Not_labeled"
"Nrp2","30v5",-1.54273948672316,0.236425559727517,"NS","No","Not_labeled"
"Nrsn1","30v5",-2.32460990324362,0.262821223027822,"NS","No","Not_labeled"
"Nrxn1","30v5",0.075568363248387,0.857259551279733,"NS","No","Not_labeled"
"Nrxn2","30v5",1.17753142728442,0.0312803648331132,"CLIP_Up","No","Not_labeled"
"Nrxn3","30v5",0.953453287655674,0.202841370670754,"NS","No","Not_labeled"
"Nsa2","30v5",-0.968196076282726,0.715956052987523,"NS","No","Not_labeled"
"Nsd1","30v5",0.0669322374364012,0.837559091793747,"NS","No","Not_labeled"
"Nsd2","30v5",-2.70714111888541,0.15774263044318,"NS","No","Not_labeled"
"Nsd3","30v5",0.0907842484584607,0.907613154572206,"NS","No","Not_labeled"
"Nsf","30v5",1.34391324525563,0.00181572952627372,"CLIP_Up","Yes","Increased"
"Nsg1","30v5",0.182050743797705,0.915626128455026,"NS","No","Not_labeled"
"Nsg2","30v5",1.25908016998882,0.102166290314519,"NS","No","Not_labeled"
"Nsmaf","30v5",-1.02215926705424,0.49042111989242,"NS","No","Not_labeled"
"Nsmce4a","30v5",-1.65433665763007,0.340994358600711,"NS","No","Not_labeled"
"Nsun2","30v5",-1.92401505217043,0.347852857747729,"NS","No","Not_labeled"
"Nt5c2","30v5",0.598127753108573,0.36409269822623,"NS","No","Not_labeled"
"Nt5dc3","30v5",0.647320414427533,0.145452112878639,"NS","No","Not_labeled"
"Ntm","30v5",0.874324325492379,0.190417517566954,"NS","No","Not_labeled"
"Ntng1","30v5",0.0873408620081665,0.94111663039149,"NS","No","Not_labeled"
"Ntrk2","30v5",0.0621360275664165,0.896950123158783,"NS","No","Not_labeled"
"Ntrk3","30v5",-0.233011229372918,0.787817391016754,"NS","No","Not_labeled"
"Nuak1","30v5",0.545537392167353,0.745253378017918,"NS","No","Not_labeled"
"Nucks1","30v5",-0.511260942788081,0.797563428799856,"NS","No","Not_labeled"
"Nudcd1","30v5",-0.210805675849335,0.888790088822739,"NS","No","Not_labeled"
"Nudt3","30v5",-0.259236780024505,0.844344542391102,"NS","No","Not_labeled"
"Nudt4","30v5",-1.31082607558045,0.482702329163205,"NS","No","Not_labeled"
"Nufip2","30v5",0.284634770595645,0.681184511270935,"NS","No","Not_labeled"
"Numa1","30v5",0.492280085626277,0.375529935098533,"NS","No","Not_labeled"
"Numbl","30v5",-0.568521822025505,0.788852834050632,"NS","No","Not_labeled"
"Nup153","30v5",0.590980245258534,0.219866171019252,"NS","No","Not_labeled"
"Nup155","30v5",-1.80258881450385,0.243692790111041,"NS","No","Not_labeled"
"Nup205","30v5",-2.97242633074782,0.0764993791872283,"NS","No","Not_labeled"
"Nup214","30v5",-2.38780655420666,0.126391963244976,"NS","No","Not_labeled"
"Nup93","30v5",-2.27409285246388,0.160443388478206,"NS","No","Not_labeled"
"Nup98","30v5",-2.40924825543765,0.117343726090667,"NS","No","Not_labeled"
"Nus1","30v5",-0.169257858497544,0.92321736351655,"NS","No","Not_labeled"
"Nwd1","30v5",-1.78137229044395,0.282658567170305,"NS","No","Not_labeled"
"Nwd2","30v5",0.0798166031431489,0.942494375025441,"NS","No","Not_labeled"
"Nyap1","30v5",-8.75553749390545,0.0118484301696508,"CLIP_Down","No","Not_labeled"
"Nyap2","30v5",-1.31181492050224,0.158832196200738,"NS","No","Not_labeled"
"Oaz2","30v5",-1.14522635902526,0.608977444029986,"NS","No","Not_labeled"
"Ociad1","30v5",-1.23069601513553,0.467495872219781,"NS","No","Not_labeled"
"Ociad2","30v5",3.61344992545163,0.118480353998967,"NS","No","Not_labeled"
"Ocln","30v5",-0.865171719843989,0.694769333059506,"NS","No","Not_labeled"
"Ocrl","30v5",-1.12758130477296,0.548841547298448,"NS","No","Not_labeled"
"Odc1","30v5",-5.59135421860138,0.0113295408345949,"CLIP_Down","No","Not_labeled"
"Odr4","30v5",-3.13977120746825,0.177786737326051,"NS","No","Not_labeled"
"Oga","30v5",0.629336465834487,0.224943132302115,"NS","No","Not_labeled"
"Ogdh","30v5",0.739404020998527,0.0589343051325372,"NS","No","Not_labeled"
"Ogdhl","30v5",2.30746853659163,0.263510027928685,"NS","No","Not_labeled"
"Ogfod1","30v5",1.98038704892957,0.0128185184028514,"CLIP_Up","No","Not_labeled"
"Ogfrl1","30v5",-0.345187012117962,0.412685131883501,"NS","No","Not_labeled"
"Ogt","30v5",-0.885610133511596,0.579638070382358,"NS","No","Not_labeled"
"Ola1","30v5",0.537007737502455,0.552144419254482,"NS","No","Not_labeled"
"Olfm1","30v5",1.41620124409842,0.0395420615717966,"CLIP_Up","No","Not_labeled"
"Olfm3","30v5",3.71730067757535,0.00443959498196934,"CLIP_Up","No","Not_labeled"
"Omg","30v5",-2.00057566551719,0.366156195800402,"NS","No","Not_labeled"
"Onecut2","30v5",0.645989584095199,0.699654720682279,"NS","No","Not_labeled"
"Opa1","30v5",-0.499352851767075,0.626892621047052,"NS","No","Not_labeled"
"Opcml","30v5",0.391966897698681,0.300213480253913,"NS","No","Not_labeled"
"Oplah","30v5",-4.74122402075516,0.0799361089533395,"NS","No","Not_labeled"
"Orai2","30v5",0.761750031348335,0.174873767154089,"NS","No","Not_labeled"
"Orc2","30v5",-1.55691578084799,0.50837741871787,"NS","No","Not_labeled"
"Orc3","30v5",-2.92308522348171,0.136500434935648,"NS","No","Not_labeled"
"Orc4","30v5",-0.437955323219308,0.791694283379758,"NS","No","Not_labeled"
"Osbp","30v5",-3.69454088810094,0.0716038268531486,"NS","No","Not_labeled"
"Osbp2","30v5",0.125720400026874,0.925165621688232,"NS","No","Not_labeled"
"Osbpl11","30v5",-1.09296376358824,0.518424390866111,"NS","No","Not_labeled"
"Osbpl6","30v5",0.794226849000104,0.360023718433797,"NS","No","Not_labeled"
"Osbpl8","30v5",0.561416389379112,0.168435084573767,"NS","No","Not_labeled"
"Osgin2","30v5",-6.16790957286379,0.00128006091480599,"CLIP_Down","No","Not_labeled"
"Ostm1","30v5",1.76489596679889,0.238371562089168,"NS","No","Not_labeled"
"Otub1","30v5",3.46564105558093,0.293951777159952,"NS","No","Not_labeled"
"Otub2","30v5",-3.01614217911117,0.299398677939499,"NS","No","Not_labeled"
"Otud1","30v5",-1.33917062685673,0.688388087911442,"NS","No","Not_labeled"
"Otud4","30v5",-3.37022032730628,0.15040420638448,"NS","No","Not_labeled"
"Otud6b","30v5",-1.26840476132923,0.450944441350419,"NS","No","Not_labeled"
"Otud7a","30v5",2.01757258550209,0.107374517172266,"NS","No","Not_labeled"
"Otud7b","30v5",-1.57453702992564,0.455525836164848,"NS","No","Not_labeled"
"Oxct1","30v5",0.465269131640195,0.293593729676372,"NS","No","Not_labeled"
"Oxnad1","30v5",-6.99497593908034,0.00364530065641707,"CLIP_Down","No","Not_labeled"
"Oxr1","30v5",0.680657363242277,0.426307977334145,"NS","No","Not_labeled"
"Oxsr1","30v5",-3.84794355188268,0.0514311379320546,"NS","No","Not_labeled"
"P4ha1","30v5",-0.0513378896064822,0.981138801845639,"NS","No","Not_labeled"
"Pabpc1","30v5",0.870815302825043,0.250195817594036,"NS","No","Not_labeled"
"Pacs1","30v5",-0.168332874642666,0.868323072654593,"NS","No","Not_labeled"
"Pacs2","30v5",-0.107389275354969,0.818900711149344,"NS","No","Not_labeled"
"Pacsin1","30v5",4.24431188167979,0.00141692664009183,"CLIP_Up","Yes","Increased"
"Pacsin2","30v5",1.20318371169198,0.555462376758704,"NS","No","Not_labeled"
"Pafah1b1","30v5",0.368202075079144,0.319741780718305,"NS","No","Not_labeled"
"Pafah1b2","30v5",2.69464579111291,0.109712020023954,"NS","No","Not_labeled"
"Pag1","30v5",2.03450733699845,0.0595698153088179,"NS","No","Not_labeled"
"Paics","30v5",-4.69477028113267,0.064261963786894,"NS","No","Not_labeled"
"Paip1","30v5",-3.49237919314285,0.0714098520376365,"NS","No","Not_labeled"
"Paip2","30v5",0.965112644263943,0.664240044508456,"NS","No","Not_labeled"
"Pak1","30v5",-0.504279909979575,0.439674633957801,"NS","No","Not_labeled"
"Pak2","30v5",1.60328738055001,0.276183542527408,"NS","No","Not_labeled"
"Pak4","30v5",0.489635955079979,0.510876114943676,"NS","No","Not_labeled"
"Pak5","30v5",-0.639056372626647,0.536867101232734,"NS","No","Not_labeled"
"Pak6","30v5",-3.13120331593073,0.0822023789796822,"NS","No","Not_labeled"
"Pakap","30v5",-1.43892269177266,0.207920475096209,"NS","No","Not_labeled"
"Palm","30v5",-1.09049910315266,0.51957589344943,"NS","No","Not_labeled"
"Pals1","30v5",-0.578513094442975,0.660441276521817,"NS","No","Not_labeled"
"Pals2","30v5",-2.8046049672599,0.154929600190744,"NS","No","Not_labeled"
"Pam","30v5",1.27106504200229,0.0683101170656111,"NS","No","Not_labeled"
"Pank2","30v5",-3.18851466270378,0.124612205672694,"NS","No","Not_labeled"
"Pank3","30v5",-1.06427253533245,0.042086621862115,"CLIP_Down","No","Not_labeled"
"Panx2","30v5",1.06833206845888,0.056616881679437,"NS","No","Not_labeled"
"Papola","30v5",-1.40614444482945,0.374399869175167,"NS","No","Not_labeled"
"Papss1","30v5",-1.96685468439455,0.129351874808317,"NS","No","Not_labeled"
"Papss2","30v5",-2.14772953778359,0.237225279128081,"NS","No","Not_labeled"
"Paqr4","30v5",-8.81147632178457,0.000555231418942922,"CLIP_Down","No","Not_labeled"
"Paqr8","30v5",-1.32420495836087,0.482523763422051,"NS","No","Not_labeled"
"Paqr9","30v5",0.903708248618354,0.115475940681501,"NS","No","Not_labeled"
"Pard3","30v5",0.758307964442775,0.491097328017101,"NS","No","Not_labeled"
"Parg","30v5",1.00997917493346,0.494242464355419,"NS","No","Not_labeled"
"Parp1","30v5",-3.4068230507157,0.0991456248846067,"NS","No","Not_labeled"
"Parp6","30v5",0.244125581869181,0.894804471925558,"NS","No","Not_labeled"
"Parp8","30v5",1.37080587987169,0.195786146324438,"NS","No","Not_labeled"
"Patz1","30v5",0.128487242868053,0.952625597076651,"NS","No","Not_labeled"
"Paxip1","30v5",0.894674000498594,0.194218334875843,"NS","No","Not_labeled"
"Pbrm1","30v5",-2.86664211964634,0.119280914957524,"NS","No","Not_labeled"
"Pbx1","30v5",0.0566142070312354,0.92828342837449,"NS","No","Not_labeled"
"Pbx2","30v5",-10.2491862121333,0.000453752562601732,"CLIP_Down","No","Not_labeled"
"Pcbp1","30v5",-3.82998368026301,0.135598506404006,"NS","No","Not_labeled"
"Pcbp2","30v5",1.12338981224797,0.632282090974417,"NS","No","Not_labeled"
"Pcbp4","30v5",3.32571941245756,0.218951854474189,"NS","No","Not_labeled"
"Pcdh1","30v5",1.40788230627063,0.000462873394514007,"CLIP_Up","No","Not_labeled"
"Pcdh10","30v5",-0.907351972046572,0.100365813147528,"NS","No","Not_labeled"
"Pcdh17","30v5",1.00546538691962,0.0703631841954013,"NS","No","Not_labeled"
"Pcdh19","30v5",0.91510733608906,0.105100463500072,"NS","No","Not_labeled"
"Pcdh20","30v5",1.23791162630329,0.152607575632009,"NS","No","Not_labeled"
"Pcdh7","30v5",0.693547289494635,0.287640691072999,"NS","No","Not_labeled"
"Pcdh8","30v5",-0.737583931436634,0.75121366053347,"NS","No","Not_labeled"
"Pcdh9","30v5",0.0355014203097797,0.957162513271212,"NS","No","Not_labeled"
"Pcdhac2","30v5",1.50749824872883,0.152581391700565,"NS","No","Not_labeled"
"Pcdhb16","30v5",-4.02485350419765,0.069529341646117,"NS","No","Not_labeled"
"Pcdhb17","30v5",-1.87855867230535,0.578186407712336,"NS","No","Not_labeled"
"Pcdhb19","30v5",-2.88363140370417,0.212518882991558,"NS","No","Not_labeled"
"Pcdhb20","30v5",-2.62102189316231,0.325403556733166,"NS","No","Not_labeled"
"Pcdhgc3","30v5",-1.79864640246251,0.25754279471088,"NS","No","Not_labeled"
"Pcf11","30v5",0.625308445091986,0.432870057278463,"NS","No","Not_labeled"
"Pcgf3","30v5",-1.7245094008477,0.271430846513658,"NS","No","Not_labeled"
"Pcif1","30v5",-0.0923622379303222,0.887728687900724,"NS","No","Not_labeled"
"Pclo","30v5",0.641006690919727,0.156595558416712,"NS","No","Not_labeled"
"Pcm1","30v5",-0.439905974181739,0.360018746056632,"NS","No","Not_labeled"
"Pcmt1","30v5",-0.616309254405992,0.730712322236037,"NS","No","Not_labeled"
"Pcmtd1","30v5",0.767043716258826,0.193399581878253,"NS","No","Not_labeled"
"Pcmtd2","30v5",-1.11104171499464,0.674517063522295,"NS","No","Not_labeled"
"Pcnp","30v5",-0.238513809512717,0.909906416835654,"NS","No","Not_labeled"
"Pcnt","30v5",-0.635677296335239,0.59935270837272,"NS","No","Not_labeled"
"Pcnx","30v5",0.65896476661506,0.0137907637671738,"CLIP_Up","No","Not_labeled"
"Pcnx2","30v5",0.561390329343447,0.146468883089547,"NS","No","Not_labeled"
"Pcnx3","30v5",0.974993452929203,0.128816209931433,"NS","No","Not_labeled"
"Pcsk2","30v5",1.78041747536459,0.0527099385074892,"NS","No","Not_labeled"
"Pcsk6","30v5",-1.13474320863193,0.371255058305399,"NS","No","Not_labeled"
"Pcx","30v5",-1.63376775797085,0.154463279397037,"NS","No","Not_labeled"
"Pcyt1a","30v5",-2.31964498073144,0.223493269810489,"NS","No","Not_labeled"
"Pcyt1b","30v5",-3.66642476646568,0.0191071918299423,"CLIP_Down","No","Not_labeled"
"Pdcd4","30v5",-6.12806527909524,0.0230405169177545,"CLIP_Down","No","Not_labeled"
"Pdcd6ip","30v5",-0.417875423725755,0.75548405816517,"NS","No","Not_labeled"
"Pde10a","30v5",1.44080449431731,0.00679787010016306,"CLIP_Up","No","Not_labeled"
"Pde12","30v5",-3.62707151753178,0.0645388248333082,"NS","No","Not_labeled"
"Pde1a","30v5",0.552366648473287,0.667589100791073,"NS","No","Not_labeled"
"Pde1b","30v5",-0.444701618707524,0.754015667987667,"NS","No","Not_labeled"
"Pde2a","30v5",1.20420466566388,0.0290525115951096,"CLIP_Up","No","Not_labeled"
"Pde3b","30v5",-1.23678404442765,0.282941934448552,"NS","No","Not_labeled"
"Pde4a","30v5",-0.63312894354061,0.195305762963671,"NS","No","Not_labeled"
"Pde4b","30v5",-0.617115689478955,0.184390901158776,"NS","No","Not_labeled"
"Pde4d","30v5",0.484589376161202,0.501472417624076,"NS","No","Not_labeled"
"Pde4dip","30v5",0.640518639513217,0.333309373074235,"NS","No","Not_labeled"
"Pde7a","30v5",-1.4352623330514,0.505362719661546,"NS","No","Not_labeled"
"Pde7b","30v5",0.220697832701601,0.763480276838662,"NS","No","Not_labeled"
"Pde8a","30v5",-2.43032234874207,0.136493352918543,"NS","No","Not_labeled"
"Pde8b","30v5",1.2621656387789,0.0365292522565067,"CLIP_Up","No","Not_labeled"
"Pdgfra","30v5",-4.15839628918655,0.0396308785444317,"CLIP_Down","No","Not_labeled"
"Pdha1","30v5",-1.37343512909472,0.452143957367237,"NS","No","Not_labeled"
"Pdhb","30v5",-3.39139371013854,0.222193652186919,"NS","No","Not_labeled"
"Pdia3","30v5",-3.52794484514996,0.126300802264698,"NS","No","Not_labeled"
"Pdk1","30v5",-2.81726386528798,0.140049999653413,"NS","No","Not_labeled"
"Pdlim5","30v5",-1.98788061589635,0.0514729526248021,"NS","No","Not_labeled"
"Pdp1","30v5",-0.481552603119383,0.859925206646648,"NS","No","Not_labeled"
"Pdpk1","30v5",0.600585772523179,0.357622173761443,"NS","No","Not_labeled"
"Pds5a","30v5",-0.95368876740684,0.162246036970341,"NS","No","Not_labeled"
"Pds5b","30v5",0.388164350951238,0.374021413460038,"NS","No","Not_labeled"
"Pdxdc1","30v5",-0.5277380153886,0.705197777738288,"NS","No","Not_labeled"
"Pdxk","30v5",0.368557295430344,0.873461300251876,"NS","No","Not_labeled"
"Pdzd2","30v5",-0.344821946886914,0.721657024449641,"NS","No","Not_labeled"
"Pdzd4","30v5",0.901995719403553,0.039569417853259,"CLIP_Up","No","Not_labeled"
"Pdzd8","30v5",-0.58371915967227,0.270556692794917,"NS","No","Not_labeled"
"Pdzrn3","30v5",-1.66655982683875,0.108185408483767,"NS","No","Not_labeled"
"Pea15a","30v5",-2.57970111125712,0.290048346460089,"NS","No","Not_labeled"
"Peak1","30v5",0.393991778455347,0.531500568656381,"NS","No","Not_labeled"
"Pef1","30v5",5.58066936929454,0.0312413669236419,"CLIP_Up","No","Not_labeled"
"Peg10","30v5",1.02705617663249,0.155536290748211,"NS","No","Not_labeled"
"Peg3","30v5",-0.0944108048419672,0.798793926785084,"NS","No","Not_labeled"
"Peli1","30v5",-2.06225024512793,0.232602250359592,"NS","No","Not_labeled"
"Peli2","30v5",-1.9953584376795,0.0661240485420339,"NS","No","Not_labeled"
"Per1","30v5",0.861949780891228,0.108395719907765,"NS","No","Not_labeled"
"Per2","30v5",-2.63486187418994,0.137249079083288,"NS","No","Not_labeled"
"Per3","30v5",-3.00732316056838,0.164111786664901,"NS","No","Not_labeled"
"Pex1","30v5",-4.07516216566502,0.0688172716172587,"NS","No","Not_labeled"
"Pex6","30v5",-0.580016027825091,0.780362278043285,"NS","No","Not_labeled"
"Pfas","30v5",-6.05462168422949,0.00253943535675782,"CLIP_Down","No","Not_labeled"
"Pfdn2","30v5",-1.36189521127463,0.633577216864376,"NS","No","Not_labeled"
"Pfkl","30v5",0.964654516309482,0.230931420726402,"NS","No","Not_labeled"
"Pfkm","30v5",0.648893897569049,0.660351347643181,"NS","No","Not_labeled"
"Pfkp","30v5",-0.698743318687763,0.629866628584734,"NS","No","Not_labeled"
"Pfn2","30v5",-0.402631614851897,0.860272226876563,"NS","No","Not_labeled"
"Pgam1","30v5",-2.14057930517036,0.251347278220615,"NS","No","Not_labeled"
"Pgam5","30v5",-2.36674896340968,0.393011568641266,"NS","No","Not_labeled"
"Pgap1","30v5",-1.27951710674642,0.324493424218724,"NS","No","Not_labeled"
"Pgap4","30v5",-4.0906058180199,0.056330341586149,"NS","No","Not_labeled"
"Pgbd5","30v5",-1.15262253163393,0.489281058617065,"NS","No","Not_labeled"
"Pgk1","30v5",2.37985356944205,0.241490200022702,"NS","No","Not_labeled"
"Pgm2l1","30v5",-1.59676329604408,0.405360721089347,"NS","No","Not_labeled"
"Pgrmc1","30v5",1.74748731158992,0.501093617395293,"NS","No","Not_labeled"
"Pgs1","30v5",6.1545195507197,0.012079557212288,"CLIP_Up","No","Not_labeled"
"Phactr1","30v5",1.32170627650694,0.0417932902881143,"CLIP_Up","No","Not_labeled"
"Phactr3","30v5",-0.557453476382667,0.673010060163486,"NS","No","Not_labeled"
"Phax","30v5",-0.351325373456738,0.871029818652288,"NS","No","Not_labeled"
"Phc2","30v5",0.00483723148488169,0.997779683061759,"NS","No","Not_labeled"
"Phc3","30v5",-0.398159188475412,0.552118733736187,"NS","No","Not_labeled"
"Phf10","30v5",-4.13476792111505,0.0983461146650588,"NS","No","Not_labeled"
"Phf12","30v5",-1.3433790201578,0.555931539628117,"NS","No","Not_labeled"
"Phf14","30v5",-1.44142607855633,0.270840851611489,"NS","No","Not_labeled"
"Phf2","30v5",0.180248399425276,0.637290661563304,"NS","No","Not_labeled"
"Phf20","30v5",0.562025003059407,0.548431370367324,"NS","No","Not_labeled"
"Phf20l1","30v5",-1.39770705076197,0.186036834718156,"NS","No","Not_labeled"
"Phf24","30v5",1.21569915845652,0.13315432327489,"NS","No","Not_labeled"
"Phf3","30v5",-1.60945021754749,0.363267364690419,"NS","No","Not_labeled"
"Phf6","30v5",-2.92923817769933,0.0308525443610617,"CLIP_Down","No","Not_labeled"
"Phip","30v5",0.357818547555724,0.42269810881133,"NS","No","Not_labeled"
"Phkb","30v5",-0.208316467462911,0.793056119819259,"NS","No","Not_labeled"
"Phlpp1","30v5",0.0955941872717667,0.828334489314921,"NS","No","Not_labeled"
"Phlpp2","30v5",-1.9810139579674,0.123127345898879,"NS","No","Not_labeled"
"Phrf1","30v5",-3.70088177401912,0.166323891030074,"NS","No","Not_labeled"
"Phyhip","30v5",-2.46671815076145,0.313225272320854,"NS","No","Not_labeled"
"Phyhipl","30v5",0.720747326595382,0.267111793057801,"NS","No","Not_labeled"
"Pi4k2a","30v5",0.0796813703257788,0.96911983338262,"NS","No","Not_labeled"
"Pi4ka","30v5",0.139646929802618,0.738112455442554,"NS","No","Not_labeled"
"Pi4kb","30v5",-0.446467631754052,0.761239948180424,"NS","No","Not_labeled"
"Pias1","30v5",-0.105694029150974,0.923797627760693,"NS","No","Not_labeled"
"Pias2","30v5",0.460389310283212,0.483294816218751,"NS","No","Not_labeled"
"Picalm","30v5",0.641429310432506,0.257152912619344,"NS","No","Not_labeled"
"Pigb","30v5",-1.15421555517975,0.637071694013249,"NS","No","Not_labeled"
"Pign","30v5",-1.07174321557474,0.392678449096425,"NS","No","Not_labeled"
"Pigq","30v5",0.594909636025353,0.759769029018746,"NS","No","Not_labeled"
"Pigt","30v5",-0.279185185268849,0.907782236942945,"NS","No","Not_labeled"
"Pik3c2a","30v5",-1.79011897427497,0.205717702063396,"NS","No","Not_labeled"
"Pik3c2b","30v5",-1.3165053776421,0.462512177864524,"NS","No","Not_labeled"
"Pik3ca","30v5",-0.11200648374983,0.868574217631072,"NS","No","Not_labeled"
"Pik3cb","30v5",0.126259266342286,0.813518687856014,"NS","No","Not_labeled"
"Pik3r1","30v5",-1.40078601321733,0.0915547346915749,"NS","No","Not_labeled"
"Pik3r2","30v5",1.62664028578967,0.540476774302156,"NS","No","Not_labeled"
"Pik3r3","30v5",-3.65084335832991,0.00831496072001247,"CLIP_Down","No","Not_labeled"
"Pik3r4","30v5",2.07494594064391,0.324848792017421,"NS","No","Not_labeled"
"Pikfyve","30v5",-1.38754617559947,0.409547045026282,"NS","No","Not_labeled"
"Pim2","30v5",-3.57646529985332,0.270444747947935,"NS","No","Not_labeled"
"Pink1","30v5",-0.170673287637787,0.821832684147816,"NS","No","Not_labeled"
"Pip4k2a","30v5",-0.386670333413179,0.695752755383305,"NS","No","Not_labeled"
"Pip4k2b","30v5",-0.644986394427909,0.664289561275018,"NS","No","Not_labeled"
"Pip4k2c","30v5",-2.4642307401073,0.248848858680163,"NS","No","Not_labeled"
"Pip5k1a","30v5",-2.9980279525427,0.0992067268749333,"NS","No","Not_labeled"
"Pip5k1b","30v5",0.546051206631196,0.47801491314607,"NS","No","Not_labeled"
"Pip5k1c","30v5",1.38755007796605,0.0258446781065636,"CLIP_Up","No","Not_labeled"
"Pitpna","30v5",1.29138025389011,0.180557133521428,"NS","No","Not_labeled"
"Pitpnc1","30v5",-2.11793376540347,0.078219310723717,"NS","No","Not_labeled"
"Pitpnm1","30v5",1.69064130047022,0.0420978110228984,"CLIP_Up","No","Not_labeled"
"Pitpnm2","30v5",1.1605066040098,0.0267135004503684,"CLIP_Up","No","Not_labeled"
"Pitpnm3","30v5",-2.24595239610206,0.198146517164328,"NS","No","Not_labeled"
"Pitrm1","30v5",0.510649263704203,0.790545578783348,"NS","No","Not_labeled"
"Pja1","30v5",-2.71698772999041,0.306098954604316,"NS","No","Not_labeled"
"Pja2","30v5",1.27332720729565,0.0228637618516156,"CLIP_Up","No","Not_labeled"
"Pkd1","30v5",-2.06750733619111,0.308622402754819,"NS","No","Not_labeled"
"Pkd2","30v5",-3.53306856818174,0.0673589358191273,"NS","No","Not_labeled"
"Pkia","30v5",0.508098655534777,0.62442109302397,"NS","No","Not_labeled"
"Pkm","30v5",-1.28688059022037,0.345574716646172,"NS","No","Not_labeled"
"Pkn1","30v5",-1.13476585082812,0.552320615874854,"NS","No","Not_labeled"
"Pkn2","30v5",1.1525928069303,0.40889747431244,"NS","No","Not_labeled"
"Pkp2","30v5",0.105118902551619,0.915661155333895,"NS","No","Not_labeled"
"Pkp4","30v5",1.13136792170361,0.469395100914914,"NS","No","Not_labeled"
"Pla2g7","30v5",-3.30538067689101,0.0206908464094608,"CLIP_Down","No","Not_labeled"
"Plaa","30v5",-3.82395240523628,0.0243189160394103,"CLIP_Down","No","Not_labeled"
"Plagl1","30v5",-4.78983337112071,0.0303748533002127,"CLIP_Down","No","Not_labeled"
"Plagl2","30v5",-6.31061443331849,0.00743856186580968,"CLIP_Down","No","Not_labeled"
"Plcb1","30v5",-0.296580768780884,0.509217353477231,"NS","No","Not_labeled"
"Plcb4","30v5",-0.163047137633078,0.895864179561301,"NS","No","Not_labeled"
"Plce1","30v5",-0.635567632811983,0.591617335854119,"NS","No","Not_labeled"
"Plcg1","30v5",1.06679936571842,0.547210369775519,"NS","No","Not_labeled"
"Plcl1","30v5",-1.72512048523108,0.0335528860838413,"CLIP_Down","No","Not_labeled"
"Plcl2","30v5",-0.435428674494549,0.678284245090599,"NS","No","Not_labeled"
"Plcxd2","30v5",-1.31320033340237,0.226129999633948,"NS","No","Not_labeled"
"Pld3","30v5",2.907927997191,0.143381690803399,"NS","No","Not_labeled"
"Plek","30v5",-1.43033763054213,0.32420359547813,"NS","No","Not_labeled"
"Plekha1","30v5",-2.13144667817448,0.366277567617717,"NS","No","Not_labeled"
"Plekha2","30v5",-3.76835281751052,0.0061980665122442,"CLIP_Down","No","Not_labeled"
"Plekha3","30v5",0.139289652997044,0.930679205441743,"NS","No","Not_labeled"
"Plekha5","30v5",0.380473704242013,0.75969945879217,"NS","No","Not_labeled"
"Plekha6","30v5",-1.01844444159665,0.547662791517342,"NS","No","Not_labeled"
"Plekhb2","30v5",-1.33530994025206,0.459327190669346,"NS","No","Not_labeled"
"Plekhg1","30v5",-1.19630352445765,0.212551138277093,"NS","No","Not_labeled"
"Plekhg5","30v5",0.0436967048331056,0.984138510304231,"NS","No","Not_labeled"
"Plekhh1","30v5",-1.88544716100116,0.224674796623744,"NS","No","Not_labeled"
"Plekhm1","30v5",-0.213049551164272,0.900293517462376,"NS","No","Not_labeled"
"Plekhm2","30v5",0.118983249867176,0.825987829278535,"NS","No","Not_labeled"
"Plekhm3","30v5",0.0837496140311069,0.917603176028715,"NS","No","Not_labeled"
"Plk2","30v5",1.14983365338959,0.0544781974683311,"NS","No","Not_labeled"
"Plk3","30v5",-2.96478662985246,0.191850980587158,"NS","No","Not_labeled"
"Plp1","30v5",0.523880427944933,0.209642085634799,"NS","No","Not_labeled"
"Plpp3","30v5",-1.55484754210299,0.215685726146923,"NS","No","Not_labeled"
"Plpp6","30v5",0.273997322923405,0.894811213333498,"NS","No","Not_labeled"
"Plpp7","30v5",-2.36164023849387,0.0730269062207236,"NS","No","Not_labeled"
"Plppr2","30v5",-2.08846409927463,0.354009702826223,"NS","No","Not_labeled"
"Plppr4","30v5",0.806945392907406,0.133802350911311,"NS","No","Not_labeled"
"Plppr5","30v5",0.00562565710280344,0.997456171825417,"NS","No","Not_labeled"
"Pls3","30v5",1.91458806049174,0.00526818201537351,"CLIP_Up","Yes","Increased"
"Plxdc2","30v5",-0.122927935288778,0.896270605449662,"NS","No","Not_labeled"
"Plxna1","30v5",0.952696189076403,0.0856047260797758,"NS","No","Not_labeled"
"Plxna2","30v5",1.04548613672644,0.0751578739418097,"NS","No","Not_labeled"
"Plxna4","30v5",1.04073271684165,0.0369653544310994,"CLIP_Up","No","Not_labeled"
"Plxnb1","30v5",-7.28721263935261,0.0016988479053519,"CLIP_Down","No","Not_labeled"
"Plxnb2","30v5",-3.46983259223483,0.126773501956291,"NS","No","Not_labeled"
"Plxnc1","30v5",-0.508464785638007,0.449680282235249,"NS","No","Not_labeled"
"Plxnd1","30v5",-2.60103098127987,0.174962497567746,"NS","No","Not_labeled"
"Pmepa1","30v5",-2.98572177567217,0.0600155205760711,"NS","No","Not_labeled"
"Pnisr","30v5",-1.80294273765209,0.304463004431408,"NS","No","Not_labeled"
"Pnkd","30v5",-2.79441214238583,0.0494699168495008,"CLIP_Down","No","Not_labeled"
"Pnma2","30v5",-4.79956142897205,0.0649979474111914,"NS","No","Not_labeled"
"Pnma8b","30v5",-3.13127908663808,0.173396732955005,"NS","No","Not_labeled"
"Pnn","30v5",1.39914645461411,0.641007390124115,"NS","No","Not_labeled"
"Pnpla6","30v5",-3.16933305013077,0.134084353753691,"NS","No","Not_labeled"
"Pnpla8","30v5",-1.28580848379303,0.055441318322304,"NS","No","Not_labeled"
"Pnrc1","30v5",1.50563495445485,0.00621472000941818,"CLIP_Up","No","Not_labeled"
"Pogk","30v5",-6.70442198373479,0.0220365783278057,"CLIP_Down","No","Not_labeled"
"Pogz","30v5",-3.63392391289184,0.143256145090181,"NS","No","Not_labeled"
"Poldip2","30v5",-1.26114198474826,0.603052326358123,"NS","No","Not_labeled"
"Poldip3","30v5",-1.73721171521324,0.310700810800615,"NS","No","Not_labeled"
"Polg","30v5",-1.84242522880536,0.379654590114874,"NS","No","Not_labeled"
"Polr1a","30v5",0.395956872432875,0.821656623547872,"NS","No","Not_labeled"
"Polr2a","30v5",0.302718132280314,0.676106372681907,"NS","No","Not_labeled"
"Polr2b","30v5",-2.87963687922281,0.0474225501918235,"CLIP_Down","No","Not_labeled"
"Polr2m","30v5",-3.79251890959447,0.112238912427389,"NS","No","Not_labeled"
"Polr3e","30v5",-1.08894322858251,0.583290353164854,"NS","No","Not_labeled"
"Polr3h","30v5",-0.390073485333754,0.449756693762745,"NS","No","Not_labeled"
"Pom121","30v5",-0.74128444036703,0.705260241548647,"NS","No","Not_labeled"
"Por","30v5",-1.26963793110082,0.546032611418921,"NS","No","Not_labeled"
"Pou2f1","30v5",-0.306538591638981,0.811306947877324,"NS","No","Not_labeled"
"Pou3f1","30v5",-0.108082773759545,0.86514445265439,"NS","No","Not_labeled"
"Pou3f3","30v5",0.48555454348744,0.236232844081465,"NS","No","Not_labeled"
"Pou6f1","30v5",-2.34566187208472,0.265809854760187,"NS","No","Not_labeled"
"Ppa2","30v5",-2.03512314045272,0.311482576414271,"NS","No","Not_labeled"
"Ppargc1a","30v5",-0.252836212824514,0.465727720840791,"NS","No","Not_labeled"
"Ppfia1","30v5",-2.91775935538667,0.14062500658932,"NS","No","Not_labeled"
"Ppfia2","30v5",-0.197824408596172,0.706560499508152,"NS","No","Not_labeled"
"Ppfia3","30v5",-0.214437276906166,0.910086573514324,"NS","No","Not_labeled"
"Ppfia4","30v5",-0.710691299274816,0.771563761369738,"NS","No","Not_labeled"
"Ppfibp1","30v5",-1.68327017910952,0.243799601037957,"NS","No","Not_labeled"
"Pphln1","30v5",-2.25149405486255,0.216333589260362,"NS","No","Not_labeled"
"Ppig","30v5",0.43402804005604,0.806127267885657,"NS","No","Not_labeled"
"Ppip5k1","30v5",-0.949377623474975,0.60408234705008,"NS","No","Not_labeled"
"Ppip5k2","30v5",1.42668788298096,0.443726120423347,"NS","No","Not_labeled"
"Ppm1a","30v5",-0.919692034102388,0.644604551599591,"NS","No","Not_labeled"
"Ppm1b","30v5",-1.31284829025021,0.252210979674384,"NS","No","Not_labeled"
"Ppm1e","30v5",1.13767877203848,0.0229135573006016,"CLIP_Up","No","Not_labeled"
"Ppm1h","30v5",0.559001067228054,0.590388512587577,"NS","No","Not_labeled"
"Ppm1k","30v5",-2.35743837196029,0.168161372242996,"NS","No","Not_labeled"
"Ppm1l","30v5",-0.350255011465449,0.753308789862906,"NS","No","Not_labeled"
"Ppp1ca","30v5",1.72761445200952,0.495244318878208,"NS","No","Not_labeled"
"Ppp1cb","30v5",0.810677712239691,0.281459883532722,"NS","No","Not_labeled"
"Ppp1cc","30v5",-0.845529499784203,0.595098965265757,"NS","No","Not_labeled"
"Ppp1r10","30v5",-3.71794666819307,0.0658431986363557,"NS","No","Not_labeled"
"Ppp1r12a","30v5",1.31667545389345,0.0442724613689667,"CLIP_Up","No","Not_labeled"
"Ppp1r12b","30v5",0.441803692962503,0.575310143490987,"NS","No","Not_labeled"
"Ppp1r12c","30v5",-1.25766199784626,0.638483939333855,"NS","No","Not_labeled"
"Ppp1r13b","30v5",1.48958207722826,0.0213516612925196,"CLIP_Up","No","Not_labeled"
"Ppp1r15a","30v5",-5.60563112957932,0.0916609659334918,"NS","No","Not_labeled"
"Ppp1r15b","30v5",-0.978277465075384,0.604573388836183,"NS","No","Not_labeled"
"Ppp1r16b","30v5",0.985487752266786,0.0787103427490566,"NS","No","Not_labeled"
"Ppp1r1a","30v5",-1.56895438385812,0.578579908296925,"NS","No","Not_labeled"
"Ppp1r2","30v5",-0.296779063881165,0.718291175811038,"NS","No","Not_labeled"
"Ppp1r21","30v5",-0.488363986983204,0.697842873542321,"NS","No","Not_labeled"
"Ppp1r26","30v5",-0.519465189050555,0.854972900282971,"NS","No","Not_labeled"
"Ppp1r37","30v5",-0.959990472456798,0.618112810610817,"NS","No","Not_labeled"
"Ppp1r3c","30v5",-5.12234995492383,0.115910281774588,"NS","No","Not_labeled"
"Ppp1r7","30v5",-1.04470133377079,0.552374986152244,"NS","No","Not_labeled"
"Ppp1r9a","30v5",0.127453532537161,0.792451092529528,"NS","No","Not_labeled"
"Ppp1r9b","30v5",1.4213959543875,0.0124455744017255,"CLIP_Up","No","Not_labeled"
"Ppp2ca","30v5",0.319845707134986,0.63972424358435,"NS","No","Not_labeled"
"Ppp2cb","30v5",-0.198544246869835,0.900586200068061,"NS","No","Not_labeled"
"Ppp2r1a","30v5",0.839120798872768,0.100662573467355,"NS","No","Not_labeled"
"Ppp2r2a","30v5",0.969799903501795,0.110822446083685,"NS","No","Not_labeled"
"Ppp2r2b","30v5",-0.385613342471962,0.725905205720356,"NS","No","Not_labeled"
"Ppp2r2c","30v5",1.03476961257229,0.0214775761933081,"CLIP_Up","No","Not_labeled"
"Ppp2r3a","30v5",-0.43934513947451,0.59274158151609,"NS","No","Not_labeled"
"Ppp2r5a","30v5",-2.08170710162551,0.095553166438997,"NS","No","Not_labeled"
"Ppp2r5c","30v5",-0.229481660575864,0.606190473748608,"NS","No","Not_labeled"
"Ppp2r5d","30v5",1.83960664391536,0.277042861887234,"NS","No","Not_labeled"
"Ppp2r5e","30v5",-0.4120945809592,0.660614701319139,"NS","No","Not_labeled"
"Ppp3ca","30v5",1.56734803991058,0.0155107285402689,"CLIP_Up","No","Not_labeled"
"Ppp3cb","30v5",1.63247819695792,0.000517318992582371,"CLIP_Up","Yes","Increased"
"Ppp3r1","30v5",1.89967439194862,0.0024740267933357,"CLIP_Up","Yes","Increased"
"Ppp4r2","30v5",-1.34174465148296,0.403686604595214,"NS","No","Not_labeled"
"Ppp4r3a","30v5",-0.269143797885056,0.729434412645077,"NS","No","Not_labeled"
"Ppp4r3b","30v5",-0.684079474901622,0.71141518250822,"NS","No","Not_labeled"
"Ppp4r4","30v5",0.0542805053193032,0.937153697787418,"NS","No","Not_labeled"
"Ppp5c","30v5",-2.81194133193367,0.243778804755602,"NS","No","Not_labeled"
"Ppp6c","30v5",-3.25641923804318,0.0471216089612067,"CLIP_Down","No","Not_labeled"
"Ppp6r1","30v5",0.823180555829883,0.100253907803406,"NS","No","Not_labeled"
"Ppp6r2","30v5",0.946133989966949,0.088571078418336,"NS","No","Not_labeled"
"Ppp6r3","30v5",-2.76834949529086,0.0391546478941436,"CLIP_Down","No","Not_labeled"
"Pprc1","30v5",-3.26468782659662,0.240048701127958,"NS","No","Not_labeled"
"Ppt1","30v5",-0.463669483248174,0.767501443078607,"NS","No","Not_labeled"
"Pptc7","30v5",1.34384574208967,0.484276212340651,"NS","No","Not_labeled"
"Prdm11","30v5",-1.57990173792751,0.26931304646537,"NS","No","Not_labeled"
"Prdm2","30v5",0.0174356278535792,0.981386024822012,"NS","No","Not_labeled"
"Prdm5","30v5",-2.49254185314292,0.104388466848455,"NS","No","Not_labeled"
"Prdm8","30v5",-1.10093843347125,0.663865873181902,"NS","No","Not_labeled"
"Prep","30v5",2.59339364721576,0.115267592353325,"NS","No","Not_labeled"
"Prepl","30v5",0.93193098132538,0.140963310919032,"NS","No","Not_labeled"
"Prex1","30v5",-0.889369507015871,0.495284141327402,"NS","No","Not_labeled"
"Prex2","30v5",-1.18068647739365,0.15547248495632,"NS","No","Not_labeled"
"Prickle1","30v5",-1.25408464867274,0.418112208708099,"NS","No","Not_labeled"
"Prickle2","30v5",0.55512131632126,0.319723223806852,"NS","No","Not_labeled"
"Prkaa1","30v5",-0.565276670752504,0.643817871185594,"NS","No","Not_labeled"
"Prkaa2","30v5",-2.43021192842371,0.0284795425934136,"CLIP_Down","No","Not_labeled"
"Prkab2","30v5",-3.50692076125137,0.0121405446865583,"CLIP_Down","No","Not_labeled"
"Prkaca","30v5",2.69535396335416,0.0993913559643805,"NS","No","Not_labeled"
"Prkacb","30v5",1.44608717491624,0.00936806503438234,"CLIP_Up","No","Not_labeled"
"Prkag2","30v5",-1.15853312592652,0.503878619023722,"NS","No","Not_labeled"
"Prkar1a","30v5",0.781294755800805,0.180726164889137,"NS","No","Not_labeled"
"Prkar1b","30v5",1.26510637095153,0.313357444644062,"NS","No","Not_labeled"
"Prkar2a","30v5",-0.81562845405815,0.63510075976498,"NS","No","Not_labeled"
"Prkar2b","30v5",-1.75588152194605,0.317311086001938,"NS","No","Not_labeled"
"Prkca","30v5",1.17320456535434,0.0032994018724056,"CLIP_Up","Yes","Increased"
"Prkcb","30v5",1.28202232574862,0.0192043805710612,"CLIP_Up","No","Not_labeled"
"Prkce","30v5",0.934284697991943,0.046513436431687,"CLIP_Up","No","Not_labeled"
"Prkcg","30v5",1.31497094863652,0.0857760677032599,"NS","No","Not_labeled"
"Prkci","30v5",-0.839476249806381,0.667983687662157,"NS","No","Not_labeled"
"Prkcz","30v5",0.491718769299039,0.151145986368277,"NS","No","Not_labeled"
"Prkd3","30v5",1.38526066967079,0.506687095294027,"NS","No","Not_labeled"
"Prkdc","30v5",-1.94681088259724,0.0775654722932851,"NS","No","Not_labeled"
"Prlr","30v5",-1.46078751955271,0.366034980729548,"NS","No","Not_labeled"
"Prmt7","30v5",-0.569754415930968,0.627889858037701,"NS","No","Not_labeled"
"Prmt9","30v5",-3.22834266526551,0.147177431668898,"NS","No","Not_labeled"
"Prnp","30v5",1.86669267935651,0.00345460330989981,"CLIP_Up","Yes","Increased"
"Prox1","30v5",0.617159077934074,0.234353893131596,"NS","No","Not_labeled"
"Prpf19","30v5",-2.19116119285253,0.35688821533282,"NS","No","Not_labeled"
"Prpf39","30v5",-2.2249642363296,0.302451822044464,"NS","No","Not_labeled"
"Prpf40a","30v5",-1.43145317586876,0.0611381098580824,"NS","No","Not_labeled"
"Prpf4b","30v5",-3.93423634881604,0.015580521599033,"CLIP_Down","Yes","Decreased"
"Prpf6","30v5",-1.33416921332315,0.420043229677396,"NS","No","Not_labeled"
"Prpf8","30v5",0.605889482035931,0.0545645901555424,"NS","No","Not_labeled"
"Prr12","30v5",0.963046969661775,0.682025056875567,"NS","No","Not_labeled"
"Prr14l","30v5",1.26435173727219,0.0235224283089567,"CLIP_Up","No","Not_labeled"
"Prr18","30v5",-2.72144176669827,0.477396873254156,"NS","No","Not_labeled"
"Prrc2a","30v5",0.757535745529082,0.0844249229082521,"NS","No","Not_labeled"
"Prrc2b","30v5",0.910880225436474,0.00599482084724229,"CLIP_Up","No","Not_labeled"
"Prrc2c","30v5",0.415707968807983,0.366666955861503,"NS","No","Not_labeled"
"Prrt2","30v5",-1.26828986238804,0.577086860110858,"NS","No","Not_labeled"
"Prune2","30v5",-0.663981704423925,0.527061028793863,"NS","No","Not_labeled"
"Prxl2a","30v5",2.16828445526361,0.415460102722882,"NS","No","Not_labeled"
"Psat1","30v5",-4.90644453621786,0.0254729499089555,"CLIP_Down","No","Not_labeled"
"Psd","30v5",-1.14325692740202,0.600507343143476,"NS","No","Not_labeled"
"Psd3","30v5",0.37128071653882,0.433260961221412,"NS","No","Not_labeled"
"Psen1","30v5",0.0757659884208584,0.959594169234372,"NS","No","Not_labeled"
"Psip1","30v5",-1.64803509932597,0.323126636840767,"NS","No","Not_labeled"
"Psma6","30v5",-4.52529103460953,0.0946878132832011,"NS","No","Not_labeled"
"Psmb7","30v5",0.886235371390239,0.628286370854274,"NS","No","Not_labeled"
"Psmc1","30v5",0.348004112660965,0.889828843999525,"NS","No","Not_labeled"
"Psmd1","30v5",-0.223889067445204,0.699695103396681,"NS","No","Not_labeled"
"Psmd12","30v5",-0.50869851901714,0.823866482553947,"NS","No","Not_labeled"
"Psmd2","30v5",0.673089997227989,0.289896900692476,"NS","No","Not_labeled"
"Psmd3","30v5",1.52558343736796,0.521738341060383,"NS","No","Not_labeled"
"Psmd8","30v5",-1.56749339403993,0.415044716821882,"NS","No","Not_labeled"
"Psme3","30v5",-5.20176395314506,0.0406557609474881,"CLIP_Down","No","Not_labeled"
"Psme4","30v5",-3.17439719307388,0.0147835708904388,"CLIP_Down","No","Not_labeled"
"Ptbp2","30v5",0.743854243367492,0.247957802383193,"NS","No","Not_labeled"
"Ptbp3","30v5",-0.052442057065877,0.975991128027245,"NS","No","Not_labeled"
"Ptch1","30v5",1.21927323388038,0.195781504608566,"NS","No","Not_labeled"
"Pten","30v5",0.45696600987084,0.329135879301133,"NS","No","Not_labeled"
"Ptges3","30v5",-1.24829714957851,0.539472832809444,"NS","No","Not_labeled"
"Ptgs2","30v5",-6.44539284200649,0.0440637354792188,"CLIP_Down","No","Not_labeled"
"Ptk2","30v5",-0.0383077047785614,0.941726155416859,"NS","No","Not_labeled"
"Ptk2b","30v5",1.22386405651449,0.0319921205469386,"CLIP_Up","No","Not_labeled"
"Ptma","30v5",0.681328301223911,0.393037418015815,"NS","No","Not_labeled"
"Ptms","30v5",-2.16123353577914,0.336510259695979,"NS","No","Not_labeled"
"Ptov1","30v5",-1.75422249325273,0.408899002228269,"NS","No","Not_labeled"
"Ptp4a1","30v5",-2.05133378120716,0.35520793216933,"NS","No","Not_labeled"
"Ptp4a2","30v5",-3.27844078978979,0.0979131135535249,"NS","No","Not_labeled"
"Ptpa","30v5",-1.90437553473112,0.413903317809118,"NS","No","Not_labeled"
"Ptpn1","30v5",-1.04015205788153,0.51262542205343,"NS","No","Not_labeled"
"Ptpn11","30v5",-1.69013837189165,0.305851665266641,"NS","No","Not_labeled"
"Ptpn12","30v5",1.87683100506022,0.264330067873595,"NS","No","Not_labeled"
"Ptpn13","30v5",-1.92259702129268,0.0664091161020692,"NS","No","Not_labeled"
"Ptpn3","30v5",0.691573004232743,0.570677162164324,"NS","No","Not_labeled"
"Ptpn4","30v5",-0.579938757534675,0.286569851854277,"NS","No","Not_labeled"
"Ptpn5","30v5",0.367829288131467,0.850015699681749,"NS","No","Not_labeled"
"Ptpra","30v5",0.49960069550168,0.404813514712454,"NS","No","Not_labeled"
"Ptprd","30v5",-1.04383106428753,0.025930057714575,"CLIP_Down","No","Not_labeled"
"Ptprf","30v5",-1.5842655661983,0.435348645268641,"NS","No","Not_labeled"
"Ptprj","30v5",0.954773308716252,0.0934371120889849,"NS","No","Not_labeled"
"Ptprm","30v5",0.0413474339042141,0.95050903208881,"NS","No","Not_labeled"
"Ptprn","30v5",0.836727544676791,0.179091592700987,"NS","No","Not_labeled"
"Ptprn2","30v5",1.22648415197201,0.0500392423552519,"NS","No","Not_labeled"
"Ptpro","30v5",-0.35316173681041,0.794204824941281,"NS","No","Not_labeled"
"Ptprs","30v5",1.14920772844595,0.0364104460910693,"CLIP_Up","No","Not_labeled"
"Ptprt","30v5",-0.983733680996791,0.236701923973434,"NS","No","Not_labeled"
"Ptpru","30v5",-0.555184235749152,0.688635791721292,"NS","No","Not_labeled"
"Ptprz1","30v5",-0.769476906456707,0.244119922399729,"NS","No","Not_labeled"
"Pum1","30v5",-0.199935952213553,0.749634171566141,"NS","No","Not_labeled"
"Pum2","30v5",-0.791777546289261,0.669518172627867,"NS","No","Not_labeled"
"Pura","30v5",0.486958269463542,0.380440795251395,"NS","No","Not_labeled"
"Purb","30v5",0.0816154757183067,0.850726201708624,"NS","No","Not_labeled"
"Purg","30v5",-0.443640599969869,0.821609735572157,"NS","No","Not_labeled"
"Pwwp2a","30v5",-1.04485054412008,0.563912351303763,"NS","No","Not_labeled"
"Pxdn","30v5",0.869429292231068,0.519868622699723,"NS","No","Not_labeled"
"Pxk","30v5",1.02347585633059,0.506840871984655,"NS","No","Not_labeled"
"Pygb","30v5",-1.1677251081461,0.408149448517304,"NS","No","Not_labeled"
"Pygo1","30v5",-1.71986836445249,0.303185110270604,"NS","No","Not_labeled"
"Qki","30v5",-0.69472131215655,0.162169641850779,"NS","No","Not_labeled"
"Qrich1","30v5",0.627434095870496,0.463515599610803,"NS","No","Not_labeled"
"Qser1","30v5",-3.27464554714789,0.015048415869114,"CLIP_Down","No","Not_labeled"
"R3hdm1","30v5",0.986200599881371,0.192251649681839,"NS","No","Not_labeled"
"R3hdm2","30v5",-1.57764685423324,0.42661399612845,"NS","No","Not_labeled"
"R3hdm4","30v5",-4.58227920281741,0.11214695913914,"NS","No","Not_labeled"
"Rab10","30v5",-0.500549529581237,0.710490186955306,"NS","No","Not_labeled"
"Rab11a","30v5",0.899513575225455,0.648846545370276,"NS","No","Not_labeled"
"Rab11b","30v5",-0.850935050984462,0.592822141324404,"NS","No","Not_labeled"
"Rab11fip2","30v5",0.535362664337489,0.275349234436073,"NS","No","Not_labeled"
"Rab11fip3","30v5",1.10135822628102,0.0602767489253377,"NS","No","Not_labeled"
"Rab11fip4","30v5",-1.71996085578942,0.139723068229113,"NS","No","Not_labeled"
"Rab12","30v5",-1.91085095312814,0.250301689867955,"NS","No","Not_labeled"
"Rab14","30v5",0.946727570136193,0.11654944711369,"NS","No","Not_labeled"
"Rab15","30v5",0.608789930670953,0.697490967269692,"NS","No","Not_labeled"
"Rab18","30v5",-0.761564099677474,0.67771897129177,"NS","No","Not_labeled"
"Rab1a","30v5",-3.87430269293523,0.103588817475684,"NS","No","Not_labeled"
"Rab21","30v5",0.280215726089359,0.835846901813039,"NS","No","Not_labeled"
"Rab22a","30v5",1.44644852178763,0.0664945196746754,"NS","No","Not_labeled"
"Rab27b","30v5",-1.25568469458142,0.366659552761412,"NS","No","Not_labeled"
"Rab2a","30v5",-0.0533316229515033,0.969305329488082,"NS","No","Not_labeled"
"Rab30","30v5",-2.94458475856928,0.0496540424136225,"CLIP_Down","No","Not_labeled"
"Rab39b","30v5",-4.76710770969136,0.00176385912185441,"CLIP_Down","No","Not_labeled"
"Rab3a","30v5",-3.61797801572121,0.173554240726423,"NS","No","Not_labeled"
"Rab3c","30v5",-0.287453519312142,0.707148737922711,"NS","No","Not_labeled"
"Rab3gap1","30v5",1.5051832681355,0.0438940363548446,"CLIP_Up","No","Not_labeled"
"Rab3gap2","30v5",0.931346149357659,0.0415268213420214,"CLIP_Up","No","Not_labeled"
"Rab43","30v5",-2.54769724247581,0.270626930886065,"NS","No","Not_labeled"
"Rab5a","30v5",-3.75346978013651,0.00588422609424628,"CLIP_Down","No","Not_labeled"
"Rab5c","30v5",1.38059829817437,0.437296543600445,"NS","No","Not_labeled"
"Rab6a","30v5",0.370372363808572,0.473928527106024,"NS","No","Not_labeled"
"Rab6b","30v5",0.653889848360851,0.220593372790518,"NS","No","Not_labeled"
"Rab7","30v5",-1.04463882683682,0.633485489457235,"NS","No","Not_labeled"
"Rab8b","30v5",1.55533421933155,0.168959827851391,"NS","No","Not_labeled"
"Rabep1","30v5",-1.92260265493746,0.2272113800478,"NS","No","Not_labeled"
"Rabgap1","30v5",0.465016415849352,0.547034055521527,"NS","No","Not_labeled"
"Rabgap1l","30v5",0.0797290238745372,0.889163898949584,"NS","No","Not_labeled"
"Rabgef1","30v5",1.08696246078851,0.586627885122343,"NS","No","Not_labeled"
"Rabl6","30v5",-2.17687362691477,0.279519547374744,"NS","No","Not_labeled"
"Rac1","30v5",-0.114144803423587,0.946773406509838,"NS","No","Not_labeled"
"Rack1","30v5",-0.579472938755315,0.831036700417204,"NS","No","Not_labeled"
"Rad17","30v5",-2.74093036690772,0.26888570366094,"NS","No","Not_labeled"
"Rad21","30v5",-1.59475493548368,0.353917097328193,"NS","No","Not_labeled"
"Rad23a","30v5",-6.34114005917713,0.0283848516828422,"CLIP_Down","No","Not_labeled"
"Rad23b","30v5",-1.26476171386844,0.543160172793768,"NS","No","Not_labeled"
"Rad50","30v5",3.24036621730152,0.128443220105947,"NS","No","Not_labeled"
"Raf1","30v5",-2.76637838263545,0.138853442040537,"NS","No","Not_labeled"
"Rai1","30v5",0.911913225167945,0.0194702147331184,"CLIP_Up","No","Not_labeled"
"Rala","30v5",-1.20794328086629,0.428005681799519,"NS","No","Not_labeled"
"Ralbp1","30v5",-0.727749439341612,0.743354247546334,"NS","No","Not_labeled"
"Ralgapa1","30v5",0.582149008262016,0.147687032064808,"NS","No","Not_labeled"
"Ralgapa2","30v5",1.37942690756625,0.285937522187314,"NS","No","Not_labeled"
"Ralgapb","30v5",0.311115648877574,0.530542825915755,"NS","No","Not_labeled"
"Ralgds","30v5",-0.546825010334453,0.316801496181989,"NS","No","Not_labeled"
"Ralgps1","30v5",-1.33267030300074,0.35826971502732,"NS","No","Not_labeled"
"Ralgps2","30v5",0.114562453817712,0.933390897964997,"NS","No","Not_labeled"
"Ramac","30v5",3.84852322578425,0.230133819210222,"NS","No","Not_labeled"
"Ran","30v5",-4.67498524083354,0.171173190393589,"NS","No","Not_labeled"
"Ranbp2","30v5",0.0429811931178392,0.928608172150866,"NS","No","Not_labeled"
"Ranbp6","30v5",-0.106663159632411,0.955192058528109,"NS","No","Not_labeled"
"Ranbp9","30v5",0.0712174062940186,0.959453453594069,"NS","No","Not_labeled"
"Rangap1","30v5",-4.97973084226405,0.0194363948648536,"CLIP_Down","Yes","Decreased"
"Rap1a","30v5",1.33052727485827,0.214896702375991,"NS","No","Not_labeled"
"Rap1b","30v5",-3.43110236978614,0.137566884178338,"NS","No","Not_labeled"
"Rap1gap","30v5",-0.525825489949059,0.846475848516271,"NS","No","Not_labeled"
"Rap1gap2","30v5",0.207002555046685,0.668015978035038,"NS","No","Not_labeled"
"Rap1gds1","30v5",-0.431529331707666,0.748433008101039,"NS","No","Not_labeled"
"Rap2a","30v5",-3.51654339365223,0.118413729683924,"NS","No","Not_labeled"
"Rap2b","30v5",-0.919847586894308,0.739164303876049,"NS","No","Not_labeled"
"Rap2c","30v5",-1.67126950340924,0.338203099330922,"NS","No","Not_labeled"
"Rapgef1","30v5",0.82143140507425,0.295285705848197,"NS","No","Not_labeled"
"Rapgef2","30v5",0.708077115899322,0.074748873066148,"NS","No","Not_labeled"
"Rapgef4","30v5",0.752188166132315,0.123880861354935,"NS","No","Not_labeled"
"Rapgef5","30v5",1.23055369026822,0.018233984568165,"CLIP_Up","No","Not_labeled"
"Rapgef6","30v5",0.763753046441646,0.483120296769106,"NS","No","Not_labeled"
"Rapgefl1","30v5",-0.843951627127004,0.67859651647409,"NS","No","Not_labeled"
"Raph1","30v5",-0.295018373331851,0.821842604827186,"NS","No","Not_labeled"
"Rasa1","30v5",0.507588275126937,0.189468329739356,"NS","No","Not_labeled"
"Rasa2","30v5",-0.674127539240987,0.545639393727246,"NS","No","Not_labeled"
"Rasa3","30v5",-2.66686257862659,0.0294401354175976,"CLIP_Down","No","Not_labeled"
"Rasal1","30v5",1.5796086720372,0.425444567243651,"NS","No","Not_labeled"
"Rasal2","30v5",0.983977009829701,0.0430934149341054,"CLIP_Up","No","Not_labeled"
"Rasd1","30v5",0.434064899864848,0.866296071964588,"NS","No","Not_labeled"
"Rasd2","30v5",-0.991459520623428,0.681703944769687,"NS","No","Not_labeled"
"Rasgef1a","30v5",1.0627303952255,0.0256932080955636,"CLIP_Up","No","Not_labeled"
"Rasgrf1","30v5",1.20431277066834,0.0170499969725205,"CLIP_Up","No","Not_labeled"
"Rasgrf2","30v5",1.30738720518802,0.0917879376038569,"NS","No","Not_labeled"
"Rasgrp1","30v5",1.01437750184457,0.0278687139048013,"CLIP_Up","No","Not_labeled"
"Rasl10b","30v5",1.36202433608904,0.0219463015807804,"CLIP_Up","No","Not_labeled"
"Rassf2","30v5",-3.08236630445411,0.181472242157419,"NS","No","Not_labeled"
"Rassf3","30v5",-1.80274268161943,0.192629007408515,"NS","No","Not_labeled"
"Rassf8","30v5",-4.52292084266286,0.0104023727709174,"CLIP_Down","No","Not_labeled"
"Raver1","30v5",-3.81447200787066,0.110285216006655,"NS","No","Not_labeled"
"Raver2","30v5",0.9745620218828,0.333393580112046,"NS","No","Not_labeled"
"Rb1","30v5",-0.872626151477817,0.458854086657535,"NS","No","Not_labeled"
"Rb1cc1","30v5",0.390684139957976,0.546644767924468,"NS","No","Not_labeled"
"Rbbp5","30v5",2.69681155334309,0.245555036168888,"NS","No","Not_labeled"
"Rbbp6","30v5",0.29877084831989,0.517272431222589,"NS","No","Not_labeled"
"Rbbp7","30v5",-3.36545292817291,0.144618082489134,"NS","No","Not_labeled"
"Rbck1","30v5",-5.08793889569036,0.0162496343060908,"CLIP_Down","No","Not_labeled"
"Rbfox1","30v5",0.533761882821104,0.277149137781328,"NS","No","Not_labeled"
"Rbfox2","30v5",1.95299693815198,0.000670719470859093,"CLIP_Up","No","Not_labeled"
"Rbfox3","30v5",0.618886450839573,0.40439189152446,"NS","No","Not_labeled"
"Rbl2","30v5",-0.716706141551238,0.323225731709435,"NS","No","Not_labeled"
"Rbm10","30v5",1.16319696742326,0.61249468136583,"NS","No","Not_labeled"
"Rbm12","30v5",-0.962428843029736,0.712602456741629,"NS","No","Not_labeled"
"Rbm12b1","30v5",-4.67921508001433,0.17778432777238,"NS","No","Not_labeled"
"Rbm12b2","30v5",-6.53737815672781,0.0556520357584442,"NS","No","Not_labeled"
"Rbm15b","30v5",-0.628422981989901,0.78354893434415,"NS","No","Not_labeled"
"Rbm25","30v5",-3.48858386846511,0.0611182843742554,"NS","No","Not_labeled"
"Rbm26","30v5",-3.12063832052332,0.0736026341533942,"NS","No","Not_labeled"
"Rbm27","30v5",0.684936612316225,0.440046832566963,"NS","No","Not_labeled"
"Rbm33","30v5",-0.948407076541813,0.443703679411547,"NS","No","Not_labeled"
"Rbm39","30v5",-2.16614337405412,0.371007117525465,"NS","No","Not_labeled"
"Rbm6","30v5",-1.23136911374995,0.491840181875403,"NS","No","Not_labeled"
"Rbms1","30v5",0.00265112631953812,0.998345883797789,"NS","No","Not_labeled"
"Rbms2","30v5",-3.23318859637802,0.0551618224868132,"NS","No","Not_labeled"
"Rbmx","30v5",-1.12062968400603,0.706137062790909,"NS","No","Not_labeled"
"Rbpj","30v5",-0.18143217182465,0.89507256589467,"NS","No","Not_labeled"
"Rbsn","30v5",-2.35677757446502,0.182336938487619,"NS","No","Not_labeled"
"Rc3h1","30v5",-0.239570140805065,0.4719899403898,"NS","No","Not_labeled"
"Rc3h2","30v5",-0.328587147139913,0.525132479379668,"NS","No","Not_labeled"
"Rcan1","30v5",-0.731252306191212,0.70094911789453,"NS","No","Not_labeled"
"Rcan2","30v5",-2.18510067607016,0.057769356667761,"NS","No","Not_labeled"
"Rcc2","30v5",0.176752789142948,0.913617431521795,"NS","No","Not_labeled"
"Rcn2","30v5",-1.22542028558433,0.612193317756276,"NS","No","Not_labeled"
"Rdx","30v5",-3.44243332934935,0.0439201123832969,"CLIP_Down","No","Not_labeled"
"Reep1","30v5",-0.075086545464952,0.952972121847111,"NS","No","Not_labeled"
"Reep5","30v5",0.434287407137447,0.788717946806375,"NS","No","Not_labeled"
"Rel","30v5",-4.44915193715959,0.0132422397150981,"CLIP_Down","No","Not_labeled"
"Relch","30v5",-1.62826782525476,0.449798772220224,"NS","No","Not_labeled"
"Reln","30v5",-0.249785744676688,0.807497309782978,"NS","No","Not_labeled"
"Repin1","30v5",-3.1879922435964,0.426525695297377,"NS","No","Not_labeled"
"Reps2","30v5",0.920453626126839,0.0506701037500528,"NS","No","Not_labeled"
"Rere","30v5",-0.269909775584164,0.662719519670701,"NS","No","Not_labeled"
"Rest","30v5",-4.16985277961474,0.0872488015960564,"NS","No","Not_labeled"
"Retreg1","30v5",-2.23157331314926,0.0876342301311312,"NS","No","Not_labeled"
"Retreg2","30v5",-8.40906244165381,0.0128353850293671,"CLIP_Down","No","Not_labeled"
"Retreg3","30v5",-2.86950462425164,0.0211910951196644,"CLIP_Down","No","Not_labeled"
"Rev1","30v5",-0.947548547387924,0.650724938356164,"NS","No","Not_labeled"
"Rev3l","30v5",-1.47468706114843,0.355922324648488,"NS","No","Not_labeled"
"Rexo1","30v5",-2.41166039464575,0.26929967219686,"NS","No","Not_labeled"
"Rfc5","30v5",-1.4628882653599,0.456665248665325,"NS","No","Not_labeled"
"Rfk","30v5",-3.50609814840066,0.227482587639812,"NS","No","Not_labeled"
"Rfwd3","30v5",-2.53483062168747,0.0891258537741443,"NS","No","Not_labeled"
"Rfx3","30v5",0.2286371306581,0.768380867652298,"NS","No","Not_labeled"
"Rfx7","30v5",0.516897309125616,0.419594873338583,"NS","No","Not_labeled"
"Rgl1","30v5",-1.50179095688825,0.15022168978502,"NS","No","Not_labeled"
"Rgma","30v5",-0.30244221333517,0.898304174642073,"NS","No","Not_labeled"
"Rgmb","30v5",-1.21171310009401,0.545704803487876,"NS","No","Not_labeled"
"Rgs14","30v5",1.60553450987571,0.450288711054599,"NS","No","Not_labeled"
"Rgs17","30v5",-3.37982599119801,0.0592724742992965,"NS","No","Not_labeled"
"Rgs4","30v5",0.0129482823364482,0.996571937271532,"NS","No","Not_labeled"
"Rgs5","30v5",-1.62875939630621,0.339474587772366,"NS","No","Not_labeled"
"Rgs7","30v5",-0.652734327718634,0.547406803796586,"NS","No","Not_labeled"
"Rgs7bp","30v5",0.88464289101956,0.236304542434174,"NS","No","Not_labeled"
"Rgs8","30v5",0.70140696789095,0.687961371308399,"NS","No","Not_labeled"
"Rhbdd2","30v5",1.62469864460204,0.538563242072099,"NS","No","Not_labeled"
"Rhoa","30v5",0.758537529078362,0.609296969358099,"NS","No","Not_labeled"
"Rhob","30v5",0.195217261269796,0.774420051909348,"NS","No","Not_labeled"
"Rhobtb2","30v5",-2.44780860196903,0.0873292663982124,"NS","No","Not_labeled"
"Rhobtb3","30v5",-0.681035421925267,0.485698666785165,"NS","No","Not_labeled"
"Rhof","30v5",3.16476099616476,0.249133284284277,"NS","No","Not_labeled"
"Rhoq","30v5",-2.62104134228576,0.169264165103156,"NS","No","Not_labeled"
"Rhou","30v5",-4.27914135518948,0.075016717076921,"NS","No","Not_labeled"
"Ric1","30v5",-2.46078852414397,0.160149647314764,"NS","No","Not_labeled"
"Ric3","30v5",-0.749011547887436,0.608586165721476,"NS","No","Not_labeled"
"Ric8b","30v5",-0.510844298155351,0.791501571625186,"NS","No","Not_labeled"
"Rictor","30v5",-0.1390469591015,0.803507040326887,"NS","No","Not_labeled"
"Rif1","30v5",-3.75971526923459,0.130036242834644,"NS","No","Not_labeled"
"Rimbp2","30v5",-0.524532286605247,0.544393989521362,"NS","No","Not_labeled"
"Rimoc1","30v5",-4.75937894029723,0.0546834826575963,"NS","No","Not_labeled"
"Rims1","30v5",-0.389936341762099,0.600265292898656,"NS","No","Not_labeled"
"Rims2","30v5",0.375788345792145,0.251570313533353,"NS","No","Not_labeled"
"Rin1","30v5",-0.551360688211055,0.771666769700415,"NS","No","Not_labeled"
"Rin2","30v5",-2.09527537282789,0.347206188574098,"NS","No","Not_labeled"
"Rint1","30v5",-1.1898099916731,0.632506886710271,"NS","No","Not_labeled"
"Ripor1","30v5",0.182941566886511,0.909100391254959,"NS","No","Not_labeled"
"Ripor2","30v5",-1.54190375951196,0.154887929529515,"NS","No","Not_labeled"
"Rlf","30v5",-0.189087016373172,0.62101619907272,"NS","No","Not_labeled"
"Rlim","30v5",-2.93413339477547,0.178180214957018,"NS","No","Not_labeled"
"Rmnd5a","30v5",-0.221479345018447,0.682166981878956,"NS","No","Not_labeled"
"Rnf10","30v5",-0.190484432876695,0.924111972777815,"NS","No","Not_labeled"
"Rnf103","30v5",-0.728978315252995,0.666160623703154,"NS","No","Not_labeled"
"Rnf11","30v5",0.935846812235087,0.201685515957819,"NS","No","Not_labeled"
"Rnf111","30v5",-2.43560118964663,0.070488919457161,"NS","No","Not_labeled"
"Rnf112","30v5",-1.07681127050292,0.769531478008292,"NS","No","Not_labeled"
"Rnf114","30v5",-3.1703845676338,0.171775238382483,"NS","No","Not_labeled"
"Rnf115","30v5",-1.17912014694727,0.283212491797108,"NS","No","Not_labeled"
"Rnf13","30v5",0.576324246581987,0.543577750813939,"NS","No","Not_labeled"
"Rnf139","30v5",-2.96245277619213,0.177388988099004,"NS","No","Not_labeled"
"Rnf14","30v5",0.744401881273118,0.277660515375196,"NS","No","Not_labeled"
"Rnf141","30v5",0.333001342720811,0.8642406056951,"NS","No","Not_labeled"
"Rnf144a","30v5",0.189470072094078,0.892025179354192,"NS","No","Not_labeled"
"Rnf145","30v5",1.10102640200572,0.0903822376907712,"NS","No","Not_labeled"
"Rnf146","30v5",-2.45913937523138,0.213162759591126,"NS","No","Not_labeled"
"Rnf149","30v5",-1.97719633848537,0.382737305196594,"NS","No","Not_labeled"
"Rnf150","30v5",0.137195154155171,0.88707781882909,"NS","No","Not_labeled"
"Rnf157","30v5",1.39036989405177,0.0118540854888181,"CLIP_Up","No","Not_labeled"
"Rnf169","30v5",1.27817298787263,0.243637190076702,"NS","No","Not_labeled"
"Rnf170","30v5",-1.78652078350531,0.512726275707319,"NS","No","Not_labeled"
"Rnf182","30v5",-1.75342976168803,0.185365993181577,"NS","No","Not_labeled"
"Rnf187","30v5",1.5686059751945,0.509517194439929,"NS","No","Not_labeled"
"Rnf19a","30v5",0.329769324474798,0.795157741324436,"NS","No","Not_labeled"
"Rnf19b","30v5",-3.24126286119107,0.25480650794917,"NS","No","Not_labeled"
"Rnf2","30v5",-4.68789844330354,0.0389758471192291,"CLIP_Down","Yes","Decreased"
"Rnf20","30v5",0.587062469797867,0.819128784591767,"NS","No","Not_labeled"
"Rnf208","30v5",1.18552988200764,0.723661567894495,"NS","No","Not_labeled"
"Rnf214","30v5",-3.76994894972755,0.0315085240683844,"CLIP_Down","No","Not_labeled"
"Rnf216","30v5",-0.791823571065712,0.446603816387519,"NS","No","Not_labeled"
"Rnf217","30v5",-0.13017226611582,0.868867854649877,"NS","No","Not_labeled"
"Rnf220","30v5",-1.15192218612961,0.453458118887692,"NS","No","Not_labeled"
"Rnf24","30v5",1.23719064130961,0.581300571235748,"NS","No","Not_labeled"
"Rnf31","30v5",-3.41868144538142,0.212267639366511,"NS","No","Not_labeled"
"Rnf34","30v5",-5.7147935613973,0.0048289479513718,"CLIP_Down","No","Not_labeled"
"Rnf38","30v5",-3.20004315432196,0.0978107240202544,"NS","No","Not_labeled"
"Rnf4","30v5",-4.11614731475272,0.124145120826781,"NS","No","Not_labeled"
"Rnf41","30v5",-2.47112353528461,0.253058729535781,"NS","No","Not_labeled"
"Rnf6","30v5",1.5374097272472,0.576956704087113,"NS","No","Not_labeled"
"Rngtt","30v5",1.67342320001392,0.22843316781285,"NS","No","Not_labeled"
"Rnpc3","30v5",-5.23614005387556,0.0675232197793733,"NS","No","Not_labeled"
"Rnps1","30v5",-0.323078785632792,0.89758225772128,"NS","No","Not_labeled"
"Ro60","30v5",-1.53852873360816,0.325907955598196,"NS","No","Not_labeled"
"Robo1","30v5",-0.862066617929755,0.215377179115058,"NS","No","Not_labeled"
"Robo2","30v5",-0.122967058250857,0.898820327429699,"NS","No","Not_labeled"
"Rock1","30v5",0.046680959505462,0.965115245786445,"NS","No","Not_labeled"
"Rock2","30v5",0.0212889277810215,0.964658719116402,"NS","No","Not_labeled"
"Rora","30v5",-2.02430548880122,0.0138748223094137,"CLIP_Down","No","Not_labeled"
"Rorb","30v5",-1.6880106939135,0.138872284666803,"NS","No","Not_labeled"
"Rp2","30v5",-3.11020183975786,0.192299363894396,"NS","No","Not_labeled"
"Rpgrip1l","30v5",-0.717965272127816,0.703581889409862,"NS","No","Not_labeled"
"Rph3a","30v5",-0.105147881423199,0.75678398891174,"NS","No","Not_labeled"
"Rpl19","30v5",-6.85095182381412,0.0584000994984031,"NS","No","Not_labeled"
"Rpl22","30v5",-7.03612124546865,0.013657040794439,"CLIP_Down","No","Not_labeled"
"Rpl4","30v5",1.52671956038385,0.0386960260538565,"CLIP_Up","No","Not_labeled"
"Rpl5","30v5",-6.73034804353689,0.000571452684714315,"CLIP_Down","No","Not_labeled"
"Rpl8","30v5",-1.05170525934613,0.777546744777446,"NS","No","Not_labeled"
"Rplp0","30v5",-4.59996487348491,0.180338215066524,"NS","No","Not_labeled"
"Rplp1","30v5",-4.6931640934322,0.212579390375804,"NS","No","Not_labeled"
"Rpn1","30v5",-3.33255536119199,0.0649395607765134,"NS","No","Not_labeled"
"Rpn2","30v5",-0.182633443473906,0.925210146710901,"NS","No","Not_labeled"
"Rprd1a","30v5",0.0422120118938922,0.973773449373574,"NS","No","Not_labeled"
"Rprd2","30v5",0.949447050911742,0.0836290537291895,"NS","No","Not_labeled"
"Rps15","30v5",-1.42315338986236,0.729929238872151,"NS","No","Not_labeled"
"Rps21","30v5",1.30264775379373,0.719533045825593,"NS","No","Not_labeled"
"Rps25","30v5",-1.83286131870938,0.590221763062004,"NS","No","Not_labeled"
"Rps3a1","30v5",-0.241405238273882,0.905294383890047,"NS","No","Not_labeled"
"Rps6ka2","30v5",2.36844711494948,0.0466147311700382,"CLIP_Up","No","Not_labeled"
"Rps6ka3","30v5",-3.23907402872255,0.00317950061382816,"CLIP_Down","No","Not_labeled"
"Rps6kb1","30v5",-0.872349774171494,0.558675089671417,"NS","No","Not_labeled"
"Rps6kc1","30v5",3.10044974859937,0.0266361252873202,"CLIP_Up","No","Not_labeled"
"Rpsa","30v5",-4.87732817109721,0.114884543349159,"NS","No","Not_labeled"
"Rpsa-ps10","30v5",-6.59302116010192,0.109302024617285,"NS","No","Not_labeled"
"Rptor","30v5",-0.901479603296229,0.265910336115066,"NS","No","Not_labeled"
"Rraga","30v5",-3.02432271518841,0.35272552684363,"NS","No","Not_labeled"
"Rragc","30v5",-5.28826447654312,0.0834752910118424,"NS","No","Not_labeled"
"Rragd","30v5",-1.13607625909011,0.117104798185998,"NS","No","Not_labeled"
"Rrn3","30v5",2.04624674537652,0.158164602892602,"NS","No","Not_labeled"
"Rrp1","30v5",-0.461342126622631,0.80820047780533,"NS","No","Not_labeled"
"Rsbn1","30v5",1.93808747099126,0.00182543474813737,"CLIP_Up","No","Not_labeled"
"Rsbn1l","30v5",-3.18210692885492,0.0485628907634979,"CLIP_Down","No","Not_labeled"
"Rsf1","30v5",-1.84972681845021,0.177509481931242,"NS","No","Not_labeled"
"Rsrc2","30v5",-3.54391675550038,0.116635462088212,"NS","No","Not_labeled"
"Rtf1","30v5",-1.57639670606629,0.179774083736541,"NS","No","Not_labeled"
"Rtl6","30v5",-0.189536923376681,0.757170296498151,"NS","No","Not_labeled"
"Rtn1","30v5",1.53574601876688,0.0209758392957892,"CLIP_Up","No","Not_labeled"
"Rtn2","30v5",-1.30100664541563,0.627153159711237,"NS","No","Not_labeled"
"Rtn3","30v5",1.61497078647607,0.00307494641041695,"CLIP_Up","No","Not_labeled"
"Rtn4","30v5",0.359134955018189,0.525283043176592,"NS","No","Not_labeled"
"Rtn4r","30v5",0.843640310551546,0.717953231132448,"NS","No","Not_labeled"
"Rtn4rl1","30v5",1.66134089933705,0.0128816310389183,"CLIP_Up","No","Not_labeled"
"Rtraf","30v5",-5.79864323969413,0.00364376893733615,"CLIP_Down","Yes","Decreased"
"Rubcn","30v5",-0.527735472699935,0.735202083082438,"NS","No","Not_labeled"
"Rufy2","30v5",-1.60787210624165,0.460181540851263,"NS","No","Not_labeled"
"Rufy3","30v5",0.147860086106217,0.916516268493531,"NS","No","Not_labeled"
"Rundc3a","30v5",1.57115169250579,0.636520984559668,"NS","No","Not_labeled"
"Runx1t1","30v5",0.749290431397699,0.590932281462888,"NS","No","Not_labeled"
"Rusc1","30v5",-5.87625945710033,1.83733953262178e-05,"CLIP_Down","No","Not_labeled"
"Rusc2","30v5",1.75932369159953,0.0275953479589412,"CLIP_Up","No","Not_labeled"
"Rwdd1","30v5",-5.34817750309581,0.0069033966766532,"CLIP_Down","No","Not_labeled"
"Rybp","30v5",-0.218786804302402,0.686484765183661,"NS","No","Not_labeled"
"Ryk","30v5",-1.93808002618539,0.308080370397764,"NS","No","Not_labeled"
"Ryr2","30v5",0.413067579374818,0.343475191148276,"NS","No","Not_labeled"
"Ryr3","30v5",0.573531226203004,0.0394615327397505,"CLIP_Up","No","Not_labeled"
"S100pbp","30v5",-0.0566312440977715,0.974730157284313,"NS","No","Not_labeled"
"S1pr1","30v5",0.761105711921299,0.25610279523322,"NS","No","Not_labeled"
"Sacm1l","30v5",-0.372591459581563,0.77399325157833,"NS","No","Not_labeled"
"Sacs","30v5",0.677480274669627,0.0843134228458004,"NS","No","Not_labeled"
"Sall1","30v5",-5.34584417621523,0.018463914481488,"CLIP_Down","No","Not_labeled"
"Sall2","30v5",-0.92485520788981,0.603543275963079,"NS","No","Not_labeled"
"Samd4","30v5",-1.38719948717087,0.46923197597397,"NS","No","Not_labeled"
"Samd8","30v5",1.37011997736907,0.00646135404370837,"CLIP_Up","No","Not_labeled"
"Sanbr","30v5",-3.54719257094488,0.0885625209812617,"NS","No","Not_labeled"
"Sap130","30v5",0.0366597973547418,0.977330644534888,"NS","No","Not_labeled"
"Sap18","30v5",-2.02404147015542,0.494508373980592,"NS","No","Not_labeled"
"Sar1a","30v5",-2.82108720272422,0.263149548563108,"NS","No","Not_labeled"
"Saraf","30v5",1.61664221957448,0.382315488679857,"NS","No","Not_labeled"
"Sarm1","30v5",-2.45137641795905,0.281825987790925,"NS","No","Not_labeled"
"Sars1","30v5",-1.02232487380412,0.654666086886263,"NS","No","Not_labeled"
"Sash1","30v5",-0.747909073316487,0.204217321191207,"NS","No","Not_labeled"
"Satb1","30v5",0.792875510175308,0.301015478083636,"NS","No","Not_labeled"
"Satb2","30v5",0.362789589348755,0.810646419688596,"NS","No","Not_labeled"
"Sav1","30v5",-2.03979911374723,0.290265300677017,"NS","No","Not_labeled"
"Sbf1","30v5",0.773945296700813,0.02886165454581,"CLIP_Up","No","Not_labeled"
"Sbf2","30v5",-0.666779629512685,0.54149240059478,"NS","No","Not_labeled"
"Sbk1","30v5",2.25790576026212,0.173019978386949,"NS","No","Not_labeled"
"Sbno1","30v5",-0.0561295029367574,0.921236003044842,"NS","No","Not_labeled"
"Sc5d","30v5",-4.27534550763196,0.171101724908425,"NS","No","Not_labeled"
"Scaf1","30v5",0.622642197017926,0.246457468510997,"NS","No","Not_labeled"
"Scaf11","30v5",-0.422486991288121,0.290268369251693,"NS","No","Not_labeled"
"Scaf4","30v5",-0.894904954255908,0.652438978964184,"NS","No","Not_labeled"
"Scaf8","30v5",-1.0068495602019,0.328238296100775,"NS","No","Not_labeled"
"Scai","30v5",-0.217800773050194,0.718683721276081,"NS","No","Not_labeled"
"Scamp1","30v5",-0.883818565416685,0.535393866494686,"NS","No","Not_labeled"
"Scamp3","30v5",-5.86538087790387,0.064473914215126,"NS","No","Not_labeled"
"Scamp5","30v5",0.256014337318299,0.89098968476838,"NS","No","Not_labeled"
"Scap","30v5",0.830341954100181,0.588645776620417,"NS","No","Not_labeled"
"Scaper","30v5",0.769811631421707,0.406935479933989,"NS","No","Not_labeled"
"Scarb2","30v5",0.100509286291683,0.922622710757859,"NS","No","Not_labeled"
"Sccpdh","30v5",-3.90029631828498,0.130204561168872,"NS","No","Not_labeled"
"Scd1","30v5",-1.02405282672591,0.26098065920094,"NS","No","Not_labeled"
"Scd2","30v5",-0.0768399060620322,0.896222506483355,"NS","No","Not_labeled"
"Scg2","30v5",-1.1544607337861,0.58380882146696,"NS","No","Not_labeled"
"Scg3","30v5",-1.68149918314037,0.367985285573236,"NS","No","Not_labeled"
"Scn1a","30v5",0.137106849598204,0.83854990355952,"NS","No","Not_labeled"
"Scn1b","30v5",-3.90327495076794,0.0542147233722898,"NS","No","Not_labeled"
"Scn2a","30v5",0.640352380039769,0.28721297408585,"NS","No","Not_labeled"
"Scn2b","30v5",-1.26987766291019,0.5509336040541,"NS","No","Not_labeled"
"Scn3a","30v5",-0.534515362682291,0.649251313410315,"NS","No","Not_labeled"
"Scn3b","30v5",-0.0653222528392785,0.977415098497367,"NS","No","Not_labeled"
"Scn8a","30v5",1.14429326580024,0.00226456749051636,"CLIP_Up","No","Not_labeled"
"Scoc","30v5",-1.50669094505521,0.480343834567786,"NS","No","Not_labeled"
"Scrib","30v5",-4.16636029116555,0.0297225798811602,"CLIP_Down","No","Not_labeled"
"Scrn1","30v5",-2.41346776542647,0.0346881339330215,"CLIP_Down","No","Not_labeled"
"Scrt1","30v5",-1.89913000307342,0.58217163222589,"NS","No","Not_labeled"
"Scyl2","30v5",-3.42213197390614,0.0330204674606174,"CLIP_Down","No","Not_labeled"
"Sdc3","30v5",2.74130879046983,0.115186444929212,"NS","No","Not_labeled"
"Sdcbp","30v5",-1.22218694465393,0.453755865757193,"NS","No","Not_labeled"
"Sdf4","30v5",-1.93386560050089,0.289703304848123,"NS","No","Not_labeled"
"Sdha","30v5",-1.32137302775456,0.364114461493999,"NS","No","Not_labeled"
"Sdhb","30v5",-3.36765467514794,0.165273794019873,"NS","No","Not_labeled"
"Sdk2","30v5",0.858129997758157,0.318441454767803,"NS","No","Not_labeled"
"Sec14l1","30v5",1.01490236895951,0.0143111221486102,"CLIP_Up","No","Not_labeled"
"Sec16a","30v5",0.178935345279812,0.597216753280303,"NS","No","Not_labeled"
"Sec22b","30v5",-4.62578851960664,0.0517000651975017,"NS","No","Not_labeled"
"Sec23a","30v5",-1.37710234902336,0.344440960244927,"NS","No","Not_labeled"
"Sec23ip","30v5",-0.459621700821527,0.715171789086887,"NS","No","Not_labeled"
"Sec24a","30v5",-5.326811929983,0.00350966415020131,"CLIP_Down","No","Not_labeled"
"Sec24b","30v5",-1.026677807452,0.531782885152847,"NS","No","Not_labeled"
"Sec24c","30v5",-0.573893774029218,0.717607135217549,"NS","No","Not_labeled"
"Sec24d","30v5",-1.14581020826313,0.393744016572762,"NS","No","Not_labeled"
"Sec31a","30v5",-1.04977478183074,0.487061469897849,"NS","No","Not_labeled"
"Sec62","30v5",-0.861436106079607,0.549541287891152,"NS","No","Not_labeled"
"Sec63","30v5",-0.238276459183992,0.84174147820046,"NS","No","Not_labeled"
"Secisbp2l","30v5",-0.0101680993935682,0.988619024903623,"NS","No","Not_labeled"
"Sel1l","30v5",-0.34169915385617,0.859002955462538,"NS","No","Not_labeled"
"Sel1l3","30v5",-1.68971698357008,0.161033572692021,"NS","No","Not_labeled"
"Selenof","30v5",-1.50098673438226,0.561019503583033,"NS","No","Not_labeled"
"Selenoi","30v5",-4.96388583092041,0.0211945369577291,"CLIP_Down","No","Not_labeled"
"Selenop","30v5",0.222466443498431,0.833572491425207,"NS","No","Not_labeled"
"Selenot","30v5",-1.17656235562879,0.494469742711792,"NS","No","Not_labeled"
"Selenow","30v5",-3.12778952527591,0.273990081349211,"NS","No","Not_labeled"
"Sema3a","30v5",0.863393893966658,0.473559213234769,"NS","No","Not_labeled"
"Sema3e","30v5",-0.306371307699725,0.590833135585295,"NS","No","Not_labeled"
"Sema4d","30v5",-1.88553034048249,0.316876391739744,"NS","No","Not_labeled"
"Sema5a","30v5",0.940981212699805,0.0745253248900501,"NS","No","Not_labeled"
"Sema6b","30v5",2.25270903221764,0.0244177846933137,"CLIP_Up","No","Not_labeled"
"Sema7a","30v5",0.393095105899904,0.807927153226067,"NS","No","Not_labeled"
"Senp2","30v5",0.385731602987027,0.857388994035538,"NS","No","Not_labeled"
"Senp3","30v5",-2.31447311123176,0.37128310388766,"NS","No","Not_labeled"
"Senp5","30v5",-3.73982660900965,0.0678395532409302,"NS","No","Not_labeled"
"Senp6","30v5",-1.11468474369838,0.64304290669012,"NS","No","Not_labeled"
"Senp7","30v5",0.788752462843341,0.263740723318994,"NS","No","Not_labeled"
"Sephs1","30v5",-3.42801981842826,0.126544086874381,"NS","No","Not_labeled"
"Septin11","30v5",-3.86688078123272,0.00778748821555741,"CLIP_Down","No","Not_labeled"
"Septin2","30v5",-0.158101571330371,0.952737309993613,"NS","No","Not_labeled"
"Septin3","30v5",1.00506830053745,0.0606394506133311,"NS","No","Not_labeled"
"Septin5","30v5",0.4771115124495,0.797072336644293,"NS","No","Not_labeled"
"Septin6","30v5",0.991052401457774,0.454997099246336,"NS","No","Not_labeled"
"Septin7","30v5",0.628660305896728,0.364474478391942,"NS","No","Not_labeled"
"Septin8","30v5",-1.2128884526204,0.483470018612786,"NS","No","Not_labeled"
"Serbp1","30v5",-1.30262930785935,0.462619618578973,"NS","No","Not_labeled"
"Serinc1","30v5",0.546504031692264,0.395932858290068,"NS","No","Not_labeled"
"Serinc3","30v5",1.80830072746261,0.00518538033014055,"CLIP_Up","No","Not_labeled"
"Serpine2","30v5",-1.41222227965128,0.40071300485489,"NS","No","Not_labeled"
"Serpini1","30v5",0.995582610132599,0.0735289788587545,"NS","No","Not_labeled"
"Sertad2","30v5",-1.46474883304136,0.344737999678522,"NS","No","Not_labeled"
"Sertm1","30v5",0.850549553521713,0.151435480603449,"NS","No","Not_labeled"
"Sesn1","30v5",-3.18285111512386,0.0328308836488795,"CLIP_Down","No","Not_labeled"
"Sesn3","30v5",-0.773903410761144,0.689776691997757,"NS","No","Not_labeled"
"Sestd1","30v5",-0.464153409889952,0.66504459636154,"NS","No","Not_labeled"
"Set","30v5",-0.304990088233617,0.902672640491585,"NS","No","Not_labeled"
"Setbp1","30v5",-0.579455140011164,0.237799661255823,"NS","No","Not_labeled"
"Setd1a","30v5",1.32016483176802,0.127997995455808,"NS","No","Not_labeled"
"Setd1b","30v5",-2.69406898103879,0.206596503938045,"NS","No","Not_labeled"
"Setd2","30v5",-0.178320453377526,0.812329331992954,"NS","No","Not_labeled"
"Setd3","30v5",-0.366185958804107,0.798110605520879,"NS","No","Not_labeled"
"Setd5","30v5",0.600988103472842,0.747123755637918,"NS","No","Not_labeled"
"Setd7","30v5",-0.223170433622461,0.601251144303284,"NS","No","Not_labeled"
"Setdb1","30v5",-0.714010490538614,0.752015066510488,"NS","No","Not_labeled"
"Setdb2","30v5",-3.60560690524813,0.0707960337393732,"NS","No","Not_labeled"
"Setx","30v5",0.396104599117916,0.403924324296105,"NS","No","Not_labeled"
"Sez6","30v5",1.06249558500023,0.62661348947574,"NS","No","Not_labeled"
"Sez6l","30v5",0.647750117709385,0.227867601763806,"NS","No","Not_labeled"
"Sez6l2","30v5",0.534304100996647,0.764932926843306,"NS","No","Not_labeled"
"Sf1","30v5",-3.8532083637957,0.0448804404691782,"CLIP_Down","No","Not_labeled"
"Sf3a1","30v5",-1.87136785108768,0.342872403706198,"NS","No","Not_labeled"
"Sf3b1","30v5",0.220374754060511,0.726577901251702,"NS","No","Not_labeled"
"Sf3b2","30v5",-0.996332427538148,0.417262990298311,"NS","No","Not_labeled"
"Sf3b3","30v5",-1.38622973197539,0.487762897112793,"NS","No","Not_labeled"
"Sfmbt1","30v5",-0.0420168569278569,0.973089403684791,"NS","No","Not_labeled"
"Sfpq","30v5",2.4176482549693,0.211139455713037,"NS","No","Not_labeled"
"Sfr1","30v5",-2.19090585997983,0.526849036601522,"NS","No","Not_labeled"
"Sgip1","30v5",-0.67670372089951,0.592629236760248,"NS","No","Not_labeled"
"Sgms1","30v5",-0.683602212397322,0.559631546703616,"NS","No","Not_labeled"
"Sgpp1","30v5",-1.07751437878562,0.609964442475753,"NS","No","Not_labeled"
"Sgsm1","30v5",-0.0241318774486725,0.987308026829993,"NS","No","Not_labeled"
"Sgsm2","30v5",1.26163693282872,0.127655912414667,"NS","No","Not_labeled"
"Sgtb","30v5",-1.6229715202229,0.297162398717457,"NS","No","Not_labeled"
"Sh2d5","30v5",-4.04819499750707,0.141386354797789,"NS","No","Not_labeled"
"Sh3bgrl","30v5",-3.92177983921227,0.00881116213664262,"CLIP_Down","No","Not_labeled"
"Sh3bp1","30v5",0.21256844591036,0.925058944331025,"NS","No","Not_labeled"
"Sh3bp4","30v5",-2.45677855695882,0.0764177242757367,"NS","No","Not_labeled"
"Sh3bp5","30v5",-4.03914982436305,0.0168538361639795,"CLIP_Down","No","Not_labeled"
"Sh3d19","30v5",-2.85144644035104,0.101572463412856,"NS","No","Not_labeled"
"Sh3gl2","30v5",0.623446310197786,0.385962258004206,"NS","No","Not_labeled"
"Sh3glb1","30v5",-1.0102569208017,0.131594281793462,"NS","No","Not_labeled"
"Sh3pxd2a","30v5",0.664950750560193,0.125776458942693,"NS","No","Not_labeled"
"Sh3rf1","30v5",0.594110054195045,0.61634531721424,"NS","No","Not_labeled"
"Shank1","30v5",1.6252620149206,0.030192959875414,"CLIP_Up","No","Not_labeled"
"Shank2","30v5",1.38107671597371,0.00240420892424762,"CLIP_Up","Yes","Increased"
"Shank3","30v5",1.02255905605783,0.0222850038761011,"CLIP_Up","No","Not_labeled"
"Shc2","30v5",-0.927556669846441,0.678365149247128,"NS","No","Not_labeled"
"Shc3","30v5",0.323651563929399,0.673515917688022,"NS","No","Not_labeled"
"Shisa6","30v5",0.736747111398229,0.119448766397263,"NS","No","Not_labeled"
"Shisa7","30v5",0.804486011962352,0.167795414004328,"NS","No","Not_labeled"
"Shisa9","30v5",0.877680946259437,0.433719488156289,"NS","No","Not_labeled"
"Shoc2","30v5",-0.269499036426948,0.544803463497369,"NS","No","Not_labeled"
"Shprh","30v5",-1.42929385095454,0.31007211016667,"NS","No","Not_labeled"
"Shroom2","30v5",-0.180467649319542,0.897803656330573,"NS","No","Not_labeled"
"Shtn1","30v5",-0.438191927482248,0.711974414641598,"NS","No","Not_labeled"
"Sidt1","30v5",-2.78917908409722,0.125424330027896,"NS","No","Not_labeled"
"Sidt2","30v5",-5.70493970474593,0.0150458895534668,"CLIP_Down","No","Not_labeled"
"Sik1","30v5",-3.42186599217219,0.152580157944142,"NS","No","Not_labeled"
"Sik2","30v5",-2.02712984451912,0.189398861017972,"NS","No","Not_labeled"
"Sik3","30v5",-0.0435548251788724,0.947537383844992,"NS","No","Not_labeled"
"Sike1","30v5",-3.72454675867953,0.22786527901226,"NS","No","Not_labeled"
"Simc1","30v5",-0.762505116000661,0.653233328658354,"NS","No","Not_labeled"
"Sin3b","30v5",-0.351982894751745,0.8376079770334,"NS","No","Not_labeled"
"Sipa1l1","30v5",1.07943611602589,0.0281761891199361,"CLIP_Up","No","Not_labeled"
"Sipa1l2","30v5",0.30942562183147,0.468203232182649,"NS","No","Not_labeled"
"Sipa1l3","30v5",0.487675594717132,0.25752391875924,"NS","No","Not_labeled"
"Sirt2","30v5",-2.81008408696928,0.209857901215618,"NS","No","Not_labeled"
"Ski","30v5",0.927605814406481,0.00925773288270867,"CLIP_Up","No","Not_labeled"
"Skil","30v5",0.280596848749087,0.60332399695547,"NS","No","Not_labeled"
"Skp1","30v5",1.80802635909464,0.504960635916496,"NS","No","Not_labeled"
"Slain1","30v5",-2.15974686429179,0.147056490792493,"NS","No","Not_labeled"
"Slain2","30v5",-1.48119865978157,0.444373074265345,"NS","No","Not_labeled"
"Slc12a2","30v5",-0.927992122245879,0.145961854176827,"NS","No","Not_labeled"
"Slc12a5","30v5",0.584188734725653,0.725321287703322,"NS","No","Not_labeled"
"Slc12a6","30v5",-0.911905159705658,0.447574652308247,"NS","No","Not_labeled"
"Slc15a2","30v5",0.381267541832353,0.826468468936972,"NS","No","Not_labeled"
"Slc16a7","30v5",1.85080187099406,0.264468221273447,"NS","No","Not_labeled"
"Slc17a5","30v5",-2.92479214066762,0.117496971519019,"NS","No","Not_labeled"
"Slc17a7","30v5",1.14281996511797,0.0790937572757403,"NS","No","Not_labeled"
"Slc19a2","30v5",-5.52963783182604,0.0473351839198621,"CLIP_Down","No","Not_labeled"
"Slc1a1","30v5",1.51545894945016,0.328902056370676,"NS","No","Not_labeled"
"Slc1a2","30v5",-0.284814834469987,0.600853161123024,"NS","No","Not_labeled"
"Slc1a3","30v5",-1.2515490159943,0.341121791893973,"NS","No","Not_labeled"
"Slc20a1","30v5",-3.17296120953611,0.238339043064714,"NS","No","Not_labeled"
"Slc20a2","30v5",0.136336043105844,0.923364959162735,"NS","No","Not_labeled"
"Slc22a17","30v5",-0.103458136328046,0.951088232768767,"NS","No","Not_labeled"
"Slc22a23","30v5",0.439667170079102,0.67850744052244,"NS","No","Not_labeled"
"Slc23a2","30v5",-0.656168273457578,0.562612626264538,"NS","No","Not_labeled"
"Slc24a2","30v5",0.518037833461868,0.231545404788973,"NS","No","Not_labeled"
"Slc24a3","30v5",1.22009724039913,0.0495555251632064,"CLIP_Up","No","Not_labeled"
"Slc25a11","30v5",-0.369364825758989,0.91183704958084,"NS","No","Not_labeled"
"Slc25a12","30v5",-1.06721677181406,0.385851533306928,"NS","No","Not_labeled"
"Slc25a16","30v5",-4.63240754629592,0.0315066681686616,"CLIP_Down","No","Not_labeled"
"Slc25a23","30v5",1.21845647533049,0.0245019047269155,"CLIP_Up","No","Not_labeled"
"Slc25a26","30v5",-2.13323527502911,0.0167150669947376,"CLIP_Down","No","Not_labeled"
"Slc25a3","30v5",-5.06758687676652,0.129074320086658,"NS","No","Not_labeled"
"Slc25a36","30v5",-2.65459116232793,0.293302384402067,"NS","No","Not_labeled"
"Slc25a4","30v5",0.547371277661202,0.565513813358697,"NS","No","Not_labeled"
"Slc25a44","30v5",-2.04173772872527,0.543528489991395,"NS","No","Not_labeled"
"Slc25a46","30v5",-1.2319084997344,0.428159978874808,"NS","No","Not_labeled"
"Slc25a5","30v5",-1.49828368472799,0.514564477337707,"NS","No","Not_labeled"
"Slc25a51","30v5",-0.0960836132426088,0.852862955979569,"NS","No","Not_labeled"
"Slc27a4","30v5",-1.8435987971288,0.284488372427242,"NS","No","Not_labeled"
"Slc2a13","30v5",0.225943795758876,0.728154336104618,"NS","No","Not_labeled"
"Slc2a3","30v5",3.95102430168878,0.0162504249043943,"CLIP_Up","No","Not_labeled"
"Slc30a1","30v5",-4.84609312700618,0.0684279446945721,"NS","No","Not_labeled"
"Slc30a4","30v5",0.492849903041272,0.434249891328446,"NS","No","Not_labeled"
"Slc30a5","30v5",-0.842758097079354,0.583216865144187,"NS","No","Not_labeled"
"Slc30a9","30v5",-0.752543597129321,0.2770968589605,"NS","No","Not_labeled"
"Slc33a1","30v5",0.433136379331917,0.807821739497229,"NS","No","Not_labeled"
"Slc35a5","30v5",-0.037340378948691,0.978743736287184,"NS","No","Not_labeled"
"Slc35b1","30v5",1.32261078076464,0.692929225753495,"NS","No","Not_labeled"
"Slc35e1","30v5",-1.6977163314415,0.358297462496797,"NS","No","Not_labeled"
"Slc35e2","30v5",-1.12946534938491,0.417979982844079,"NS","No","Not_labeled"
"Slc35f1","30v5",1.7816887574353,0.0418057133570969,"CLIP_Up","No","Not_labeled"
"Slc35f3","30v5",-1.11455498173094,0.349508546588873,"NS","No","Not_labeled"
"Slc36a1","30v5",1.60498175734221,0.351707189888777,"NS","No","Not_labeled"
"Slc36a4","30v5",-0.651045564322707,0.772407945620895,"NS","No","Not_labeled"
"Slc37a3","30v5",-2.68471326926019,0.0588450594357894,"NS","No","Not_labeled"
"Slc38a1","30v5",0.593817209831091,0.518658113414816,"NS","No","Not_labeled"
"Slc38a10","30v5",1.07325475194785,0.593706896365971,"NS","No","Not_labeled"
"Slc38a2","30v5",-2.12441626413273,0.239996947195513,"NS","No","Not_labeled"
"Slc39a10","30v5",0.772506139286482,0.1917934121347,"NS","No","Not_labeled"
"Slc39a12","30v5",-3.49473842940976,0.0110744606695374,"CLIP_Down","No","Not_labeled"
"Slc39a6","30v5",-1.98625809757082,0.255510393472575,"NS","No","Not_labeled"
"Slc3a2","30v5",-3.11118065540406,0.300294813916947,"NS","No","Not_labeled"
"Slc41a1","30v5",-3.87286214526938,0.00861210695499095,"CLIP_Down","No","Not_labeled"
"Slc43a2","30v5",-1.83313127446677,0.451752431465831,"NS","No","Not_labeled"
"Slc44a1","30v5",-0.98133142779944,0.339734047235134,"NS","No","Not_labeled"
"Slc45a1","30v5",4.88038001730026,0.0608624483536917,"NS","No","Not_labeled"
"Slc45a4","30v5",-1.51779115251363,0.382882108547857,"NS","No","Not_labeled"
"Slc48a1","30v5",-3.32897621107994,0.155364517567841,"NS","No","Not_labeled"
"Slc4a10","30v5",0.674111991656506,0.354286681760541,"NS","No","Not_labeled"
"Slc4a4","30v5",-0.735340172579895,0.317813951643758,"NS","No","Not_labeled"
"Slc4a7","30v5",-0.175701801351701,0.862882245197123,"NS","No","Not_labeled"
"Slc4a8","30v5",0.340629518881934,0.357468402168928,"NS","No","Not_labeled"
"Slc5a3","30v5",-0.536745297855224,0.717590624022537,"NS","No","Not_labeled"
"Slc6a1","30v5",-4.30615171766001,0.0263284025697006,"CLIP_Down","No","Not_labeled"
"Slc6a15","30v5",-0.629299252423748,0.653875767072965,"NS","No","Not_labeled"
"Slc6a17","30v5",1.02830811101194,0.17977115012279,"NS","No","Not_labeled"
"Slc6a6","30v5",-1.02157249428977,0.287543375659884,"NS","No","Not_labeled"
"Slc6a8","30v5",-2.82205335642512,0.363470099359136,"NS","No","Not_labeled"
"Slc7a10","30v5",1.23453904062754,0.191599886743621,"NS","No","Not_labeled"
"Slc7a11","30v5",-0.568503591741494,0.305142180486778,"NS","No","Not_labeled"
"Slc7a14","30v5",2.12146359504404,0.00378965212103617,"CLIP_Up","No","Not_labeled"
"Slc8a1","30v5",2.09832004559393,0.00403329728324075,"CLIP_Up","Yes","Increased"
"Slc8a2","30v5",1.37585651287972,0.0581647574564648,"NS","No","Not_labeled"
"Slc9a1","30v5",2.12394803851968,0.181262317671346,"NS","No","Not_labeled"
"Slc9a6","30v5",0.907975861120668,0.579276649013163,"NS","No","Not_labeled"
"Slco3a1","30v5",1.07695591434334,0.307615200133526,"NS","No","Not_labeled"
"Slf1","30v5",0.956067725645824,0.569217818752838,"NS","No","Not_labeled"
"Slf2","30v5",-0.415383361991902,0.741227844679348,"NS","No","Not_labeled"
"Slit1","30v5",0.647882673220346,0.312344315744585,"NS","No","Not_labeled"
"Slit3","30v5",1.06866500732429,0.140302422109811,"NS","No","Not_labeled"
"Slitrk1","30v5",0.756046197884544,0.270450724107548,"NS","No","Not_labeled"
"Slitrk2","30v5",0.895750577806887,0.0765662186645327,"NS","No","Not_labeled"
"Slitrk3","30v5",-0.00137017651128346,0.997234225585469,"NS","No","Not_labeled"
"Slitrk4","30v5",2.10260095440362,0.00718125826756515,"CLIP_Up","No","Not_labeled"
"Slitrk5","30v5",0.973131652332518,0.0388262866657611,"CLIP_Up","No","Not_labeled"
"Slk","30v5",0.0495749139155928,0.911972408737439,"NS","No","Not_labeled"
"Slmap","30v5",-4.94605051207927,0.000132928143081024,"CLIP_Down","No","Not_labeled"
"Slu7","30v5",-4.65392163130736,0.0672479891081099,"NS","No","Not_labeled"
"Slx4","30v5",-4.48380005537664,0.0202751674159953,"CLIP_Down","No","Not_labeled"
"Smad1","30v5",-1.74632528754114,0.30102453666285,"NS","No","Not_labeled"
"Smad2","30v5",-3.29248168538704,0.0841168028760029,"NS","No","Not_labeled"
"Smad3","30v5",1.94907505662099,0.176790571684296,"NS","No","Not_labeled"
"Smad4","30v5",-1.29234628910175,0.296311577245536,"NS","No","Not_labeled"
"Smad5","30v5",-0.600990701044977,0.787427472074247,"NS","No","Not_labeled"
"Smad7","30v5",-1.71775083207521,0.393381714908199,"NS","No","Not_labeled"
"Smap1","30v5",0.0265469543358416,0.983657282501303,"NS","No","Not_labeled"
"Smap2","30v5",-1.19786842286206,0.517069525428921,"NS","No","Not_labeled"
"Smarca1","30v5",1.2143320150639,0.505242825373569,"NS","No","Not_labeled"
"Smarca2","30v5",1.07340230832665,0.254709905016315,"NS","No","Not_labeled"
"Smarca4","30v5",-0.021937675727866,0.97077150983861,"NS","No","Not_labeled"
"Smarca5","30v5",-0.191567509822881,0.901586474287308,"NS","No","Not_labeled"
"Smarcad1","30v5",-1.19827200209179,0.435662304595799,"NS","No","Not_labeled"
"Smarcc1","30v5",-0.942799966971196,0.43674191851617,"NS","No","Not_labeled"
"Smarcc2","30v5",0.568374362777115,0.306282491906764,"NS","No","Not_labeled"
"Smarcd1","30v5",0.361594418790225,0.824786588803972,"NS","No","Not_labeled"
"Smc1a","30v5",-2.13869148822146,0.127585926234829,"NS","No","Not_labeled"
"Smc2","30v5",-0.0225855934298951,0.988363237221435,"NS","No","Not_labeled"
"Smc3","30v5",-1.20210903978651,0.322698459781281,"NS","No","Not_labeled"
"Smc4","30v5",-3.48144663295165,0.0461921654753308,"CLIP_Down","No","Not_labeled"
"Smc6","30v5",-2.29409939605599,0.0924294865839564,"NS","No","Not_labeled"
"Smchd1","30v5",-1.55238007742751,0.145858214603429,"NS","No","Not_labeled"
"Smcr8","30v5",-1.7377051608172,0.328407332093746,"NS","No","Not_labeled"
"Smg1","30v5",-0.441670159017032,0.44358317607215,"NS","No","Not_labeled"
"Smg5","30v5",-1.76857358955944,0.326875211810105,"NS","No","Not_labeled"
"Smg6","30v5",0.265667596592992,0.704485675746244,"NS","No","Not_labeled"
"Smg7","30v5",2.22697673837068,0.000324396914256113,"CLIP_Up","No","Not_labeled"
"Smg8","30v5",-8.01631812360296,0.00447059370215482,"CLIP_Down","No","Not_labeled"
"Smim10l1","30v5",0.566628558917062,0.521421082354775,"NS","No","Not_labeled"
"Smim13","30v5",0.579473369918557,0.426808921879828,"NS","No","Not_labeled"
"Smim20","30v5",-2.70622173028049,0.173497424342723,"NS","No","Not_labeled"
"Smpd1","30v5",-4.37730076762413,0.128188550134996,"NS","No","Not_labeled"
"Smpd3","30v5",-1.60173729871291,0.260391097830611,"NS","No","Not_labeled"
"Sms","30v5",-0.110791568541121,0.953921732356396,"NS","No","Not_labeled"
"Smurf1","30v5",0.845687049232526,0.578482744717227,"NS","No","Not_labeled"
"Smurf2","30v5",-1.73296667263333,0.222961295509601,"NS","No","Not_labeled"
"Snap25","30v5",1.32593613203857,0.0443002718383104,"CLIP_Up","No","Not_labeled"
"Snap91","30v5",0.166458880351148,0.680584982111067,"NS","No","Not_labeled"
"Snapc4","30v5",-2.24129498452369,0.258057352408303,"NS","No","Not_labeled"
"Snca","30v5",-1.32614273060266,0.256210624359004,"NS","No","Not_labeled"
"Snd1","30v5",-0.197230100974206,0.784518403031693,"NS","No","Not_labeled"
"Snhg11","30v5",-0.290576809022856,0.720246628382167,"NS","No","Not_labeled"
"Snn","30v5",-1.29541686093735,0.583274533890058,"NS","No","Not_labeled"
"Snph","30v5",0.96147224325806,0.0728177407301615,"NS","No","Not_labeled"
"Snrk","30v5",-0.946783408266393,0.681599932913214,"NS","No","Not_labeled"
"Snrnp200","30v5",-0.898317860981524,0.575906261617436,"NS","No","Not_labeled"
"Snrnp27","30v5",-2.97386779369174,0.253829036533824,"NS","No","Not_labeled"
"Snrpn","30v5",0.395455224650945,0.449098955938807,"NS","No","Not_labeled"
"Snta1","30v5",0.31917268733142,0.86110424196204,"NS","No","Not_labeled"
"Snx1","30v5",-3.88442226525272,0.0147298639237698,"CLIP_Down","No","Not_labeled"
"Snx10","30v5",-0.187456539913265,0.900134340911868,"NS","No","Not_labeled"
"Snx12","30v5",-1.26917937888067,0.22638907119725,"NS","No","Not_labeled"
"Snx13","30v5",-0.397916676808997,0.640969676016656,"NS","No","Not_labeled"
"Snx16","30v5",0.287274814778447,0.90046439225857,"NS","No","Not_labeled"
"Snx18","30v5",-4.62133021729515,0.0219946238283533,"CLIP_Down","No","Not_labeled"
"Snx19","30v5",2.26324592151918,0.0242958167439497,"CLIP_Up","No","Not_labeled"
"Snx25","30v5",-1.47788086455689,0.388259034135948,"NS","No","Not_labeled"
"Snx27","30v5",-1.36544254415653,0.389161185576657,"NS","No","Not_labeled"
"Snx30","30v5",-2.09273723063034,0.169923382673937,"NS","No","Not_labeled"
"Snx5","30v5",0.0585109909994816,0.949272664482097,"NS","No","Not_labeled"
"Snx7","30v5",-4.9913071313594,0.00323032224515719,"CLIP_Down","No","Not_labeled"
"Soat1","30v5",0.281640361223372,0.884669670102202,"NS","No","Not_labeled"
"Sobp","30v5",0.604798608388214,0.411248976413854,"NS","No","Not_labeled"
"Socs3","30v5",-8.30824065092988,0.0167891646854824,"CLIP_Down","No","Not_labeled"
"Socs5","30v5",-1.12389513857103,0.500477467647451,"NS","No","Not_labeled"
"Socs7","30v5",2.1545066090019,0.207458685188795,"NS","No","Not_labeled"
"Sod2","30v5",-1.54994156033457,0.368428358058735,"NS","No","Not_labeled"
"Soga1","30v5",-2.2443931509468,0.078431271368515,"NS","No","Not_labeled"
"Soga3","30v5",-0.27110742759396,0.822855263687954,"NS","No","Not_labeled"
"Son","30v5",1.15100153038634,0.0562712101596523,"NS","No","Not_labeled"
"Sorbs1","30v5",-1.59926219810362,0.250022777249682,"NS","No","Not_labeled"
"Sorbs2","30v5",0.933529096332904,0.466064911765907,"NS","No","Not_labeled"
"Sorl1","30v5",1.25918086189333,0.00135664949134898,"CLIP_Up","No","Not_labeled"
"Sort1","30v5",0.672276605656627,0.183265509690242,"NS","No","Not_labeled"
"Sos1","30v5",-0.765149522194482,0.14545447883238,"NS","No","Not_labeled"
"Sos2","30v5",-2.8185435521477,0.187371707784028,"NS","No","Not_labeled"
"Sowaha","30v5",1.19163794436331,0.0264789690491527,"CLIP_Up","No","Not_labeled"
"Sowahc","30v5",-0.183488877931139,0.948930129165706,"NS","No","Not_labeled"
"Sox11","30v5",-1.35769356646406,0.609246520741722,"NS","No","Not_labeled"
"Sox12","30v5",0.533624023405493,0.84839664410093,"NS","No","Not_labeled"
"Sox4","30v5",-8.83363418635783,0.00288583564576916,"CLIP_Down","No","Not_labeled"
"Sox6","30v5",-0.526359698387537,0.7146034270501,"NS","No","Not_labeled"
"Sox9","30v5",-4.03249157517316,0.167214429560035,"NS","No","Not_labeled"
"Sp1","30v5",-2.22670004430927,0.146795538345196,"NS","No","Not_labeled"
"Sp2","30v5",0.302929010176521,0.909089787149502,"NS","No","Not_labeled"
"Sp3","30v5",-0.141648053369181,0.826822562920359,"NS","No","Not_labeled"
"Spag9","30v5",-1.15693129513395,0.429710227712849,"NS","No","Not_labeled"
"Sparc","30v5",-0.911208608951672,0.588222202993459,"NS","No","Not_labeled"
"Sparcl1","30v5",-0.127812099992059,0.832663021630968,"NS","No","Not_labeled"
"Spart","30v5",-3.77292742098121,0.155431107916849,"NS","No","Not_labeled"
"Spast","30v5",-1.63784155025316,0.242745872487756,"NS","No","Not_labeled"
"Spata13","30v5",-0.687740857291132,0.660823225431141,"NS","No","Not_labeled"
"Spata2","30v5",1.24453926764898,0.114844620718349,"NS","No","Not_labeled"
"Spata2l","30v5",-1.15361057605757,0.673757175467083,"NS","No","Not_labeled"
"Spcs3","30v5",-0.953062258593417,0.693382127842525,"NS","No","Not_labeled"
"Specc1","30v5",-0.406296243743024,0.725852838040273,"NS","No","Not_labeled"
"Specc1l","30v5",-2.51339385236345,0.0902895865665428,"NS","No","Not_labeled"
"Speg","30v5",1.51114558761374,0.404741724011604,"NS","No","Not_labeled"
"Spen","30v5",0.61379214851657,0.23293960730423,"NS","No","Not_labeled"
"Spg11","30v5",-0.126732975011196,0.873294343531383,"NS","No","Not_labeled"
"Sphkap","30v5",1.08683722876272,0.0500922365164736,"NS","No","Not_labeled"
"Spin1","30v5",1.59894682626839,0.00758745815017101,"CLIP_Up","No","Not_labeled"
"Spire1","30v5",0.113863794060657,0.80756381928501,"NS","No","Not_labeled"
"Spns2","30v5",0.799654342548511,0.527118519594533,"NS","No","Not_labeled"
"Spock1","30v5",1.66450089775569,0.0428787549183874,"CLIP_Up","No","Not_labeled"
"Spock2","30v5",-1.46031121425443,0.333539005889707,"NS","No","Not_labeled"
"Spock3","30v5",2.95472172986678,0.0578271855405686,"NS","No","Not_labeled"
"Spon1","30v5",0.405986151733591,0.61987337724127,"NS","No","Not_labeled"
"Spop","30v5",0.164266727026156,0.802335028661527,"NS","No","Not_labeled"
"Spopl","30v5",-2.92680414069315,0.0842891832981038,"NS","No","Not_labeled"
"Sppl2a","30v5",-0.0511723996772395,0.969105876035837,"NS","No","Not_labeled"
"Sppl3","30v5",-0.630078266777622,0.463042421302937,"NS","No","Not_labeled"
"Spred1","30v5",-0.102672651598601,0.82802141635548,"NS","No","Not_labeled"
"Spred2","30v5",1.34391880061408,0.161139844009852,"NS","No","Not_labeled"
"Sprn","30v5",0.768440756483758,0.319627451072934,"NS","No","Not_labeled"
"Spry1","30v5",-5.93789292317056,0.0981960434500959,"NS","No","Not_labeled"
"Spryd7","30v5",1.21558525814981,0.54172415862224,"NS","No","Not_labeled"
"Sptan1","30v5",0.41662763770536,0.757619936271517,"NS","No","Not_labeled"
"Sptb","30v5",0.554885094186568,0.456917626250556,"NS","No","Not_labeled"
"Sptbn1","30v5",0.279060117640136,0.324814638453578,"NS","No","Not_labeled"
"Sptbn2","30v5",1.42547970718721,0.00618915653973895,"CLIP_Up","Yes","Increased"
"Sptbn4","30v5",-0.340331572685968,0.812105273214348,"NS","No","Not_labeled"
"Spty2d1","30v5",-5.08078955618069,0.0212846997954482,"CLIP_Down","Yes","Decreased"
"Sqle","30v5",-0.514032339574868,0.843139719318827,"NS","No","Not_labeled"
"Sqstm1","30v5",0.933786465761306,0.221661140024289,"NS","No","Not_labeled"
"Src","30v5",-1.00137075435845,0.599939402382351,"NS","No","Not_labeled"
"Srcap","30v5",-1.72073621708168,0.390142723532932,"NS","No","Not_labeled"
"Srcin1","30v5",0.295022803094824,0.5040391175063,"NS","No","Not_labeled"
"Srebf1","30v5",-6.59761820777617,0.00868304124647516,"CLIP_Down","No","Not_labeled"
"Srebf2","30v5",0.67808065548199,0.258784080664159,"NS","No","Not_labeled"
"Srek1","30v5",-2.89564831087301,0.19203594375243,"NS","No","Not_labeled"
"Srf","30v5",1.09021950944423,0.0613318072292147,"NS","No","Not_labeled"
"Srgap1","30v5",-1.52543524009249,0.145050548349314,"NS","No","Not_labeled"
"Srgap2","30v5",-4.71135869837823,0.00065498654687237,"CLIP_Down","No","Not_labeled"
"Srgap3","30v5",0.893500224535081,0.0226445708165247,"CLIP_Up","No","Not_labeled"
"Sri","30v5",-3.10398428656651,0.0996034640007378,"NS","No","Not_labeled"
"Srl","30v5",0.499117358861317,0.705947901622289,"NS","No","Not_labeled"
"Srp54a","30v5",0.285854092431939,0.847599869989131,"NS","No","Not_labeled"
"Srp54c","30v5",1.51618522593908,0.0477524468001282,"CLIP_Up","No","Not_labeled"
"Srp68","30v5",-1.84012857180863,0.239110327019911,"NS","No","Not_labeled"
"Srp72","30v5",0.337425886651722,0.856878870005901,"NS","No","Not_labeled"
"Srp9","30v5",-0.918395230205342,0.711225852045158,"NS","No","Not_labeled"
"Srpk1","30v5",1.32036617839707,0.470527466838972,"NS","No","Not_labeled"
"Srpk2","30v5",-0.983770280126628,0.440141229287301,"NS","No","Not_labeled"
"Srpr","30v5",-2.01719498781537,0.276576498015785,"NS","No","Not_labeled"
"Srr","30v5",-2.25345066745253,0.381989154360271,"NS","No","Not_labeled"
"Srrm1","30v5",-3.25829032806007,0.167452022057373,"NS","No","Not_labeled"
"Srrm2","30v5",0.393309027654573,0.399036800369927,"NS","No","Not_labeled"
"Srrm3","30v5",-2.29531927134804,0.0123558681268603,"CLIP_Down","No","Not_labeled"
"Srrm4","30v5",-1.69176010273446,0.159195316406095,"NS","No","Not_labeled"
"Srsf1","30v5",-2.90092583068142,0.348481014800382,"NS","No","Not_labeled"
"Srsf10","30v5",-0.43417584948497,0.813337709186339,"NS","No","Not_labeled"
"Srsf11","30v5",-2.0414383679389,0.497480886725916,"NS","No","Not_labeled"
"Ss18","30v5",-3.44945536852601,0.0597356804311816,"NS","No","Not_labeled"
"Ss18l1","30v5",-1.45661481047201,0.443651337722028,"NS","No","Not_labeled"
"Ssb","30v5",-8.05707313965754,0.0060762930234172,"CLIP_Down","No","Not_labeled"
"Ssh1","30v5",-2.45367065869951,0.266483617652624,"NS","No","Not_labeled"
"Ssh2","30v5",0.9397580815322,0.333447894425241,"NS","No","Not_labeled"
"Ssr1","30v5",-1.74602355929118,0.222914843398012,"NS","No","Not_labeled"
"Ssr3","30v5",-0.297058124096004,0.871265508883988,"NS","No","Not_labeled"
"Ssx2ip","30v5",1.66099023874316,0.479085975064499,"NS","No","Not_labeled"
"St13","30v5",-1.98705479148214,0.267916601250326,"NS","No","Not_labeled"
"St18","30v5",0.385299250044425,0.765569898447577,"NS","No","Not_labeled"
"St3gal2","30v5",1.92709178983668,0.0127940380211423,"CLIP_Up","No","Not_labeled"
"St3gal5","30v5",0.657424068568874,0.631186308988379,"NS","No","Not_labeled"
"St6gal1","30v5",-1.78421225557362,0.190085845609321,"NS","No","Not_labeled"
"St6gal2","30v5",1.99732214141437,0.00964414032122626,"CLIP_Up","No","Not_labeled"
"St6galnac5","30v5",0.123772593676615,0.91923966751817,"NS","No","Not_labeled"
"St8sia1","30v5",0.532371062685648,0.688011294440849,"NS","No","Not_labeled"
"St8sia3","30v5",0.928683204452817,0.168414111815414,"NS","No","Not_labeled"
"St8sia4","30v5",-2.8368376115654,0.0291320392400068,"CLIP_Down","No","Not_labeled"
"St8sia5","30v5",0.826567485396036,0.415740122086785,"NS","No","Not_labeled"
"Stag1","30v5",-1.64394541766684,0.164500705616696,"NS","No","Not_labeled"
"Stag2","30v5",-4.07352967278567,0.00753539009393273,"CLIP_Down","No","Not_labeled"
"Stam","30v5",0.972371147367738,0.0862940299739332,"NS","No","Not_labeled"
"Stambp","30v5",-3.55926130691586,0.0374195149630583,"CLIP_Down","No","Not_labeled"
"Stard13","30v5",-2.11262200540055,0.108594481423476,"NS","No","Not_labeled"
"Stat1","30v5",-5.20382096438931,0.0386201461197904,"CLIP_Down","No","Not_labeled"
"Stat3","30v5",-1.3618600302392,0.494505240268525,"NS","No","Not_labeled"
"Stat5b","30v5",-0.406176088231071,0.791094871024741,"NS","No","Not_labeled"
"Steep1","30v5",-2.42706467972214,0.358323971915509,"NS","No","Not_labeled"
"Stim2","30v5",-0.46524942552825,0.381793506644635,"NS","No","Not_labeled"
"Stip1","30v5",-4.66146421776345,0.0231023148436479,"CLIP_Down","No","Not_labeled"
"Stk11","30v5",-0.448342536004029,0.811404310104787,"NS","No","Not_labeled"
"Stk16","30v5",-1.9698972841066,0.338777276317597,"NS","No","Not_labeled"
"Stk24","30v5",-0.439361577441681,0.748627284307375,"NS","No","Not_labeled"
"Stk25","30v5",1.52137285339373,0.178560724657466,"NS","No","Not_labeled"
"Stk3","30v5",-1.01757691280564,0.1797585782844,"NS","No","Not_labeled"
"Stk32c","30v5",-0.995908222106138,0.535818277822283,"NS","No","Not_labeled"
"Stk39","30v5",0.573265986893399,0.444708808700899,"NS","No","Not_labeled"
"Stk4","30v5",-1.061567277615,0.526842399886823,"NS","No","Not_labeled"
"Stk40","30v5",0.00349626594422531,0.998269844286976,"NS","No","Not_labeled"
"Stmn2","30v5",0.821295983617059,0.501943254146097,"NS","No","Not_labeled"
"Stmn4","30v5",-9.2998585607033,0.000146374395590785,"CLIP_Down","No","Not_labeled"
"Ston2","30v5",-0.218369680298666,0.889728798000983,"NS","No","Not_labeled"
"Stox2","30v5",0.46354850215759,0.311317452180314,"NS","No","Not_labeled"
"Strap","30v5",-1.76128342489126,0.266537249806101,"NS","No","Not_labeled"
"Strbp","30v5",0.373720677327321,0.442582038871588,"NS","No","Not_labeled"
"Strip1","30v5",-3.12762982543575,0.121562242407377,"NS","No","Not_labeled"
"Strip2","30v5",-1.21196791912618,0.445567337572301,"NS","No","Not_labeled"
"Strn","30v5",0.378995548425164,0.522064470287768,"NS","No","Not_labeled"
"Strn3","30v5",0.526437098124419,0.347344819915528,"NS","No","Not_labeled"
"Strn4","30v5",1.38949038908976,0.0348227736069717,"CLIP_Up","No","Not_labeled"
"Stt3b","30v5",0.529837454080498,0.220623476033814,"NS","No","Not_labeled"
"Stum","30v5",0.971388552635463,0.0796249423821059,"NS","No","Not_labeled"
"Stx12","30v5",-2.59699868975201,0.1912674012665,"NS","No","Not_labeled"
"Stx16","30v5",-0.282056505020319,0.911734295436887,"NS","No","Not_labeled"
"Stx1b","30v5",0.606021501712074,0.370915228016313,"NS","No","Not_labeled"
"Stx2","30v5",-4.28448563466264,0.0325250887412429,"CLIP_Down","No","Not_labeled"
"Stx3","30v5",-3.16329234619396,0.097685516516112,"NS","No","Not_labeled"
"Stx7","30v5",0.593521349386858,0.722138703709584,"NS","No","Not_labeled"
"Stxbp1","30v5",1.44191288487253,0.000612184302459524,"CLIP_Up","Yes","Increased"
"Stxbp3","30v5",-5.17765502507405,0.000996702185172058,"CLIP_Down","No","Not_labeled"
"Stxbp5","30v5",0.555606545467825,0.290942317356827,"NS","No","Not_labeled"
"Stxbp5l","30v5",-0.772672857631132,0.467891786956367,"NS","No","Not_labeled"
"Sub1","30v5",-3.66269632763463,0.106232965054661,"NS","No","Not_labeled"
"Sucla2","30v5",-1.0069953220028,0.463005919567978,"NS","No","Not_labeled"
"Suco","30v5",-1.38378062075583,0.307781496424712,"NS","No","Not_labeled"
"Suds3","30v5",-1.17074707842556,0.600841655781353,"NS","No","Not_labeled"
"Sugp2","30v5",0.853541948663242,0.753597004640237,"NS","No","Not_labeled"
"Sulf2","30v5",-1.80355772720591,0.233224912033619,"NS","No","Not_labeled"
"Sult4a1","30v5",-0.0667757081904475,0.970012581946139,"NS","No","Not_labeled"
"Sun1","30v5",1.73209164679532,0.448358822574197,"NS","No","Not_labeled"
"Supt16","30v5",-0.309591199740582,0.805540382567293,"NS","No","Not_labeled"
"Supt5","30v5",1.71317916359279,0.216668076776839,"NS","No","Not_labeled"
"Supt6","30v5",-0.497911112164528,0.258203108138438,"NS","No","Not_labeled"
"Supv3l1","30v5",2.72905202685912,0.234063776014896,"NS","No","Not_labeled"
"Susd4","30v5",-0.138111857664968,0.902484504049559,"NS","No","Not_labeled"
"Susd6","30v5",-2.18931744669799,0.0581955031767414,"NS","No","Not_labeled"
"Suz12","30v5",-2.941775273304,0.168485487811581,"NS","No","Not_labeled"
"Sv2a","30v5",0.950549546823735,0.592779600843923,"NS","No","Not_labeled"
"Sv2b","30v5",1.5477747430661,0.021502085399824,"CLIP_Up","No","Not_labeled"
"Svip","30v5",-4.9928624045983,0.0695566567719463,"NS","No","Not_labeled"
"Swt1","30v5",-1.70116169438734,0.380678638981971,"NS","No","Not_labeled"
"Sybu","30v5",-1.33371790186162,0.466494233878296,"NS","No","Not_labeled"
"Sympk","30v5",0.0928261792340477,0.954390600243616,"NS","No","Not_labeled"
"Syn1","30v5",1.24697148912574,0.000461868075103722,"CLIP_Up","Yes","Increased"
"Syn2","30v5",0.774455175732659,0.0743558300633647,"NS","No","Not_labeled"
"Syncrip","30v5",0.896644537485078,0.746968331630249,"NS","No","Not_labeled"
"Syne1","30v5",0.659779955833103,0.198786636932732,"NS","No","Not_labeled"
"Syne2","30v5",-1.92476433373168,0.0774961553380683,"NS","No","Not_labeled"
"Syngap1","30v5",1.15460118876956,0.0816313652621112,"NS","No","Not_labeled"
"Syngr1","30v5",-2.08431803179145,0.187679599555104,"NS","No","Not_labeled"
"Synj1","30v5",0.92861972346494,0.0257842837132209,"CLIP_Up","No","Not_labeled"
"Synj2","30v5",-2.45884517028405,0.0031406794696562,"CLIP_Down","No","Not_labeled"
"Synj2bp","30v5",-3.02018639544823,0.196068814787584,"NS","No","Not_labeled"
"Synm","30v5",-0.0302068276232612,0.966337738426869,"NS","No","Not_labeled"
"Synpo","30v5",2.0609181384047,0.00503669393855484,"CLIP_Up","Yes","Increased"
"Synpo2","30v5",-1.01772918121606,0.4978970920177,"NS","No","Not_labeled"
"Synpr","30v5",1.43036998806064,0.231750198143361,"NS","No","Not_labeled"
"Synrg","30v5",-0.768930702673734,0.606391018006931,"NS","No","Not_labeled"
"Syp","30v5",-1.31383089935623,0.374093718268095,"NS","No","Not_labeled"
"Sypl1","30v5",-1.81712600478219,0.502610240418682,"NS","No","Not_labeled"
"Syt1","30v5",1.53382753808267,0.00398895539709611,"CLIP_Up","Yes","Increased"
"Syt11","30v5",0.856446510369465,0.115888678104771,"NS","No","Not_labeled"
"Syt13","30v5",1.51047668386448,0.0659011374327378,"NS","No","Not_labeled"
"Syt14","30v5",0.835303672471223,0.42239899016259,"NS","No","Not_labeled"
"Syt16","30v5",1.02085475518636,0.0978289723679488,"NS","No","Not_labeled"
"Syt3","30v5",-0.547344905798007,0.858277780861109,"NS","No","Not_labeled"
"Syt4","30v5",1.41343532156024,0.0687494550093454,"NS","No","Not_labeled"
"Syt7","30v5",0.803888712149032,0.0701011159486674,"NS","No","Not_labeled"
"Szt2","30v5",-1.50030562644924,0.409786934151202,"NS","No","Not_labeled"
"Tab2","30v5",-1.69962854514389,0.257171680613298,"NS","No","Not_labeled"
"Tab3","30v5",-1.80788413710337,0.318318708788819,"NS","No","Not_labeled"
"Tacc1","30v5",-0.406073733303406,0.574094673129053,"NS","No","Not_labeled"
"Tacc2","30v5",2.15780878150707,0.152354261426513,"NS","No","Not_labeled"
"Tada2b","30v5",-2.5196633478822,0.434301809653105,"NS","No","Not_labeled"
"Taf1","30v5",-0.323462821915832,0.65273594951138,"NS","No","Not_labeled"
"Taf2","30v5",-1.59261544043912,0.234853842720731,"NS","No","Not_labeled"
"Taf4","30v5",-1.63983568449509,0.372115419224524,"NS","No","Not_labeled"
"Taf4b","30v5",-0.953119096661135,0.294163557773422,"NS","No","Not_labeled"
"Taf5l","30v5",2.99059655137893,0.260849805623427,"NS","No","Not_labeled"
"Taf9b","30v5",-2.16812546087594,0.441760277278978,"NS","No","Not_labeled"
"Tafa1","30v5",1.47526814948645,0.107774384502722,"NS","No","Not_labeled"
"Tafa2","30v5",1.00358932057936,0.202864782377286,"NS","No","Not_labeled"
"Tafa5","30v5",0.328219213827707,0.755948399801748,"NS","No","Not_labeled"
"Tanc1","30v5",0.339175832631755,0.195650093206663,"NS","No","Not_labeled"
"Tanc2","30v5",0.439933080366858,0.294026416708675,"NS","No","Not_labeled"
"Taok1","30v5",-0.212186945355805,0.600079044458393,"NS","No","Not_labeled"
"Taok2","30v5",1.36420074542806,0.0199703039863864,"CLIP_Up","No","Not_labeled"
"Taok3","30v5",2.12671688566913,0.185335505035921,"NS","No","Not_labeled"
"Tapt1","30v5",-0.561907806935972,0.686782841791279,"NS","No","Not_labeled"
"Tardbp","30v5",1.9199851907295,0.537087291348941,"NS","No","Not_labeled"
"Tars3","30v5",-1.37352341557996,0.444762096361766,"NS","No","Not_labeled"
"Tasor","30v5",-0.846655479765297,0.270772715702207,"NS","No","Not_labeled"
"Tasor2","30v5",-4.42463382367595,0.0339417321865956,"CLIP_Down","Yes","Decreased"
"Tatdn2","30v5",2.59848770486996,0.293519671884374,"NS","No","Not_labeled"
"Tax1bp1","30v5",-0.913224725644754,0.578677172326995,"NS","No","Not_labeled"
"Tbc1d12","30v5",-2.79730655874047,0.0971586857573307,"NS","No","Not_labeled"
"Tbc1d15","30v5",0.753597058516564,0.403807171106346,"NS","No","Not_labeled"
"Tbc1d16","30v5",-0.0340617420183369,0.97793009428366,"NS","No","Not_labeled"
"Tbc1d20","30v5",-2.37137760697802,0.167496652689334,"NS","No","Not_labeled"
"Tbc1d2b","30v5",-1.31863956572639,0.273480542726304,"NS","No","Not_labeled"
"Tbc1d30","30v5",-0.0466026359279671,0.972502188370465,"NS","No","Not_labeled"
"Tbc1d32","30v5",-1.22581841489375,0.199350215571704,"NS","No","Not_labeled"
"Tbc1d5","30v5",0.721585274872685,0.364418222793855,"NS","No","Not_labeled"
"Tbc1d8","30v5",-2.06409120470798,0.154749306504661,"NS","No","Not_labeled"
"Tbc1d8b","30v5",-2.00954730639671,0.0795894018506939,"NS","No","Not_labeled"
"Tbc1d9","30v5",-1.64580530079205,0.200435812619603,"NS","No","Not_labeled"
"Tbc1d9b","30v5",0.892018445739082,0.0891449894549954,"NS","No","Not_labeled"
"Tbcel","30v5",-3.9306684080972,0.0594326286798675,"NS","No","Not_labeled"
"Tbck","30v5",-0.276377209056072,0.803315782746244,"NS","No","Not_labeled"
"Tbk1","30v5",1.08494440127088,0.581398031233612,"NS","No","Not_labeled"
"Tbl1x","30v5",-0.857206661701016,0.516096053939524,"NS","No","Not_labeled"
"Tbl1xr1","30v5",-0.0586013753992578,0.947183348556899,"NS","No","Not_labeled"
"Tbpl1","30v5",-1.8785602980617,0.313131694289861,"NS","No","Not_labeled"
"Tbr1","30v5",-3.46556877771639,0.179927552080466,"NS","No","Not_labeled"
"Tcaf1","30v5",0.732792705929481,0.265708313063549,"NS","No","Not_labeled"
"Tcea1","30v5",0.110722653908916,0.94311300835312,"NS","No","Not_labeled"
"Tceal3","30v5",-0.404437546598171,0.813280272634902,"NS","No","Not_labeled"
"Tcerg1","30v5",-3.51472654005733,0.0764711523284618,"NS","No","Not_labeled"
"Tcf20","30v5",0.695749391704951,0.0115191171409636,"CLIP_Up","No","Not_labeled"
"Tcf25","30v5",0.686409204776416,0.212366123586745,"NS","No","Not_labeled"
"Tcf4","30v5",0.908437159481446,0.0891994809584768,"NS","No","Not_labeled"
"Tcof1","30v5",4.29542377193287,0.0523899580559191,"NS","No","Not_labeled"
"Tcp1","30v5",-4.81235134798768,0.0104453389773939,"CLIP_Down","No","Not_labeled"
"Tcp11l1","30v5",1.23636317523951,0.538883391375301,"NS","No","Not_labeled"
"Tdg","30v5",2.14533782249191,0.451747409125067,"NS","No","Not_labeled"
"Tdrd7","30v5",-3.71927043594738,0.0371268679348577,"CLIP_Down","No","Not_labeled"
"Tdrkh","30v5",0.315928998064763,0.872559349536418,"NS","No","Not_labeled"
"Tead1","30v5",-2.63500963611296,0.0302575946573948,"CLIP_Down","No","Not_labeled"
"Tecpr1","30v5",2.84923202349098,0.000770510018084974,"CLIP_Up","No","Not_labeled"
"Tecpr2","30v5",-0.253896578720994,0.845421158740971,"NS","No","Not_labeled"
"Tef","30v5",1.5368526644269,0.00380232010290519,"CLIP_Up","No","Not_labeled"
"Tenm1","30v5",0.765484991363925,0.245926709198619,"NS","No","Not_labeled"
"Tenm2","30v5",0.950318725314509,0.0882986027078741,"NS","No","Not_labeled"
"Tenm3","30v5",1.22641891176347,0.049126122625206,"CLIP_Up","No","Not_labeled"
"Tenm4","30v5",0.262512994757051,0.506822764045058,"NS","No","Not_labeled"
"Tent4a","30v5",-1.89806154979031,0.155291702817204,"NS","No","Not_labeled"
"Tent4b","30v5",-1.02755124912446,0.546089840901709,"NS","No","Not_labeled"
"Tesk1","30v5",2.74783035894474,0.243142074064156,"NS","No","Not_labeled"
"Tet1","30v5",-0.11081577681058,0.94043153518755,"NS","No","Not_labeled"
"Tet2","30v5",-2.15847392904735,0.163666477101961,"NS","No","Not_labeled"
"Tet3","30v5",-2.03328194456537,0.23562381500578,"NS","No","Not_labeled"
"Tex10","30v5",-2.97614341770038,0.170143904395587,"NS","No","Not_labeled"
"Tex2","30v5",0.0651171685463461,0.919774502945027,"NS","No","Not_labeled"
"Tfrc","30v5",-1.53693195973569,0.309765174503234,"NS","No","Not_labeled"
"Tgfb2","30v5",-1.47787109079806,0.210182348380362,"NS","No","Not_labeled"
"Tgfbr1","30v5",-1.4411595842384,0.380462023172621,"NS","No","Not_labeled"
"Tgfbrap1","30v5",1.2392671640827,0.29529727250878,"NS","No","Not_labeled"
"Tgoln1","30v5",-1.61138813008431,0.34514660592399,"NS","No","Not_labeled"
"Tgs1","30v5",-4.043266355475,0.00724396090518811,"CLIP_Down","No","Not_labeled"
"Thada","30v5",-0.890511061771012,0.343004165379984,"NS","No","Not_labeled"
"Thap12","30v5",0.111642417656293,0.897278280961985,"NS","No","Not_labeled"
"Thbd","30v5",-3.0073292741206,0.304298852249342,"NS","No","Not_labeled"
"Thnsl1","30v5",3.0034043558698,0.198261213957488,"NS","No","Not_labeled"
"Thoc1","30v5",-0.225393392782071,0.87190623601294,"NS","No","Not_labeled"
"Thoc2","30v5",-1.45316955747024,0.148742811964475,"NS","No","Not_labeled"
"Thra","30v5",0.32245555886866,0.562804237299627,"NS","No","Not_labeled"
"Thrap3","30v5",0.970779861508241,0.188303909479971,"NS","No","Not_labeled"
"Thrb","30v5",0.995768475217146,0.287277586483133,"NS","No","Not_labeled"
"Thsd4","30v5",-1.17591408389268,0.122503320182877,"NS","No","Not_labeled"
"Thsd7a","30v5",0.0283644844400115,0.984951171133643,"NS","No","Not_labeled"
"Thtpa","30v5",-3.63673075304374,0.0476574893158541,"CLIP_Down","No","Not_labeled"
"Thy1","30v5",2.18318859755536,0.0058408454705115,"CLIP_Up","Yes","Increased"
"Tial1","30v5",-1.27542579590998,0.327704096775407,"NS","No","Not_labeled"
"Tiam1","30v5",0.748568351817277,0.180156486170018,"NS","No","Not_labeled"
"Tiam2","30v5",1.15128961753481,0.373500560947938,"NS","No","Not_labeled"
"Timm17a","30v5",0.238715725505738,0.876896537230432,"NS","No","Not_labeled"
"Timm29","30v5",-3.66809937627827,0.170786647183523,"NS","No","Not_labeled"
"Timp3","30v5",0.772086694894463,0.58759144506672,"NS","No","Not_labeled"
"Tiparp","30v5",-1.14269472297715,0.524560555588472,"NS","No","Not_labeled"
"Tjp1","30v5",-1.02217597448372,0.0674277278507409,"NS","No","Not_labeled"
"Tjp2","30v5",-1.80437014174678,0.109568574423953,"NS","No","Not_labeled"
"Tkt","30v5",-0.683507275082356,0.744936633220841,"NS","No","Not_labeled"
"Tlcd3b","30v5",3.39890934238868,0.177822611713325,"NS","No","Not_labeled"
"Tlcd4","30v5",-0.06432542433354,0.965745539273176,"NS","No","Not_labeled"
"Tle1","30v5",-0.784680748039737,0.645476932078407,"NS","No","Not_labeled"
"Tle4","30v5",0.519951012797216,0.232103581862756,"NS","No","Not_labeled"
"Tle5","30v5",-2.87555002092277,0.200361958190862,"NS","No","Not_labeled"
"Tlk1","30v5",0.815099275581085,0.250340839883653,"NS","No","Not_labeled"
"Tlk2","30v5",-3.5901188222803,0.0692975452824031,"NS","No","Not_labeled"
"Tln1","30v5",-2.10591486907853,0.381662412887822,"NS","No","Not_labeled"
"Tln2","30v5",0.834734489311102,0.00453778495812767,"CLIP_Up","No","Not_labeled"
"Tlr3","30v5",-6.04844396405272,0.0278498724488723,"CLIP_Down","No","Not_labeled"
"Tm9sf2","30v5",-2.3270818586071,0.168443295394825,"NS","No","Not_labeled"
"Tm9sf3","30v5",-0.527030232697625,0.349897595899071,"NS","No","Not_labeled"
"Tmbim6","30v5",-5.45445903308639,0.012294559302585,"CLIP_Down","Yes","Decreased"
"Tmcc1","30v5",1.7076402514207,0.0467127420639169,"CLIP_Up","No","Not_labeled"
"Tmcc2","30v5",-1.2698906609235,0.517586437399686,"NS","No","Not_labeled"
"Tmcc3","30v5",-2.35392353918399,0.121488481481366,"NS","No","Not_labeled"
"Tmed2","30v5",-0.272641836694962,0.915230898279789,"NS","No","Not_labeled"
"Tmed5","30v5",-4.01021118311449,0.0585077929683196,"NS","No","Not_labeled"
"Tmeff1","30v5",1.38531195738381,0.185015471505414,"NS","No","Not_labeled"
"Tmeff2","30v5",0.38560890951963,0.714882356609419,"NS","No","Not_labeled"
"Tmem106b","30v5",1.60657843861901,0.0319730003848721,"CLIP_Up","No","Not_labeled"
"Tmem108","30v5",-1.75214073181594,0.234638242474301,"NS","No","Not_labeled"
"Tmem127","30v5",-0.727847689503675,0.670869721946219,"NS","No","Not_labeled"
"Tmem131","30v5",0.827451921484405,0.265330210399719,"NS","No","Not_labeled"
"Tmem132a","30v5",-0.441064017413065,0.858933659573274,"NS","No","Not_labeled"
"Tmem132b","30v5",0.00644074355146074,0.988614448896554,"NS","No","Not_labeled"
"Tmem135","30v5",-0.51926390634918,0.528148984818315,"NS","No","Not_labeled"
"Tmem144","30v5",-4.98270487681345,0.000336941752582883,"CLIP_Down","No","Not_labeled"
"Tmem151a","30v5",-0.870093613449202,0.705133449819867,"NS","No","Not_labeled"
"Tmem151b","30v5",1.70180258968827,0.0461148294636767,"CLIP_Up","No","Not_labeled"
"Tmem167","30v5",-3.30472144138661,0.0622831049704164,"NS","No","Not_labeled"
"Tmem167b","30v5",-4.00183339535447,0.196844917110736,"NS","No","Not_labeled"
"Tmem170b","30v5",-0.0168100441385599,0.984450133852099,"NS","No","Not_labeled"
"Tmem178","30v5",-1.25910481713034,0.378253282803434,"NS","No","Not_labeled"
"Tmem178b","30v5",0.466596406515682,0.497951109801277,"NS","No","Not_labeled"
"Tmem183a","30v5",-1.29809140905534,0.612258879769807,"NS","No","Not_labeled"
"Tmem184b","30v5",0.617902790148363,0.780052996326176,"NS","No","Not_labeled"
"Tmem184c","30v5",0.543990716558127,0.380264510521639,"NS","No","Not_labeled"
"Tmem198","30v5",-5.55782420174111,0.0702009710190389,"NS","No","Not_labeled"
"Tmem200a","30v5",1.20434747458515,0.259586163708148,"NS","No","Not_labeled"
"Tmem229a","30v5",-2.18849183172802,0.367552190407996,"NS","No","Not_labeled"
"Tmem229b","30v5",1.06534096079474,0.642020652575407,"NS","No","Not_labeled"
"Tmem245","30v5",1.00268488944603,0.0625646857934601,"NS","No","Not_labeled"
"Tmem248","30v5",-4.39943333324379,0.0867637899876218,"NS","No","Not_labeled"
"Tmem259","30v5",2.9996944088714,0.379408379324424,"NS","No","Not_labeled"
"Tmem30a","30v5",0.629852879637654,0.308275910471477,"NS","No","Not_labeled"
"Tmem33","30v5",1.10384756091464,0.205635913094066,"NS","No","Not_labeled"
"Tmem47","30v5",-1.80759397686879,0.366117587823336,"NS","No","Not_labeled"
"Tmem59","30v5",-4.02159364113774,0.0363177878934828,"CLIP_Down","No","Not_labeled"
"Tmem63b","30v5",2.27627350734073,0.333398756709124,"NS","No","Not_labeled"
"Tmem65","30v5",-1.1107092528935,0.545601284765017,"NS","No","Not_labeled"
"Tmem68","30v5",2.76117506069866,0.158719216890812,"NS","No","Not_labeled"
"Tmem88b","30v5",2.37120455892959,0.0109814013449569,"CLIP_Up","No","Not_labeled"
"Tmem8b","30v5",-2.58526357730623,0.281925268437949,"NS","No","Not_labeled"
"Tmem94","30v5",-0.544495907994159,0.758221523544709,"NS","No","Not_labeled"
"Tmem9b","30v5",0.0360699015957167,0.987140101326947,"NS","No","Not_labeled"
"Tmf1","30v5",-2.77076830466243,0.12459667627036,"NS","No","Not_labeled"
"Tmod2","30v5",0.146468717468801,0.749622353176358,"NS","No","Not_labeled"
"Tmsb4x","30v5",0.938892744000506,0.139027035899742,"NS","No","Not_labeled"
"Tmtc1","30v5",0.646087181199364,0.165745420905353,"NS","No","Not_labeled"
"Tmub2","30v5",1.85441747684097,0.628047063338576,"NS","No","Not_labeled"
"Tmx2","30v5",-4.93000137624207,0.0753824833218061,"NS","No","Not_labeled"
"Tmx3","30v5",-2.8665721466265,0.0866500882443878,"NS","No","Not_labeled"
"Tmx4","30v5",1.01187597635553,0.112552241252561,"NS","No","Not_labeled"
"Tnfaip1","30v5",-2.37611856538059,0.389546903461113,"NS","No","Not_labeled"
"Tnfaip3","30v5",-2.02705032036364,0.26784581918662,"NS","No","Not_labeled"
"Tnfrsf19","30v5",-1.53735390710513,0.231380457360792,"NS","No","Not_labeled"
"Tnfrsf21","30v5",2.57229199364809,9.911359817964e-05,"CLIP_Up","No","Not_labeled"
"Tnik","30v5",0.474926915681508,0.367441394452347,"NS","No","Not_labeled"
"Tnk2","30v5",-1.3304951536815,0.584024408196352,"NS","No","Not_labeled"
"Tnks","30v5",-0.241770314993657,0.652425252752208,"NS","No","Not_labeled"
"Tnks1bp1","30v5",-1.0418327068856,0.632564941926354,"NS","No","Not_labeled"
"Tnks2","30v5",0.382682263655394,0.279066699159041,"NS","No","Not_labeled"
"Tnpo1","30v5",-2.69596919620304,0.0654646811255463,"NS","No","Not_labeled"
"Tnpo2","30v5",-1.1295466583148,0.580779999069449,"NS","No","Not_labeled"
"Tnpo3","30v5",-2.46222259367555,0.249882608233494,"NS","No","Not_labeled"
"Tnr","30v5",1.24987348341936,0.083246584706476,"NS","No","Not_labeled"
"Tnrc18","30v5",-0.0856373823207317,0.959452681759592,"NS","No","Not_labeled"
"Tnrc6a","30v5",-1.91273966203489,0.243570848501662,"NS","No","Not_labeled"
"Tnrc6b","30v5",0.286802710770433,0.350095199965255,"NS","No","Not_labeled"
"Tnrc6c","30v5",-2.35658408787827,0.0731523465645576,"NS","No","Not_labeled"
"Tns1","30v5",-1.11827087447055,0.283207805303241,"NS","No","Not_labeled"
"Tns3","30v5",-1.92024415873906,0.074830537592452,"NS","No","Not_labeled"
"Tob1","30v5",-1.91396453496991,0.334550628751392,"NS","No","Not_labeled"
"Togaram1","30v5",0.739134419556727,0.318178150700455,"NS","No","Not_labeled"
"Tollip","30v5",-0.606805024512111,0.649134462900006,"NS","No","Not_labeled"
"Tom1","30v5",-2.5139867834074,0.241251463267303,"NS","No","Not_labeled"
"Tomm20","30v5",-0.581164425992726,0.399705369844358,"NS","No","Not_labeled"
"Tomm34","30v5",-1.82607188681282,0.500719611274018,"NS","No","Not_labeled"
"Tomm40","30v5",-1.38078665271956,0.636337661582918,"NS","No","Not_labeled"
"Tomm70a","30v5",0.6672270565693,0.24376859547102,"NS","No","Not_labeled"
"Top1","30v5",-1.40264339858824,0.173637511885711,"NS","No","Not_labeled"
"Top2b","30v5",-0.783763473359782,0.401315053038445,"NS","No","Not_labeled"
"Topbp1","30v5",-0.14089778529526,0.926802022547327,"NS","No","Not_labeled"
"Topors","30v5",-2.38948800946378,0.262052891997915,"NS","No","Not_labeled"
"Tor1aip1","30v5",-1.85880318126436,0.503401115177287,"NS","No","Not_labeled"
"Tor1aip2","30v5",-1.96917330817459,0.449462249643685,"NS","No","Not_labeled"
"Tox4","30v5",-0.370285143680913,0.811932195068028,"NS","No","Not_labeled"
"Tpd52","30v5",-0.710691448353537,0.675806115662021,"NS","No","Not_labeled"
"Tpgs2","30v5",0.307530476478109,0.865011312918776,"NS","No","Not_labeled"
"Tpi1","30v5",-4.50563528478827,0.14982586515961,"NS","No","Not_labeled"
"Tpp2","30v5",0.874899415707113,0.209871924069418,"NS","No","Not_labeled"
"Tppp","30v5",0.0855521716319876,0.824245487106901,"NS","No","Not_labeled"
"Tpr","30v5",0.127981563991913,0.81505835889755,"NS","No","Not_labeled"
"Tprg1l","30v5",-2.68556861569448,0.289032947791896,"NS","No","Not_labeled"
"Tpt1","30v5",-2.95266617616562,0.338870140903728,"NS","No","Not_labeled"
"Tra2b","30v5",-2.55618623639437,0.127069001680771,"NS","No","Not_labeled"
"Traf3","30v5",-0.662198523133648,0.677506246084221,"NS","No","Not_labeled"
"Traf6","30v5",-4.7428998414793,0.0110095160853412,"CLIP_Down","No","Not_labeled"
"Traf7","30v5",-1.60925576312398,0.190742513158832,"NS","No","Not_labeled"
"Trafd1","30v5",-2.18535633227574,0.328066723846657,"NS","No","Not_labeled"
"Trak1","30v5",0.81305114064787,0.0697697405966881,"NS","No","Not_labeled"
"Trak2","30v5",0.959178082869535,0.0383675019661059,"CLIP_Up","No","Not_labeled"
"Tram1","30v5",-2.71017407800096,0.183735003874629,"NS","No","Not_labeled"
"Trank1","30v5",-1.36007376513507,0.293927427979065,"NS","No","Not_labeled"
"Trap1","30v5",-2.11575986651606,0.198598365530805,"NS","No","Not_labeled"
"Trappc10","30v5",0.600996984654521,0.141652621012702,"NS","No","Not_labeled"
"Trappc11","30v5",-0.64962696746302,0.596673957369627,"NS","No","Not_labeled"
"Trappc12","30v5",-2.01167722148105,0.0652280184715971,"NS","No","Not_labeled"
"Trappc13","30v5",-3.53481920887195,0.0229658029951588,"CLIP_Down","No","Not_labeled"
"Trappc2","30v5",-3.41950862307026,0.199176525781752,"NS","No","Not_labeled"
"Trappc6b","30v5",-3.44066298881663,0.0866220856668515,"NS","No","Not_labeled"
"Trappc8","30v5",0.956568448870339,0.0442287819722547,"CLIP_Up","No","Not_labeled"
"Trappc9","30v5",-0.976649634545031,0.404482377561678,"NS","No","Not_labeled"
"Trf","30v5",-4.54224420643816,0.0363797801511397,"CLIP_Down","No","Not_labeled"
"Trhde","30v5",1.30847590029625,0.0814195745186404,"NS","No","Not_labeled"
"Trib1","30v5",-2.42388756277207,0.234144959091423,"NS","No","Not_labeled"
"Tril","30v5",-1.16131527101254,0.61405309347039,"NS","No","Not_labeled"
"Trim2","30v5",0.574307413404269,0.221358975886551,"NS","No","Not_labeled"
"Trim23","30v5",-1.39252706743329,0.419740987946561,"NS","No","Not_labeled"
"Trim24","30v5",-2.94750624110414,0.177601228411871,"NS","No","Not_labeled"
"Trim28","30v5",0.24255398735056,0.885271218274213,"NS","No","Not_labeled"
"Trim3","30v5",-1.8299598204115,0.375537052663862,"NS","No","Not_labeled"
"Trim32","30v5",-1.01282294373091,0.606872209582705,"NS","No","Not_labeled"
"Trim33","30v5",-1.50692590191416,0.334865492621312,"NS","No","Not_labeled"
"Trim35","30v5",-1.42742430792711,0.463450621141114,"NS","No","Not_labeled"
"Trim37","30v5",0.98627500492292,0.0989743725675036,"NS","No","Not_labeled"
"Trim44","30v5",-0.622041791342372,0.356115827901131,"NS","No","Not_labeled"
"Trim66","30v5",0.0754519461676271,0.967125452768786,"NS","No","Not_labeled"
"Trim8","30v5",-1.40848470345128,0.402185366974058,"NS","No","Not_labeled"
"Trim9","30v5",0.592512156537867,0.271987180823266,"NS","No","Not_labeled"
"Trio","30v5",0.626284656285119,0.117246050725455,"NS","No","Not_labeled"
"Trip11","30v5",0.0194659531689965,0.979293777941599,"NS","No","Not_labeled"
"Trip12","30v5",0.950448717374081,0.0942876799314877,"NS","No","Not_labeled"
"Trip4","30v5",-2.15309992682399,0.280216180088771,"NS","No","Not_labeled"
"Trmt1l","30v5",-2.71990039716293,0.263531765458071,"NS","No","Not_labeled"
"Trnp1","30v5",-1.15749082995232,0.618762247645525,"NS","No","Not_labeled"
"Tro","30v5",-0.24634070750585,0.891186173209598,"NS","No","Not_labeled"
"Trp53bp1","30v5",0.949547899251896,0.199418961567723,"NS","No","Not_labeled"
"Trp53bp2","30v5",-3.42433712558539,0.0311518955648199,"CLIP_Down","No","Not_labeled"
"Trp53inp2","30v5",-1.4674266753615,0.417873812279691,"NS","No","Not_labeled"
"Trpc1","30v5",2.34634060469062,0.328085400984645,"NS","No","Not_labeled"
"Trpc4","30v5",0.623661185315254,0.524435654203915,"NS","No","Not_labeled"
"Trpc4ap","30v5",-1.85812979810305,0.12271246541123,"NS","No","Not_labeled"
"Trpc5","30v5",0.457497375202882,0.553462477975763,"NS","No","Not_labeled"
"Trpm3","30v5",0.15413771790668,0.83781526321195,"NS","No","Not_labeled"
"Trpm7","30v5",-2.4533307145588,0.0579690477285327,"NS","No","Not_labeled"
"Trps1","30v5",1.30890771268321,0.0716642350761813,"NS","No","Not_labeled"
"Trrap","30v5",0.0652892424609659,0.917711599081492,"NS","No","Not_labeled"
"Tsc2","30v5",-1.46543348086505,0.382084433934834,"NS","No","Not_labeled"
"Tsc22d1","30v5",1.13528020251403,0.000396724816312948,"CLIP_Up","No","Not_labeled"
"Tsc22d2","30v5",0.217277348650785,0.717479362168247,"NS","No","Not_labeled"
"Tsg101","30v5",-0.378515097610891,0.872866544864576,"NS","No","Not_labeled"
"Tshz1","30v5",0.560243199092107,0.568334182546419,"NS","No","Not_labeled"
"Tshz2","30v5",1.49007363649029,0.10170395501663,"NS","No","Not_labeled"
"Tsn","30v5",-0.697860106631571,0.712435568081388,"NS","No","Not_labeled"
"Tsnax","30v5",-1.46344380255984,0.322808246158291,"NS","No","Not_labeled"
"Tspan13","30v5",-0.336661536050053,0.587193890138595,"NS","No","Not_labeled"
"Tspan2","30v5",-2.46688586634306,0.241083585802868,"NS","No","Not_labeled"
"Tspan3","30v5",0.20266583011736,0.711921133083927,"NS","No","Not_labeled"
"Tspan5","30v5",-1.01018410883732,0.525308064300841,"NS","No","Not_labeled"
"Tspan7","30v5",-1.2805348652107,0.382871036559745,"NS","No","Not_labeled"
"Tspoap1","30v5",0.883512603374026,0.219184399515469,"NS","No","Not_labeled"
"Tspyl1","30v5",-1.85004912182189,0.379640780708873,"NS","No","Not_labeled"
"Tspyl2","30v5",-2.93521798171349,0.197266357075988,"NS","No","Not_labeled"
"Tspyl4","30v5",0.293812133535484,0.527923513982499,"NS","No","Not_labeled"
"Tsr1","30v5",-1.58068467790902,0.675551891239831,"NS","No","Not_labeled"
"Ttbk1","30v5",0.85317798086559,0.118663702258439,"NS","No","Not_labeled"
"Ttbk2","30v5",-0.44345173359119,0.381377494625841,"NS","No","Not_labeled"
"Ttc13","30v5",-0.155401680177643,0.945497659394942,"NS","No","Not_labeled"
"Ttc14","30v5",0.313910522478292,0.714208974799208,"NS","No","Not_labeled"
"Ttc17","30v5",-0.317712521661614,0.855023463982783,"NS","No","Not_labeled"
"Ttc19","30v5",-2.10700825983179,0.126544786611,"NS","No","Not_labeled"
"Ttc28","30v5",-1.25245553250792,0.139579483033753,"NS","No","Not_labeled"
"Ttc3","30v5",1.26848325383455,0.0248197958911923,"CLIP_Up","No","Not_labeled"
"Ttc39b","30v5",0.19311321517319,0.88117585673168,"NS","No","Not_labeled"
"Ttc39c","30v5",2.01752468265746,0.0882641932256888,"NS","No","Not_labeled"
"Ttc7b","30v5",0.665550673289109,0.129563400864397,"NS","No","Not_labeled"
"Tti1","30v5",-3.2970807007547,0.0768188652935903,"NS","No","Not_labeled"
"Ttl","30v5",1.72496147581823,0.347226977641893,"NS","No","Not_labeled"
"Ttll4","30v5",-0.602427497073793,0.736320432266616,"NS","No","Not_labeled"
"Ttll7","30v5",0.374834617910013,0.473320521400322,"NS","No","Not_labeled"
"Ttpal","30v5",0.411644549938918,0.516410642979922,"NS","No","Not_labeled"
"Ttr","30v5",1.71021084411806,0.157859244291817,"NS","No","Not_labeled"
"Ttyh1","30v5",-4.21477100607516,0.16373893456508,"NS","No","Not_labeled"
"Ttyh3","30v5",0.456790836113282,0.802383848195508,"NS","No","Not_labeled"
"Tub","30v5",0.201512805212052,0.817546149555768,"NS","No","Not_labeled"
"Tuba1a","30v5",2.58751259903976,0.254681822036198,"NS","No","Not_labeled"
"Tuba1b","30v5",-2.55683128584987,0.312293422756139,"NS","No","Not_labeled"
"Tuba4a","30v5",-0.499409253257321,0.830566276943029,"NS","No","Not_labeled"
"Tubb2a","30v5",0.829297455527919,0.143631635006523,"NS","No","Not_labeled"
"Tubb2b","30v5",-3.24960187698619,0.284736445604449,"NS","No","Not_labeled"
"Tubb4a","30v5",-2.12114275084212,0.347724465032424,"NS","No","Not_labeled"
"Tubb5","30v5",2.38765485864422,0.0274768469010841,"CLIP_Up","No","Not_labeled"
"Tubgcp2","30v5",-2.86205386489395,0.0700137648540775,"NS","No","Not_labeled"
"Tubgcp3","30v5",-2.07007624188646,0.176597104518003,"NS","No","Not_labeled"
"Tubgcp6","30v5",-1.26775626233778,0.578598670110675,"NS","No","Not_labeled"
"Tulp4","30v5",0.242869184241671,0.648803157985697,"NS","No","Not_labeled"
"Tut4","30v5",1.10181287229173,0.0638334029065995,"NS","No","Not_labeled"
"Tut7","30v5",-1.09607844064041,0.338052976767853,"NS","No","Not_labeled"
"Twf1","30v5",-1.15307469210351,0.536615136171432,"NS","No","Not_labeled"
"Txndc11","30v5",-1.54727370664501,0.456906525662663,"NS","No","Not_labeled"
"Txndc16","30v5",-3.73328698345074,0.0113083017194864,"CLIP_Down","No","Not_labeled"
"Txnl4a","30v5",-4.53837283277715,0.0493733930319966,"CLIP_Down","No","Not_labeled"
"Txnrd1","30v5",0.213786342014339,0.806187437230466,"NS","No","Not_labeled"
"Tyro3","30v5",-0.498100241324094,0.861603638733173,"NS","No","Not_labeled"
"U2af2","30v5",-4.43611876903484,0.0844428353317793,"NS","No","Not_labeled"
"U2surp","30v5",-2.36068787013407,0.281879222591513,"NS","No","Not_labeled"
"Uap1","30v5",-2.32481907403135,0.28793734401062,"NS","No","Not_labeled"
"Uba1","30v5",-1.07984296975225,0.565542942757647,"NS","No","Not_labeled"
"Uba3","30v5",-4.12246366263657,0.0252109241139704,"CLIP_Down","No","Not_labeled"
"Uba6","30v5",-2.25136805667822,0.109253457266579,"NS","No","Not_labeled"
"Ubap1","30v5",-4.71063824624803,0.00455252107017513,"CLIP_Down","No","Not_labeled"
"Ubap2","30v5",-0.0419022770730066,0.981811896990938,"NS","No","Not_labeled"
"Ubap2l","30v5",-0.781985097616253,0.637620360999555,"NS","No","Not_labeled"
"Ubash3b","30v5",-0.201131061435103,0.903865410010261,"NS","No","Not_labeled"
"Ubb","30v5",1.19027188662985,0.199585267095756,"NS","No","Not_labeled"
"Ubc","30v5",-1.76265921006198,0.387661273247717,"NS","No","Not_labeled"
"Ube2b","30v5",-2.78101404948994,0.131769978976493,"NS","No","Not_labeled"
"Ube2d2a","30v5",-0.743923091244861,0.643070817315873,"NS","No","Not_labeled"
"Ube2d3","30v5",0.582888675805815,0.184423098780751,"NS","No","Not_labeled"
"Ube2e2","30v5",1.69048073783463,0.103420198901372,"NS","No","Not_labeled"
"Ube2g1","30v5",1.45786630108879,0.405151917796363,"NS","No","Not_labeled"
"Ube2h","30v5",2.18938302632941,0.00186435515944048,"CLIP_Up","No","Not_labeled"
"Ube2j1","30v5",0.586627976947765,0.773233965046673,"NS","No","Not_labeled"
"Ube2k","30v5",-0.165277871043173,0.866892632736811,"NS","No","Not_labeled"
"Ube2l3","30v5",-1.38199319907379,0.453301474371347,"NS","No","Not_labeled"
"Ube2n","30v5",-0.213436060204306,0.87415357160848,"NS","No","Not_labeled"
"Ube2o","30v5",-0.0561649455976432,0.968751879612894,"NS","No","Not_labeled"
"Ube2q1","30v5",1.29649894889072,0.141189542076161,"NS","No","Not_labeled"
"Ube2q2","30v5",-0.705802258288929,0.621281636764088,"NS","No","Not_labeled"
"Ube2ql1","30v5",-2.0334872654006,0.316200713913159,"NS","No","Not_labeled"
"Ube2r2","30v5",-0.420450568366754,0.756086263070326,"NS","No","Not_labeled"
"Ube2w","30v5",-3.25106614189079,0.0134929738683862,"CLIP_Down","No","Not_labeled"
"Ube3a","30v5",0.111970501393316,0.865976009378251,"NS","No","Not_labeled"
"Ube3b","30v5",0.43842423427807,0.48453038090352,"NS","No","Not_labeled"
"Ube3c","30v5",0.525146211247997,0.373520936065483,"NS","No","Not_labeled"
"Ube4a","30v5",-2.12490608849903,0.145762980614425,"NS","No","Not_labeled"
"Ube4b","30v5",-0.535652584915253,0.241054688455834,"NS","No","Not_labeled"
"Ubl3","30v5",0.0338696820321904,0.960281196667724,"NS","No","Not_labeled"
"Ubn1","30v5",-0.492066840860931,0.739528017439395,"NS","No","Not_labeled"
"Ubn2","30v5",-0.219686538564009,0.669026511559818,"NS","No","Not_labeled"
"Ubp1","30v5",-2.55757423498884,0.0889726018196279,"NS","No","Not_labeled"
"Ubqln1","30v5",1.12446374609129,0.0597947113630181,"NS","No","Not_labeled"
"Ubqln2","30v5",1.25316697820065,0.0141702596906381,"CLIP_Up","Yes","Increased"
"Ubqln4","30v5",2.71917172362687,0.00268260544592212,"CLIP_Up","No","Not_labeled"
"Ubr1","30v5",-1.15492357656726,0.347658763656741,"NS","No","Not_labeled"
"Ubr2","30v5",-1.75124455631368,0.209729413536369,"NS","No","Not_labeled"
"Ubr3","30v5",-0.0908822205799886,0.776075384041401,"NS","No","Not_labeled"
"Ubr4","30v5",0.320801038590779,0.527685786473649,"NS","No","Not_labeled"
"Ubr5","30v5",-0.719064606916755,0.137945896571727,"NS","No","Not_labeled"
"Ubxn1","30v5",-4.43923197821175,0.159145175216658,"NS","No","Not_labeled"
"Ubxn2a","30v5",2.05158059691195,0.356150847469825,"NS","No","Not_labeled"
"Ubxn2b","30v5",-0.92440867277707,0.671887935046694,"NS","No","Not_labeled"
"Ubxn4","30v5",-2.84649289426269,0.080258051767687,"NS","No","Not_labeled"
"Ubxn7","30v5",-2.48496679558965,0.0855756833635605,"NS","No","Not_labeled"
"Uck2","30v5",-1.64974406435211,0.167210855160115,"NS","No","Not_labeled"
"Ufl1","30v5",-1.32721259111789,0.536095437122293,"NS","No","Not_labeled"
"Ufm1","30v5",-3.70092203443476,0.0960579968969844,"NS","No","Not_labeled"
"Ugcg","30v5",-0.977513659890063,0.421632548115725,"NS","No","Not_labeled"
"Ugdh","30v5",-0.0597487389129259,0.975700317867556,"NS","No","Not_labeled"
"Uggt1","30v5",-3.03853108678307,0.0292588454426508,"CLIP_Down","No","Not_labeled"
"Uggt2","30v5",-0.369891041114411,0.764371395452525,"NS","No","Not_labeled"
"Ugp2","30v5",-3.96219158968415,0.0708371825762422,"NS","No","Not_labeled"
"Ugt8a","30v5",-3.24629378209359,0.0429244670275521,"CLIP_Down","No","Not_labeled"
"Uhmk1","30v5",0.86983039743526,0.155368760613199,"NS","No","Not_labeled"
"Uhrf2","30v5",0.112105925267505,0.94193729625091,"NS","No","Not_labeled"
"Ulk1","30v5",0.636478834910206,0.271515376517859,"NS","No","Not_labeled"
"Ulk2","30v5",0.168910193904465,0.753301620743944,"NS","No","Not_labeled"
"Umad1","30v5",0.195328111139415,0.866260106205887,"NS","No","Not_labeled"
"Unc13a","30v5",1.00773137767628,0.0586816492744389,"NS","No","Not_labeled"
"Unc13c","30v5",0.403752544213461,0.249916738302553,"NS","No","Not_labeled"
"Unc5a","30v5",0.97307761421125,0.130499123461074,"NS","No","Not_labeled"
"Unc5b","30v5",-3.03501094159759,0.00957058015228303,"CLIP_Down","No","Not_labeled"
"Unc5c","30v5",-1.87357319442578,0.100617684694637,"NS","No","Not_labeled"
"Unc5d","30v5",-1.01262569393233,0.119634890940843,"NS","No","Not_labeled"
"Unc79","30v5",0.609903348250268,0.279538442279459,"NS","No","Not_labeled"
"Unc80","30v5",0.863834622043879,0.0957610029475369,"NS","No","Not_labeled"
"Unkl","30v5",-0.858947403956849,0.693086562672935,"NS","No","Not_labeled"
"Upf1","30v5",1.49122451374049,0.0784281374700932,"NS","No","Not_labeled"
"Upf2","30v5",-0.231233935441086,0.673878269842896,"NS","No","Not_labeled"
"Uqcrc1","30v5",4.11439219934449,0.0520414976517218,"NS","No","Not_labeled"
"Uqcrc2","30v5",0.0964325735723879,0.944754941262085,"NS","No","Not_labeled"
"Urb1","30v5",-2.17984103305933,0.0912955352061725,"NS","No","Not_labeled"
"Uri1","30v5",-1.07875925839656,0.327368153429957,"NS","No","Not_labeled"
"Usf3","30v5",0.187078455372563,0.609780481422992,"NS","No","Not_labeled"
"Uso1","30v5",0.619693368270184,0.445786626464796,"NS","No","Not_labeled"
"Usp1","30v5",-3.56475251795849,0.0982353318608164,"NS","No","Not_labeled"
"Usp10","30v5",-1.38008124125324,0.545454972690241,"NS","No","Not_labeled"
"Usp11","30v5",-1.28285998967433,0.474693580556678,"NS","No","Not_labeled"
"Usp12","30v5",-1.50831650790145,0.150469159887959,"NS","No","Not_labeled"
"Usp14","30v5",-3.09732287858351,0.0123639891189009,"CLIP_Down","No","Not_labeled"
"Usp15","30v5",0.262709430737905,0.737705327603067,"NS","No","Not_labeled"
"Usp16","30v5",-0.697553750447184,0.715421191574517,"NS","No","Not_labeled"
"Usp2","30v5",0.549158318314923,0.83662757435241,"NS","No","Not_labeled"
"Usp20","30v5",0.0704318906363604,0.970756847402151,"NS","No","Not_labeled"
"Usp22","30v5",-0.266144695671579,0.875230012374259,"NS","No","Not_labeled"
"Usp24","30v5",-0.630849638640458,0.209378561348689,"NS","No","Not_labeled"
"Usp25","30v5",-0.694766363940983,0.594597040864423,"NS","No","Not_labeled"
"Usp27x","30v5",-0.526775058035124,0.819573069477271,"NS","No","Not_labeled"
"Usp29","30v5",-5.73863910641809,0.086786525341993,"NS","No","Not_labeled"
"Usp31","30v5",0.613250692712496,0.317999857516623,"NS","No","Not_labeled"
"Usp32","30v5",0.570552491915392,0.261978574304379,"NS","No","Not_labeled"
"Usp33","30v5",0.643414237901608,0.191965332340179,"NS","No","Not_labeled"
"Usp34","30v5",-0.0571770129010742,0.844994200499576,"NS","No","Not_labeled"
"Usp37","30v5",-0.520417326987556,0.675818001358928,"NS","No","Not_labeled"
"Usp38","30v5",-2.50941799151855,0.114896992448622,"NS","No","Not_labeled"
"Usp4","30v5",-3.43951723135251,0.051895023681707,"NS","No","Not_labeled"
"Usp40","30v5",-4.83364176672505,0.00848729436311818,"CLIP_Down","No","Not_labeled"
"Usp42","30v5",1.40628722939455,0.521120697212172,"NS","No","Not_labeled"
"Usp45","30v5",1.12972916794449,0.0726184763564542,"NS","No","Not_labeled"
"Usp46","30v5",0.682759137247932,0.347084611535154,"NS","No","Not_labeled"
"Usp47","30v5",-0.0615146522048935,0.924065483406723,"NS","No","Not_labeled"
"Usp48","30v5",-3.02598540762712,0.0956224627777536,"NS","No","Not_labeled"
"Usp5","30v5",-3.1329611835109,0.147116084061704,"NS","No","Not_labeled"
"Usp53","30v5",-2.73109228827895,0.114928538588666,"NS","No","Not_labeled"
"Usp54","30v5",-1.83782119729224,0.162102244569882,"NS","No","Not_labeled"
"Usp6nl","30v5",-3.11149306766473,0.044954480318037,"CLIP_Down","No","Not_labeled"
"Usp7","30v5",0.182764738673985,0.787386216634391,"NS","No","Not_labeled"
"Usp8","30v5",-1.08935787965113,0.482544417949396,"NS","No","Not_labeled"
"Usp9x","30v5",-0.0686480985546432,0.841788962771145,"NS","No","Not_labeled"
"Ust","30v5",-0.319671591077054,0.764154230346989,"NS","No","Not_labeled"
"Utp14b","30v5",0.442181275080112,0.545626200983987,"NS","No","Not_labeled"
"Utp20","30v5",-0.277498221138632,0.520610422551769,"NS","No","Not_labeled"
"Utp25","30v5",-2.60321079596845,0.266559787576591,"NS","No","Not_labeled"
"Utp4","30v5",2.73172199861109,0.206986725465902,"NS","No","Not_labeled"
"Utp6","30v5",-1.34144141207907,0.493514418700501,"NS","No","Not_labeled"
"Utrn","30v5",-1.79104961264419,0.17289577799224,"NS","No","Not_labeled"
"Uvrag","30v5",0.974613121519857,0.28861125585871,"NS","No","Not_labeled"
"Uvssa","30v5",-6.43762452971564,0.00135005244940592,"CLIP_Down","No","Not_labeled"
"Uxs1","30v5",-3.1089657759374,0.0756535144380714,"NS","No","Not_labeled"
"Vamp2","30v5",-1.24531394048629,0.550072603511973,"NS","No","Not_labeled"
"Vapa","30v5",3.23650792160603,0.0231864007424209,"CLIP_Up","No","Not_labeled"
"Vapb","30v5",-1.95448241323007,0.315312901061124,"NS","No","Not_labeled"
"Vav3","30v5",-1.13995739118522,0.23542709739115,"NS","No","Not_labeled"
"Vcp","30v5",-1.50386361658842,0.320187313994535,"NS","No","Not_labeled"
"Vcpip1","30v5",-0.748510314557535,0.0669702742363029,"NS","No","Not_labeled"
"Vdac1","30v5",1.04568497477653,0.242810807387633,"NS","No","Not_labeled"
"Vdac2","30v5",0.1150128483183,0.938286727670077,"NS","No","Not_labeled"
"Vdac3","30v5",2.6172407806071,0.365569906445377,"NS","No","Not_labeled"
"Vegfa","30v5",-4.43414016568609,0.00886462718063049,"CLIP_Down","No","Not_labeled"
"Vegfb","30v5",-6.80386310148049,0.0338103497729457,"CLIP_Down","No","Not_labeled"
"Vezf1","30v5",-3.62435812219225,0.183137723566466,"NS","No","Not_labeled"
"Vezt","30v5",-4.84390727536849,0.00691566688778703,"CLIP_Down","No","Not_labeled"
"Vim","30v5",-1.74652177169969,0.479778019275128,"NS","No","Not_labeled"
"Vipas39","30v5",-6.25373189172551,0.00855408062566781,"CLIP_Down","No","Not_labeled"
"Virma","30v5",-2.24365650770488,0.248226192336299,"NS","No","Not_labeled"
"Vkorc1l1","30v5",-1.52274268441488,0.35093292590359,"NS","No","Not_labeled"
"Vldlr","30v5",-0.135206467402464,0.948358155209256,"NS","No","Not_labeled"
"Vma21","30v5",1.10075646246842,0.670912165031324,"NS","No","Not_labeled"
"Vmp1","30v5",-1.04087762210697,0.330710999020923,"NS","No","Not_labeled"
"Vps11","30v5",-4.37912179720487,0.0599960457702866,"NS","No","Not_labeled"
"Vps13a","30v5",0.273506220235595,0.422929038381841,"NS","No","Not_labeled"
"Vps13b","30v5",0.0655693764748513,0.902154202290116,"NS","No","Not_labeled"
"Vps13c","30v5",0.43281620168749,0.238747148170855,"NS","No","Not_labeled"
"Vps13d","30v5",0.313503755610232,0.449073883964725,"NS","No","Not_labeled"
"Vps26a","30v5",-4.28242172302375,0.056957052397633,"NS","No","Not_labeled"
"Vps26b","30v5",0.633370523612428,0.213079374269848,"NS","No","Not_labeled"
"Vps33a","30v5",-0.191808421603297,0.891186508331896,"NS","No","Not_labeled"
"Vps35","30v5",0.0302055565099102,0.951046736920925,"NS","No","Not_labeled"
"Vps35l","30v5",1.54764111553627,0.301584457869798,"NS","No","Not_labeled"
"Vps37a","30v5",-0.867690073915168,0.555422266635089,"NS","No","Not_labeled"
"Vps39","30v5",-3.28833403582184,0.0132660590109219,"CLIP_Down","No","Not_labeled"
"Vps41","30v5",-0.438834432474719,0.705127527552478,"NS","No","Not_labeled"
"Vps4a","30v5",-1.66038881200096,0.459334128558926,"NS","No","Not_labeled"
"Vps4b","30v5",-5.25184136734459,0.0178170740230433,"CLIP_Down","No","Not_labeled"
"Vps50","30v5",-4.45859984490552,0.00844374237088348,"CLIP_Down","No","Not_labeled"
"Vps51","30v5",1.82279714175811,0.441611827634392,"NS","No","Not_labeled"
"Vps53","30v5",-2.23977175568902,0.120207215163143,"NS","No","Not_labeled"
"Vps54","30v5",-0.844457549165362,0.114013026421499,"NS","No","Not_labeled"
"Vsnl1","30v5",-0.24052501899874,0.823288178183763,"NS","No","Not_labeled"
"Vstm2a","30v5",-0.197837870784461,0.828328077825052,"NS","No","Not_labeled"
"Vta1","30v5",-2.2988267075185,0.174799602463209,"NS","No","Not_labeled"
"Vti1b","30v5",-3.17242106258412,0.278561315516193,"NS","No","Not_labeled"
"Vwa5a","30v5",-2.89429773138836,0.239202574762224,"NS","No","Not_labeled"
"Vwa8","30v5",-0.748279129135353,0.224015297149336,"NS","No","Not_labeled"
"Vxn","30v5",-1.09749457429572,0.450765567412495,"NS","No","Not_labeled"
"Wac","30v5",-1.86116915263582,0.193203401541535,"NS","No","Not_labeled"
"Wapl","30v5",0.565169328404318,0.383305881037141,"NS","No","Not_labeled"
"Wasf1","30v5",0.720585944141464,0.208329283833692,"NS","No","Not_labeled"
"Wasf3","30v5",0.649786546133173,0.244292428622852,"NS","No","Not_labeled"
"Washc1","30v5",-2.31069467508735,0.477246973175167,"NS","No","Not_labeled"
"Washc2","30v5",-1.63652459404391,0.210757138551764,"NS","No","Not_labeled"
"Washc4","30v5",-0.355417420921953,0.804770430142319,"NS","No","Not_labeled"
"Washc5","30v5",-0.19336739626114,0.914177896866915,"NS","No","Not_labeled"
"Wasl","30v5",0.716608775000803,0.393448028041247,"NS","No","Not_labeled"
"Wbp11","30v5",-2.31690909519885,0.247573931035284,"NS","No","Not_labeled"
"Wbp1l","30v5",2.03138848625808,0.400038606220668,"NS","No","Not_labeled"
"Wbp2","30v5",-0.344895140256495,0.907157095733884,"NS","No","Not_labeled"
"Wbp4","30v5",-2.30222686342806,0.206295294220106,"NS","No","Not_labeled"
"Wdfy1","30v5",-5.90751400398872,0.00221226586640648,"CLIP_Down","No","Not_labeled"
"Wdfy3","30v5",0.284721659485471,0.406180446239413,"NS","No","Not_labeled"
"Wdpcp","30v5",0.812635600747212,0.266801216639671,"NS","No","Not_labeled"
"Wdr1","30v5",-0.256892126939954,0.666450496543586,"NS","No","Not_labeled"
"Wdr13","30v5",-1.59149520604104,0.499440619263309,"NS","No","Not_labeled"
"Wdr26","30v5",-0.806918197573853,0.191422244833746,"NS","No","Not_labeled"
"Wdr33","30v5",0.761089371010728,0.528366144748314,"NS","No","Not_labeled"
"Wdr35","30v5",-2.08733743657945,0.269492209761306,"NS","No","Not_labeled"
"Wdr36","30v5",-3.74277855775459,0.0638863914189848,"NS","No","Not_labeled"
"Wdr37","30v5",-2.70853607533373,0.0249863906718665,"CLIP_Down","No","Not_labeled"
"Wdr44","30v5",-0.58651936175123,0.743890465622688,"NS","No","Not_labeled"
"Wdr45b","30v5",-0.997507242887806,0.607013377977158,"NS","No","Not_labeled"
"Wdr47","30v5",-0.370929899280517,0.498991541827576,"NS","No","Not_labeled"
"Wdr48","30v5",0.120761014471611,0.844269404468234,"NS","No","Not_labeled"
"Wdr59","30v5",-2.71154654726002,0.179249764518228,"NS","No","Not_labeled"
"Wdr7","30v5",0.626635650375207,0.218996931379965,"NS","No","Not_labeled"
"Wdr81","30v5",-0.327958712205273,0.879075050176993,"NS","No","Not_labeled"
"Wdr82","30v5",0.989829529597078,0.237715302246288,"NS","No","Not_labeled"
"Wdr91","30v5",-2.81338430313046,0.207694388614681,"NS","No","Not_labeled"
"Wdtc1","30v5",1.61531435402811,0.0053712743819546,"CLIP_Up","No","Not_labeled"
"Wfs1","30v5",2.41347192973538,0.0324941238813756,"CLIP_Up","No","Not_labeled"
"Wipf1","30v5",-0.661795806835059,0.725050283859094,"NS","No","Not_labeled"
"Wipf2","30v5",-0.0108211438096935,0.993827508343599,"NS","No","Not_labeled"
"Wipf3","30v5",1.37100506264581,0.0218148036136559,"CLIP_Up","No","Not_labeled"
"Wipi2","30v5",-0.159298005299666,0.930073568844104,"NS","No","Not_labeled"
"Wiz","30v5",-0.182648067078532,0.923796827419779,"NS","No","Not_labeled"
"Wnk1","30v5",0.200071894019536,0.790051226730625,"NS","No","Not_labeled"
"Wnk2","30v5",-2.85879292257215,0.105019727186586,"NS","No","Not_labeled"
"Wnk3","30v5",0.448109873264631,0.594039526137758,"NS","No","Not_labeled"
"Wnt7b","30v5",2.48872287618824,0.31560200152781,"NS","No","Not_labeled"
"Wrn","30v5",-1.47713553796332,0.174311298930914,"NS","No","Not_labeled"
"Wrnip1","30v5",-4.32266923638983,1.25040490594216e-05,"CLIP_Down","No","Not_labeled"
"Wsb2","30v5",-1.25448919230782,0.444018257452606,"NS","No","Not_labeled"
"Wscd1","30v5",-1.79094605482415,0.436890742782474,"NS","No","Not_labeled"
"Wscd2","30v5",1.18123022426552,0.204988934847207,"NS","No","Not_labeled"
"Wtap","30v5",-1.6128984711687,0.537117030527713,"NS","No","Not_labeled"
"Wwc1","30v5",-0.192511142227837,0.706475950926892,"NS","No","Not_labeled"
"Wwc2","30v5",-0.128422271975663,0.788540972298001,"NS","No","Not_labeled"
"Wwp1","30v5",-2.36430335713448,0.116853567268274,"NS","No","Not_labeled"
"Wwtr1","30v5",-3.20944894542019,0.0606817308141274,"NS","No","Not_labeled"
"Xkr4","30v5",0.909389574686783,0.268902656538708,"NS","No","Not_labeled"
"Xpnpep1","30v5",-2.28246902166778,0.124978312450916,"NS","No","Not_labeled"
"Xpo1","30v5",0.813432803407744,0.493947643794154,"NS","No","Not_labeled"
"Xpo5","30v5",-1.20034583928687,0.461254974536672,"NS","No","Not_labeled"
"Xpo6","30v5",-1.74844605370031,0.26492256186347,"NS","No","Not_labeled"
"Xpo7","30v5",0.388685011137196,0.495950370528421,"NS","No","Not_labeled"
"Xpot","30v5",-0.0322779530944297,0.95081834428199,"NS","No","Not_labeled"
"Xpr1","30v5",-0.119940588832438,0.741887954752345,"NS","No","Not_labeled"
"Xrn1","30v5",-0.236845303319644,0.789094173129278,"NS","No","Not_labeled"
"Xrn2","30v5",0.44488831880847,0.706864023484765,"NS","No","Not_labeled"
"Xylt2","30v5",-2.2801044557,0.319623461007273,"NS","No","Not_labeled"
"Yaf2","30v5",-2.6994193010332,0.0144975388842967,"CLIP_Down","No","Not_labeled"
"Ybx1","30v5",-0.568066692937712,0.781351396971286,"NS","No","Not_labeled"
"Yeats2","30v5",-3.23452951262329,0.032273726742925,"CLIP_Down","Yes","Decreased"
"Yipf4","30v5",-0.674232029071801,0.766683318852488,"NS","No","Not_labeled"
"Yipf6","30v5",-0.104017380330467,0.955674571576596,"NS","No","Not_labeled"
"Ylpm1","30v5",0.522974040965398,0.194271763184183,"NS","No","Not_labeled"
"Yme1l1","30v5",0.183770110122866,0.891767110678573,"NS","No","Not_labeled"
"Ypel3","30v5",-2.74764076321222,0.486113236532867,"NS","No","Not_labeled"
"Ythdc2","30v5",-1.01602278391847,0.449720358668142,"NS","No","Not_labeled"
"Ythdf1","30v5",-3.48868468477951,0.0708971818895378,"NS","No","Not_labeled"
"Ythdf3","30v5",0.685254376027768,0.314914152023141,"NS","No","Not_labeled"
"Ywhab","30v5",0.210139210068215,0.756580119505085,"NS","No","Not_labeled"
"Ywhae","30v5",2.32173827599338,0.00426150715491635,"CLIP_Up","Yes","Increased"
"Ywhag","30v5",0.829205331586491,0.0470768301299784,"CLIP_Up","No","Not_labeled"
"Ywhah","30v5",1.14094568230475,0.051040238094149,"NS","No","Not_labeled"
"Ywhaq","30v5",1.15727958456619,0.083734187076061,"NS","No","Not_labeled"
"Ywhaz","30v5",1.4950736047209,0.0214367439072378,"CLIP_Up","No","Not_labeled"
"Yy1","30v5",-1.06796955043084,0.431119612737618,"NS","No","Not_labeled"
"Zbed6","30v5",-1.68666410120566,0.333927602731153,"NS","No","Not_labeled"
"Zbtb1","30v5",-3.40785704003777,0.0157347468212944,"CLIP_Down","Yes","Decreased"
"Zbtb11","30v5",0.157752438596534,0.916593263188444,"NS","No","Not_labeled"
"Zbtb16","30v5",-0.0068197102465507,0.99544691510186,"NS","No","Not_labeled"
"Zbtb18","30v5",1.39294899749572,0.0119669944252963,"CLIP_Up","No","Not_labeled"
"Zbtb2","30v5",-3.32787573832705,0.0650414761499709,"NS","No","Not_labeled"
"Zbtb20","30v5",-0.279928307917065,0.577226998048347,"NS","No","Not_labeled"
"Zbtb21","30v5",-0.604349761817587,0.756575479647239,"NS","No","Not_labeled"
"Zbtb22","30v5",-5.42614759956098,0.0362675195611973,"CLIP_Down","No","Not_labeled"
"Zbtb25","30v5",-0.879786664105669,0.746701631763614,"NS","No","Not_labeled"
"Zbtb33","30v5",-3.18521843745053,0.175442493778538,"NS","No","Not_labeled"
"Zbtb37","30v5",-3.62695216640805,0.150207395911984,"NS","No","Not_labeled"
"Zbtb38","30v5",0.301982464446827,0.625973271007471,"NS","No","Not_labeled"
"Zbtb4","30v5",0.980646977506672,0.0526356265195065,"NS","No","Not_labeled"
"Zbtb41","30v5",-1.95595508939968,0.177172711631444,"NS","No","Not_labeled"
"Zbtb44","30v5",-2.11002019587222,0.176324630200398,"NS","No","Not_labeled"
"Zbtb47","30v5",0.768866520751696,0.139710816436973,"NS","No","Not_labeled"
"Zbtb5","30v5",-4.57458000627267,0.00714883636247799,"CLIP_Down","No","Not_labeled"
"Zbtb6","30v5",-2.19068919372624,0.361842338103443,"NS","No","Not_labeled"
"Zbtb7a","30v5",-0.91956432487287,0.65647016178148,"NS","No","Not_labeled"
"Zc2hc1a","30v5",-1.68524983454241,0.395964338987622,"NS","No","Not_labeled"
"Zc3h11a","30v5",-1.23548840966391,0.538738388093285,"NS","No","Not_labeled"
"Zc3h12b","30v5",-0.501476865361672,0.600854025884108,"NS","No","Not_labeled"
"Zc3h12c","30v5",-0.705839475980926,0.414834964400248,"NS","No","Not_labeled"
"Zc3h13","30v5",-2.07086766016371,0.205914707474488,"NS","No","Not_labeled"
"Zc3h14","30v5",-0.555091718575721,0.754537873177915,"NS","No","Not_labeled"
"Zc3h15","30v5",-0.108934414406742,0.943715402812428,"NS","No","Not_labeled"
"Zc3h4","30v5",1.89339827910234,0.0660479849043618,"NS","No","Not_labeled"
"Zc3h6","30v5",-0.625567853109957,0.569123901095309,"NS","No","Not_labeled"
"Zc3h7b","30v5",0.125320178712944,0.84068272405209,"NS","No","Not_labeled"
"Zc3hav1","30v5",-5.53535279006576,0.00048952983550968,"CLIP_Down","No","Not_labeled"
"Zcchc14","30v5",1.27193445033889,0.00668412825843061,"CLIP_Up","No","Not_labeled"
"Zcchc18","30v5",2.00880017630843,0.0863200240679482,"NS","No","Not_labeled"
"Zcchc2","30v5",-1.77320768166487,0.287898245742182,"NS","No","Not_labeled"
"Zcchc24","30v5",-2.43947044372638,0.206137174371051,"NS","No","Not_labeled"
"Zcchc7","30v5",-1.82104721008654,0.099414206904915,"NS","No","Not_labeled"
"Zdbf2","30v5",-0.328791292156083,0.432176627938085,"NS","No","Not_labeled"
"Zdhhc14","30v5",1.56013294239688,0.0216529854614598,"CLIP_Up","No","Not_labeled"
"Zdhhc17","30v5",-0.208554914128699,0.845765286175135,"NS","No","Not_labeled"
"Zdhhc2","30v5",-1.29753322387556,0.43053542018714,"NS","No","Not_labeled"
"Zdhhc20","30v5",-1.15269437139897,0.406546128089833,"NS","No","Not_labeled"
"Zdhhc21","30v5",-0.31648709783898,0.857728471236206,"NS","No","Not_labeled"
"Zdhhc3","30v5",0.292656420238817,0.893086531386013,"NS","No","Not_labeled"
"Zdhhc8","30v5",-1.8123518576202,0.452078665023751,"NS","No","Not_labeled"
"Zeb1","30v5",-0.0638221341737504,0.943723910423656,"NS","No","Not_labeled"
"Zeb2","30v5",0.761816291796666,0.0944558034705735,"NS","No","Not_labeled"
"Zer1","30v5",-0.916441951142412,0.585400196686054,"NS","No","Not_labeled"
"Zfand2a","30v5",1.19922836254023,0.613741842424499,"NS","No","Not_labeled"
"Zfand5","30v5",-3.69197113483998,0.148447681356539,"NS","No","Not_labeled"
"Zfand6","30v5",3.12527816550918,0.193738234227342,"NS","No","Not_labeled"
"Zfc3h1","30v5",-0.977661851177775,0.421347543702996,"NS","No","Not_labeled"
"Zfhx2","30v5",0.57042968584955,0.303651753889363,"NS","No","Not_labeled"
"Zfhx4","30v5",0.436261048154228,0.250394329675106,"NS","No","Not_labeled"
"Zfp106","30v5",-0.0665655710856905,0.859452273927619,"NS","No","Not_labeled"
"Zfp12","30v5",-2.65452459958515,0.290598420710909,"NS","No","Not_labeled"
"Zfp120","30v5",-3.99197574183761,0.0143213094812395,"CLIP_Down","No","Not_labeled"
"Zfp131","30v5",-0.0708970129668489,0.97610224950777,"NS","No","Not_labeled"
"Zfp148","30v5",1.09929351898466,0.0567390890725549,"NS","No","Not_labeled"
"Zfp180","30v5",-0.773848721881376,0.606931547196763,"NS","No","Not_labeled"
"Zfp207","30v5",0.673848883401644,0.478026590502159,"NS","No","Not_labeled"
"Zfp236","30v5",0.68319169225651,0.142381650757726,"NS","No","Not_labeled"
"Zfp239","30v5",-0.0339974661528157,0.990429422258128,"NS","No","Not_labeled"
"Zfp251","30v5",-0.00112843837760557,0.999347368796789,"NS","No","Not_labeled"
"Zfp26","30v5",-0.96288011718841,0.445804706156442,"NS","No","Not_labeled"
"Zfp260","30v5",-3.86385670263481,0.150103881028309,"NS","No","Not_labeled"
"Zfp266","30v5",-2.82071450103832,0.185025833700293,"NS","No","Not_labeled"
"Zfp267","30v5",1.86502283381346,0.0755186462395972,"NS","No","Not_labeled"
"Zfp275","30v5",-3.72757277158041,0.0442205851394055,"CLIP_Down","No","Not_labeled"
"Zfp280c","30v5",-1.9673314216337,0.259033991293917,"NS","No","Not_labeled"
"Zfp281","30v5",1.70579130843976,0.0213767635872957,"CLIP_Up","No","Not_labeled"
"Zfp287","30v5",-2.64706085878551,0.224945332790839,"NS","No","Not_labeled"
"Zfp292","30v5",-1.22098777650836,0.113872592494188,"NS","No","Not_labeled"
"Zfp316","30v5",-3.18504645513788,0.0930700202742702,"NS","No","Not_labeled"
"Zfp318","30v5",-1.90008038414174,0.236905522380314,"NS","No","Not_labeled"
"Zfp322a","30v5",-3.29891642555166,0.153157843574734,"NS","No","Not_labeled"
"Zfp329","30v5",-1.3166989735569,0.417151582963136,"NS","No","Not_labeled"
"Zfp334","30v5",-1.38882111262883,0.537434168695473,"NS","No","Not_labeled"
"Zfp335","30v5",0.277306705501203,0.880881407267015,"NS","No","Not_labeled"
"Zfp354c","30v5",-0.0146753235124228,0.995052068236045,"NS","No","Not_labeled"
"Zfp36","30v5",-6.74397352934774,0.0321491922113082,"CLIP_Down","No","Not_labeled"
"Zfp362","30v5",-2.99986378854457,0.169135943513387,"NS","No","Not_labeled"
"Zfp365","30v5",0.784403620456068,0.0636712753113088,"NS","No","Not_labeled"
"Zfp36l1","30v5",-5.6155615129972,0.0125540888932249,"CLIP_Down","No","Not_labeled"
"Zfp36l2","30v5",-1.59273843512649,0.416941990048025,"NS","No","Not_labeled"
"Zfp382","30v5",-1.90756095300295,0.425423375059368,"NS","No","Not_labeled"
"Zfp384","30v5",-2.88018836627506,0.253899272383388,"NS","No","Not_labeled"
"Zfp385b","30v5",1.21232574214623,0.347813397257564,"NS","No","Not_labeled"
"Zfp397","30v5",-6.17022436974055,0.0106495623627719,"CLIP_Down","No","Not_labeled"
"Zfp40","30v5",-3.61922999936397,0.183367546406129,"NS","No","Not_labeled"
"Zfp407","30v5",0.485415062132078,0.426704982901037,"NS","No","Not_labeled"
"Zfp422","30v5",-8.75470904689126,0.0081491101422028,"CLIP_Down","No","Not_labeled"
"Zfp423","30v5",0.023057401055949,0.983559745078965,"NS","No","Not_labeled"
"Zfp433","30v5",-0.581204962397066,0.846363541469125,"NS","No","Not_labeled"
"Zfp445","30v5",-1.60885764391016,0.384543706837402,"NS","No","Not_labeled"
"Zfp451","30v5",-1.41592982978193,0.325459532873333,"NS","No","Not_labeled"
"Zfp458","30v5",1.19767968546551,0.200636462330328,"NS","No","Not_labeled"
"Zfp46","30v5",-3.6937567866421,0.045922905767915,"CLIP_Down","No","Not_labeled"
"Zfp462","30v5",0.170906655572571,0.717669870996746,"NS","No","Not_labeled"
"Zfp512b","30v5",-1.83602683386719,0.547663823676626,"NS","No","Not_labeled"
"Zfp513","30v5",0.401220510977192,0.915321850991773,"NS","No","Not_labeled"
"Zfp516","30v5",-2.14990312431864,0.0993649374144273,"NS","No","Not_labeled"
"Zfp518a","30v5",-2.01119892889847,0.206598626921552,"NS","No","Not_labeled"
"Zfp518b","30v5",0.974259640782436,0.677490807522197,"NS","No","Not_labeled"
"Zfp52","30v5",-1.21269818245928,0.490622322896597,"NS","No","Not_labeled"
"Zfp521","30v5",-1.23869064249423,0.320252297094097,"NS","No","Not_labeled"
"Zfp523","30v5",-2.89699697898407,0.264811959397108,"NS","No","Not_labeled"
"Zfp532","30v5",-2.03988847737719,0.265010882421535,"NS","No","Not_labeled"
"Zfp536","30v5",-1.23754551051445,0.394008275464225,"NS","No","Not_labeled"
"Zfp574","30v5",-2.66992431257605,0.447186153829573,"NS","No","Not_labeled"
"Zfp592","30v5",1.94622738076989,0.215250031382587,"NS","No","Not_labeled"
"Zfp598","30v5",-3.15489065411132,0.0980403546647032,"NS","No","Not_labeled"
"Zfp606","30v5",-5.38920453595266,0.0134663233909365,"CLIP_Down","No","Not_labeled"
"Zfp608","30v5",-1.40734919568192,0.283609038050924,"NS","No","Not_labeled"
"Zfp609","30v5",-1.74052267428786,0.200757736927605,"NS","No","Not_labeled"
"Zfp629","30v5",-4.18892774886153,0.230667219130424,"NS","No","Not_labeled"
"Zfp638","30v5",-2.06793618187288,0.179347774915504,"NS","No","Not_labeled"
"Zfp639","30v5",-3.30264499798367,0.288556243900092,"NS","No","Not_labeled"
"Zfp644","30v5",0.719629828684869,0.290588728638888,"NS","No","Not_labeled"
"Zfp652","30v5",-0.746315772205192,0.285295406433032,"NS","No","Not_labeled"
"Zfp654","30v5",-0.994781384370526,0.613174846166263,"NS","No","Not_labeled"
"Zfp655","30v5",0.564679377536161,0.786646554662327,"NS","No","Not_labeled"
"Zfp664","30v5",-1.69542606850658,0.361061425812012,"NS","No","Not_labeled"
"Zfp667","30v5",-5.02005980769306,0.0288851953675158,"CLIP_Down","No","Not_labeled"
"Zfp68","30v5",-4.06198281028808,0.0477781119498988,"CLIP_Down","No","Not_labeled"
"Zfp697","30v5",-1.75290997145493,0.322638752330808,"NS","No","Not_labeled"
"Zfp703","30v5",2.92073927571222,0.00270764194349429,"CLIP_Up","No","Not_labeled"
"Zfp704","30v5",0.722397098588039,0.167026029346677,"NS","No","Not_labeled"
"Zfp706","30v5",-0.711423043834957,0.703092925228937,"NS","No","Not_labeled"
"Zfp710","30v5",-3.15017796251855,0.193755872197449,"NS","No","Not_labeled"
"Zfp711","30v5",-1.59249331279448,0.517953377455922,"NS","No","Not_labeled"
"Zfp715","30v5",-1.64704961590624,0.514521866594687,"NS","No","Not_labeled"
"Zfp719","30v5",-3.42682560763327,0.103424163206682,"NS","No","Not_labeled"
"Zfp729a","30v5",-1.53384415621737,0.337973928998435,"NS","No","Not_labeled"
"Zfp729b","30v5",-1.01196417276015,0.544791126427025,"NS","No","Not_labeled"
"Zfp738","30v5",-0.99604208729653,0.586291177651554,"NS","No","Not_labeled"
"Zfp740","30v5",-0.851759678530696,0.805845294376424,"NS","No","Not_labeled"
"Zfp758","30v5",0.60433765593588,0.810783143939237,"NS","No","Not_labeled"
"Zfp770","30v5",-1.58171575641331,0.38444689581314,"NS","No","Not_labeled"
"Zfp777","30v5",-5.63726526989434,0.00730228830418191,"CLIP_Down","No","Not_labeled"
"Zfp788","30v5",-1.11580967442463,0.574184520362077,"NS","No","Not_labeled"
"Zfp790","30v5",-3.96410842438961,0.144261531601558,"NS","No","Not_labeled"
"Zfp800","30v5",-0.421112193921615,0.839624502336708,"NS","No","Not_labeled"
"Zfp804a","30v5",0.165760126504222,0.896974513732356,"NS","No","Not_labeled"
"Zfp827","30v5",1.52409291810475,0.27749453319995,"NS","No","Not_labeled"
"Zfp831","30v5",1.22895579339751,0.0466635222568939,"CLIP_Up","No","Not_labeled"
"Zfp846","30v5",-0.980313825462696,0.688829703904547,"NS","No","Not_labeled"
"Zfp865","30v5",-2.11675836549732,0.47635216451434,"NS","No","Not_labeled"
"Zfp871","30v5",-0.997595745879941,0.18122246123288,"NS","No","Not_labeled"
"Zfp9","30v5",-3.98951908359691,0.0657175844516227,"NS","No","Not_labeled"
"Zfp91","30v5",0.496361047285778,0.374885358779729,"NS","No","Not_labeled"
"Zfp932","30v5",-1.20318639824977,0.651907098747138,"NS","No","Not_labeled"
"Zfp942","30v5",-4.38348807685062,0.0128136991234947,"CLIP_Down","No","Not_labeled"
"Zfp943","30v5",-0.336395118367812,0.790269651061362,"NS","No","Not_labeled"
"Zfp944","30v5",-2.30677452872529,0.237829028341745,"NS","No","Not_labeled"
"Zfp945","30v5",-4.88629272928685,0.0574817992656159,"NS","No","Not_labeled"
"Zfp948","30v5",-3.53109533688912,0.096964227094327,"NS","No","Not_labeled"
"Zfp991","30v5",-2.93347821405321,0.0369627435364903,"CLIP_Down","No","Not_labeled"
"Zfp992","30v5",-2.83800127219977,0.099447943166361,"NS","No","Not_labeled"
"Zfp994","30v5",-2.92725504153925,0.0968148905416568,"NS","No","Not_labeled"
"Zfpm1","30v5",1.07184351502217,0.185573519142438,"NS","No","Not_labeled"
"Zfpm2","30v5",0.119655534089608,0.874680780860291,"NS","No","Not_labeled"
"Zfr","30v5",0.746770628134342,0.182129986258697,"NS","No","Not_labeled"
"Zfta","30v5",-0.790484994455441,0.696184634394301,"NS","No","Not_labeled"
"Zftraf1","30v5",0.582738716646537,0.744747960301837,"NS","No","Not_labeled"
"Zfx","30v5",-1.92379686739446,0.363574959254922,"NS","No","Not_labeled"
"Zfyve1","30v5",3.48708042482042,0.023167611722167,"CLIP_Up","No","Not_labeled"
"Zfyve26","30v5",-1.04690028986856,0.487833045443623,"NS","No","Not_labeled"
"Zfyve9","30v5",1.52432199397801,0.0159095204043364,"CLIP_Up","No","Not_labeled"
"Zhx1","30v5",0.97301053372284,0.139639987259284,"NS","No","Not_labeled"
"Zhx2","30v5",-0.4763301412004,0.766144972080033,"NS","No","Not_labeled"
"Zhx3","30v5",0.593924515006859,0.401057254851777,"NS","No","Not_labeled"
"Zkscan1","30v5",-1.56409733189556,0.511053164268575,"NS","No","Not_labeled"
"Zkscan17","30v5",-4.19973204235904,0.0197069712813651,"CLIP_Down","No","Not_labeled"
"Zkscan6","30v5",-0.945715632312883,0.562497570167286,"NS","No","Not_labeled"
"Zmat3","30v5",1.02241267830215,0.187224329377665,"NS","No","Not_labeled"
"Zmat4","30v5",-0.494494023387956,0.483022225263102,"NS","No","Not_labeled"
"Zmiz1","30v5",0.451837382874126,0.425349947004801,"NS","No","Not_labeled"
"Zmiz2","30v5",-4.07693272221214,0.182359011572562,"NS","No","Not_labeled"
"Zmym2","30v5",0.490167233226367,0.284305123626015,"NS","No","Not_labeled"
"Zmym3","30v5",-3.0474687606384,0.29500830313362,"NS","No","Not_labeled"
"Zmym4","30v5",0.902349289299685,0.165080609475457,"NS","No","Not_labeled"
"Zmym5","30v5",-5.16708455222772,0.0570125206456446,"NS","No","Not_labeled"
"Zmym6","30v5",-2.78963292628917,0.0931384123552572,"NS","No","Not_labeled"
"Zmynd8","30v5",-0.840030378238287,0.551962368720417,"NS","No","Not_labeled"
"Znfx1","30v5",0.537922620948796,0.507866581468606,"NS","No","Not_labeled"
"Znrf3","30v5",-1.44522484778393,0.228610615170998,"NS","No","Not_labeled"
"Zranb1","30v5",-2.20230461004905,0.00183464658744994,"CLIP_Down","No","Not_labeled"
"Zrsr2","30v5",-4.84314798667366,0.024548674926894,"CLIP_Down","Yes","Decreased"
"Zscan26","30v5",-0.231598573093646,0.897004166919505,"NS","No","Not_labeled"
"Zswim6","30v5",1.12187248667488,0.204913369043094,"NS","No","Not_labeled"
"Zswim8","30v5",-1.73811752300412,0.324224064436155,"NS","No","Not_labeled"
"Zwint","30v5",1.80300232145613,0.0511322832291264,"NS","No","Not_labeled"
"Zxdb","30v5",0.665320692405658,0.1646858265584,"NS","No","Not_labeled"
"Zxdc","30v5",-1.52806683898599,0.574716431366224,"NS","No","Not_labeled"
"Zyg11b","30v5",0.425176521618068,0.284216600220141,"NS","No","Not_labeled"
"Zzef1","30v5",0.502096122390325,0.315447113337614,"NS","No","Not_labeled"
"Zzz3","30v5",0.353070779656286,0.653807350702326,"NS","No","Not_labeled"
