"Comparison","gene_name","Group","CH_NPvsCB_log2FC","CLIP_log2FC","CLIP_p_value","RiboTag_log2FC","RiboTag_p_value"
"30v5","Abhd8","CLIP_Bound_30v5",3.3730073949296124,1.546554450080042,0.015373742096688875,-0.0472446700683847,0.4791853488812101
"30v5","Abi2","CLIP_Bound_30v5",-1.0911090770137362,1.228330284402888,0.005275588538310161,0.03660201374235785,0.38606206883837757
"30v5","Abr","CLIP_Bound_30v5",-0.09733576404200792,0.866147588339095,0.023421193459636412,-0.006914142168089501,0.9129754355043025
"30v5","Acox1","CLIP_Bound_30v5",1.0287367294729026,1.7775304114943284,0.009638790592633104,0.0578268412263058,0.4587353490765399
"30v5","Acp1","CLIP_Bound_30v5",-0.6488520559718192,-6.9441702539706,0.004310728350700048,0.026752028418941504,0.606264949840141
"30v5","Actb","CLIP_Bound_30v5",-0.37889610401318147,1.8231529663175516,0.013770559380300468,0.021948790159103018,0.6767870729855885
"30v5","Actn1","CLIP_Bound_30v5",-1.3724094156548783,-1.8898726006448883,0.048917661297385596,-0.042870540666842434,0.5457416347102322
"30v5","Adamts4","CLIP_Bound_30v5",2.7023285345388723,-5.829706605799124,0.008043944809187362,-0.07285093490276884,0.6930547536672853
"30v5","Adcy1","CLIP_Bound_30v5",3.004332177781828,1.1935984236812178,0.015088579710880574,-0.13781483125229915,0.1451913454525583
"30v5","Adgrl2","CLIP_Bound_30v5",-1.561765615979072,0.9957212991199054,0.03663837938245477,-0.13943661170315189,0.33351710211929264
"30v5","Afg3l1","CLIP_Bound_30v5",1.3903574246092538,-5.722180099838111,0.010141627345324254,0.006331664285095392,0.9444168528078228
"30v5","Ahcyl2","CLIP_Bound_30v5",1.0745126085194143,1.616936787826783,0.004889206315393384,-0.10512603121732447,0.2057114080678702
"30v5","Ahi1","CLIP_Bound_30v5",-1.069140712125145,0.9909429861115218,0.01960218099336301,0.11632808138611898,0.29762114127882877
"30v5","Ahnak","CLIP_Bound_30v5",4.033357730873625,-2.169141147510606,3.4748577161990146e-4,0.0555191201725885,0.6997627730031648
"30v5","Aldh2","CLIP_Bound_30v5",1.9262372664398801,-3.709842488688981,0.012137579695379345,0.10931766761227885,0.39086451822235824
"30v5","Amz1","CLIP_Bound_30v5",0.9979009184466668,-5.435016184978453,8.514018950523477e-4,0.20290139964399848,0.4236763096106887
"30v5","Anapc4","CLIP_Bound_30v5",-0.11254743144566919,-6.248508227762442,2.264521980395057e-4,0.21946450349529933,0.1821696497817022
"30v5","Ank1","CLIP_Bound_30v5",2.047094603447166,-3.030117383019073,0.02519160444136791,-0.3987415171317528,0.054260811938855735
"30v5","Ank3","CLIP_Bound_30v5",-0.586694495009168,0.7268501466074024,0.046619169990422676,-0.09405721332367094,0.1325289880700276
"30v5","Ankrd13b","CLIP_Bound_30v5",2.4595917160296676,-6.292570164008465,0.010892478979615622,0.08008534170737,0.3775856145088591
"30v5","Anks1","CLIP_Bound_30v5",3.1209607061967914,-4.237339263601919,0.008168449795812521,0.07686710443929834,0.5830048188276995
"30v5","Apoe","CLIP_Bound_30v5",5.296044527114832,-6.603686114457165,0.01952823926698647,0.07569478526344514,0.4909453900823375
"30v5","Arap2","CLIP_Bound_30v5",-0.7267034383807334,-1.0816283797906725,0.04221075884405781,-0.005713128380866293,0.9573642500917389
"30v5","Arf3","CLIP_Bound_30v5",1.7397631056374818,1.6807677296381556,0.022377881108041908,-0.0017135908640079653,0.9708099257680465
"30v5","Arhgap29","CLIP_Bound_30v5",0.7353822744785814,-3.3836497985241194,0.03347856397844161,0.05844182231636466,0.5820770698507882
"30v5","Arl8a","CLIP_Bound_30v5",-0.1931813474826423,4.224008003860556,0.03862719174390365,-0.08801438800005978,0.12325993890421501
"30v5","Arnt2","CLIP_Bound_30v5",2.2865860585984312,0.916341873868423,0.011304601014491716,0.029136094393724145,0.7209873841145891
"30v5","Astn2","CLIP_Bound_30v5",0.7011867906769171,1.0441090593403421,0.030413735612317947,-0.08816612977187048,0.4626912420108967
"30v5","Atf6","CLIP_Bound_30v5",-0.547905663837347,1.4415248819512483,0.013161129189485329,-0.05460699045725151,0.30413773775082986
"30v5","Atg16l1","CLIP_Bound_30v5",-1.0210605822088565,-4.729469635838261,0.006550294961866501,0.09058798010834712,0.1584036927163995
"30v5","Atn1","CLIP_Bound_30v5",2.521508283962081,1.7350736766210186,0.028700950901102553,-0.006834277993674615,0.9084306249228201
"30v5","Atp5f1a","CLIP_Bound_30v5",0.4690611843215231,0.9660683672030972,0.013517080720825683,-0.0032145974977282245,0.9525338340733955
"30v5","Atp6v1b2","CLIP_Bound_30v5",-1.3047725542686854,0.9557598774249083,0.01758405445754197,-0.030571592951341854,0.5881575182345695
"30v5","Atp6v1e1","CLIP_Bound_30v5",-1.1622587480374158,2.922490618203274,0.04421297992462098,-0.0160505979293911,0.7661468567494909
"30v5","Atxn1","CLIP_Bound_30v5",1.5819201812537138,0.933031115979067,0.016208816369741728,0.037693030888775604,0.325389776345685
"30v5","Auts2","CLIP_Bound_30v5",1.1369314140622038,1.611993976538145,0.009456249605374417,0.03596055851308122,0.6496900167900216
"30v5","B3gat1","CLIP_Bound_30v5",1.711590012219055,1.614121289241738,0.0287412476348547,-0.01408631978081729,0.8366261345570593
"30v5","Bag1","CLIP_Bound_30v5",0.0643601558666842,-6.024148723923025,0.04585572666165323,-0.08151820436344877,0.4979654418292624
"30v5","Baz2b","CLIP_Bound_30v5",0.9825514634273034,-2.307997090816792,0.00953080371739938,0.0497898525835774,0.6250748046820527
"30v5","Bcl11b","CLIP_Bound_30v5",0.9246760544280429,1.3942273785769719,0.03383679327413152,-0.08770574427411011,0.20743495891277342
"30v5","Bcr","CLIP_Bound_30v5",2.325490497744071,0.9203724441788874,0.008865288892167268,0.14295626902450198,0.0657195208062214
"30v5","Bhlhb9","CLIP_Bound_30v5",-1.6747349276108725,-6.410497654892447,0.034326672445423055,0.14409954986789103,0.0514654418449632
"30v5","Bnip3l","CLIP_Bound_30v5",-1.5188482984512153,-5.679147367961412,0.011110895168705254,0.06393060811901699,0.36349725741925454
"30v5","Brap","CLIP_Bound_30v5",-0.3206489019021115,-4.799853611663864,0.012616745028944916,0.03462358510010698,0.5651891094170405
"30v5","Brinp2","CLIP_Bound_30v5",-1.1764420433608735,1.8005011072085655,0.005763566778221023,-0.13963549662343244,0.11644145906675941
"30v5","Brsk1","CLIP_Bound_30v5",3.922553082217911,1.3389066208920966,0.04750011636461493,-0.07510270786291248,0.13580277103769164
"30v5","Cab39l","CLIP_Bound_30v5",-0.36969335952503535,-2.788567450459454,0.046530083572994985,0.12827094584728171,0.15768092872608752
"30v5","Cabp7","CLIP_Bound_30v5",3.7700613964143037,1.4582577039204896,0.009179642758372554,-0.011318495874777738,0.9052587646258294
"30v5","Cacna1a","CLIP_Bound_30v5",0.9660565996074024,1.2332308389413367,7.090706025333194e-4,-0.1419049690975796,0.05523280040421588
"30v5","Cacul1","CLIP_Bound_30v5",-0.6641353487409888,1.773865477693736,0.007351951073837335,0.07479175889584103,0.24233488025205435
"30v5","Calcoco1","CLIP_Bound_30v5",-0.9810687840627211,-4.080923882139401,0.044245715647100066,-0.06140489060541917,0.3969027294098901
"30v5","Calm1","CLIP_Bound_30v5",1.8029047236210713,1.3282073413479365,0.02180538938077377,0.011004390253195637,0.7659966510311995
"30v5","Calm2","CLIP_Bound_30v5",-2.5506048462787976,1.580478091194069,0.0018188933353480603,0.04877293211254045,0.4626377860945712
"30v5","Calm3","CLIP_Bound_30v5",0.9511507061649557,1.949254396220697,0.03517421866262367,0.02892073603346327,0.7286667921146774
"30v5","Camk2a","CLIP_Bound_30v5",4.41813951094144,1.3483814921474755,0.005892838086816329,-0.10189358726708725,0.40547286094561424
"30v5","Camk2b","CLIP_Bound_30v5",0.5728374007723135,1.3185829690866655,0.01511643717434657,-0.06656240029399771,0.3979421263716564
"30v5","Camsap2","CLIP_Bound_30v5",-1.1188571181404328,1.1168143000766753,0.007543692157993423,0.08920640137053193,0.13015284978086408
"30v5","Capn2","CLIP_Bound_30v5",2.3947924146303423,-3.5136551235937916,0.023032970531579777,-0.07532309590164431,0.3123346032927889
"30v5","Cbx6","CLIP_Bound_30v5",3.278903947505903,1.5760617869670535,0.02359491488774689,-0.10444061080888627,0.1242325562738073
"30v5","Cc2d1b","CLIP_Bound_30v5",0.6059983131671659,-4.18144258353017,0.03282990233082511,0.1432178070778526,0.4739507311502447
"30v5","Ccdc126","CLIP_Bound_30v5",-1.576097579938029,5.858623210122788,0.013713570602896333,-0.030866166748918247,0.7661957243971531
"30v5","Ccdc141","CLIP_Bound_30v5",3.498388784939149,-5.253136054133832,2.4842213871610136e-4,-0.5663419872125193,0.1785486951897972
"30v5","Ccdc50","CLIP_Bound_30v5",0.5049547615652022,-4.613190968556589,0.00800527654874327,0.20373957510404,0.11061086657726325
"30v5","Ccng2","CLIP_Bound_30v5",-1.6304006465279453,-5.742314815293275,0.026473016221786733,0.17280703957176832,0.09442100653606003
"30v5","Ccnt1","CLIP_Bound_30v5",-0.5983020586987753,-2.98895016457895,0.041094465347242815,0.12788379719378054,0.3652522386565455
"30v5","Ccsap","CLIP_Bound_30v5",-2.448669649420902,-4.183943714814786,0.026230350831632478,0.08077632709689747,0.2188936330094675
"30v5","Cd164","CLIP_Bound_30v5",0.5897948419857603,-6.811749758481998,0.003351272030740737,0.06029178095466883,0.3415988601094108
"30v5","Cd63","CLIP_Bound_30v5",5.332100090992648,7.734449047112576,0.04631984360071673,-0.1604537377870437,0.2408344048419862
"30v5","Cdk5r1","CLIP_Bound_30v5",0.021344417478361404,1.5586694796542542,0.03921213107846566,-0.09066544637196232,0.18236043422800385
"30v5","Cep131","CLIP_Bound_30v5",-0.19180099455068014,-5.048925023552831,0.0485192767450253,-0.14640280153201068,0.20830801707654806
"30v5","Cep350","CLIP_Bound_30v5",0.2766966054393881,-1.4483996599954585,0.02730413251122372,-0.07593883995380178,0.28588809240588825
"30v5","Cep97","CLIP_Bound_30v5",0.16253594320729398,-3.986340370444282,6.248652248492632e-4,0.16950927121338963,0.057323664802673334
"30v5","Chd3","CLIP_Bound_30v5",3.2832191147731202,0.9986821601691895,0.038443951265972186,-0.01350689491723063,0.853396499654113
"30v5","Chsy1","CLIP_Bound_30v5",0.9872940581643137,-3.3742455952088197,0.02649761436370759,0.0683460039856197,0.41517013614508075
"30v5","Cic","CLIP_Bound_30v5",3.165300487100503,1.6220648922538259,0.018990354008433574,-0.12854477243470538,0.11743892306337204
"30v5","Clasp2","CLIP_Bound_30v5",-0.44920717049036546,1.0332585819752125,0.01736902686405925,0.023587932342424362,0.608889883098788
"30v5","Clpx","CLIP_Bound_30v5",-0.7155165574801964,-3.2919345715072623,0.008196248207261884,0.023259963907542123,0.8365454881936517
"30v5","Clu","CLIP_Bound_30v5",3.8427481711450877,-5.152667807930349,0.019104921762232958,0.011930820221952958,0.8876212383417311
"30v5","Cmip","CLIP_Bound_30v5",1.0487810638930397,1.108235497474154,0.025892451208884372,-0.0170702311722538,0.7833550861755054
"30v5","Cnih4","CLIP_Bound_30v5",0.5222758479974743,-4.249441335686926,0.028025154329564338,0.12473844588268851,0.3341519850685304
"30v5","Cnksr2","CLIP_Bound_30v5",0.269643985992403,1.2065581285841658,0.017211352900741033,0.009357218294233614,0.8913960694913474
"30v5","Cnp","CLIP_Bound_30v5",2.7418113792592584,-3.92466543849844,0.00566775433517203,0.11021116562416501,0.462286228706433
"30v5","Coil","CLIP_Bound_30v5",-0.7226281247174162,-4.4939838583959775,0.01350613104343014,-0.03439952159761546,0.6970185745444535
"30v5","Cox7c","CLIP_Bound_30v5",0.12230310169448946,-8.361541091191409,0.047613275808488204,0.1332448419358687,0.13253148317902944
"30v5","Cpt1a","CLIP_Bound_30v5",3.92039005616114,-2.8387447689930125,0.03906866749837222,0.3497921912573076,0.13462584475366227
"30v5","Cramp1","CLIP_Bound_30v5",0.5045662956315972,-3.5906959000927423,0.04910838526368905,0.09395192685609724,0.09781948829233314
"30v5","Crebzf","CLIP_Bound_30v5",-0.7690620708650115,-6.9356579457705925,9.138791540918333e-4,-0.08676359093007686,0.538877641089361
"30v5","Crk","CLIP_Bound_30v5",-1.3710132197851916,1.523927666524001,0.034054860704918866,0.023752137031749432,0.6794892044128
"30v5","Ctnna1","CLIP_Bound_30v5",1.2237349959643218,-3.070327629407873,0.012915069544638077,0.10255042646234194,0.34185730124608504
"30v5","Cxcl12","CLIP_Bound_30v5",2.4126522342377457,-5.726278116531772,0.03424813901474589,0.05380935775579757,0.5112306391481458
"30v5","Cyfip2","CLIP_Bound_30v5",0.7765144180736459,1.040846891843822,0.011251703165747275,0.03976211714844084,0.7186405714661339
"30v5","Cyria","CLIP_Bound_30v5",-2.252236413157005,2.0730837506713375,0.004780566298237594,0.0516322317649286,0.49649709688767396
"30v5","Dbn1","CLIP_Bound_30v5",0.7621670710875414,1.2084518426487998,0.04442468572584975,-0.02555503280690427,0.738211814557785
"30v5","Dctn2","CLIP_Bound_30v5",-0.7178120817862653,-4.629865744643638,0.012972788286088615,-0.07583325470478001,0.15222828590710913
"30v5","Ddah1","CLIP_Bound_30v5",3.340188177613914,-3.651583562818357,0.04823780542003552,0.1136441786370878,0.4614321304664478
"30v5","Ddn","CLIP_Bound_30v5",3.9311571694162266,1.569162639199308,0.01470765824215261,-0.03397257830938519,0.6710223279811698
"30v5","Ddx42","CLIP_Bound_30v5",-1.093481186195628,-4.195458909045885,0.04713435206558101,0.04456192333344081,0.48448634234256027
"30v5","Ddx50","CLIP_Bound_30v5",-1.3162119290802599,-4.00765051820034,0.011449198744689363,0.141013318770649,0.06924291793839249
"30v5","Dhx29","CLIP_Bound_30v5",0.15971388317988894,-5.130842957186144,0.004353881511907196,0.0033588588392580105,0.971708515767194
"30v5","Diaph2","CLIP_Bound_30v5",-0.7804325305344836,2.319680553378353,0.0027911675585833772,0.009748188646502808,0.9143442950913884
"30v5","Dlg1","CLIP_Bound_30v5",0.15984737343608987,-3.857795118433974,0.013387447030858314,0.09995320607891711,0.21712608237347744
"30v5","Dlg2","CLIP_Bound_30v5",2.470193288601054,2.0152144251266315,0.03331843313924795,-0.021843995567144146,0.7427886004703708
"30v5","Dmtn","CLIP_Bound_30v5",0.21374713661909872,1.27355892149663,0.034017030242032426,-0.035058626802785896,0.40324842251492943
"30v5","Dner","CLIP_Bound_30v5",-0.38195396178251256,3.0216663348263637,0.007125368046114805,-0.09020499967770022,0.3266465536163139
"30v5","Dop1b","CLIP_Bound_30v5",1.5598546329820175,1.3042428223067342,0.01903104435912481,-0.04289639628545873,0.6837327893948235
"30v5","Dot1l","CLIP_Bound_30v5",0.7608022104093223,-5.117150899541558,0.004702831925826648,0.07430434330173387,0.47358505760965935
"30v5","Dscam","CLIP_Bound_30v5",0.9357309060693032,0.7291268060732081,0.03382820275933437,-0.08903612201750777,0.37055927378612835
"30v5","Dst","CLIP_Bound_30v5",0.5645841878848209,-1.4318438169199148,0.01476364712746957,-0.10925019328953113,0.1697502116725316
"30v5","Edrf1","CLIP_Bound_30v5",-1.1923138878061579,-4.0837820917407095,0.031389777411447224,0.13776556372923712,0.1961842269800451
"30v5","Eef2","CLIP_Bound_30v5",3.8185202726885867,1.0361752600209702,0.0017287102272062862,0.06567483696624017,0.3313359868062797
"30v5","Elk1","CLIP_Bound_30v5",1.3348976644087522,2.25038926068869,3.8140841516948876e-4,-0.04717924949335849,0.34019615041751633
"30v5","Eloa","CLIP_Bound_30v5",0.1973442744080944,-5.9017529446421815,0.003188324287358618,0.01138306937601389,0.8697625447368691
"30v5","Eloc","CLIP_Bound_30v5",-1.0718832544602963,4.969169068706673,0.01136769594150295,0.04939340438758725,0.49040643483912455
"30v5","Ergic3","CLIP_Bound_30v5",0.691353166916113,-8.061425276416632,0.0013870021774515938,-0.06103175082042461,0.34235164583570465
"30v5","Erp44","CLIP_Bound_30v5",-0.03665086864691449,-1.9071346493313852,0.02872385158987628,-0.009512569879715825,0.8722440691813343
"30v5","Ewsr1","CLIP_Bound_30v5",0.04369767717027691,-4.710220617586447,0.034050229904781217,-0.09107461532660013,0.26813099018553815
"30v5","Fam110b","CLIP_Bound_30v5",-0.8639552991771026,2.088656427576647,0.03491430522368054,0.056774935851375184,0.37718953955584095
"30v5","Fam168a","CLIP_Bound_30v5",0.37737640980109227,1.8888069292081187,0.01968694449706215,-0.004286940842990217,0.9225890569356681
"30v5","Fam168b","CLIP_Bound_30v5",0.22994682106736372,0.8576803457958473,0.042264585038352794,-0.009574465316508584,0.9035816194111069
"30v5","Fam171a2","CLIP_Bound_30v5",0.7562885275771835,2.033467281153439,0.009121429546765652,-0.04912242927198438,0.5713343547010743
"30v5","Fam193a","CLIP_Bound_30v5",0.8967868482713388,2.44625393293603,0.01261501100609953,0.042846158857749894,0.49089574281802406
"30v5","Fam76a","CLIP_Bound_30v5",-1.2574506170069695,-5.252697416176027,0.025713766994912773,0.03103287134289382,0.814557296863436
"30v5","Far2","CLIP_Bound_30v5",-2.086302858034166,-2.8018896666912325,0.024554953161149404,0.11577547589848271,0.45880477003628184
"30v5","Farp1","CLIP_Bound_30v5",2.71643099341576,-2.941886568317014,0.03755603205138561,0.11601060850963395,0.4381100235337988
"30v5","Fbxl16","CLIP_Bound_30v5",3.4945979538135714,1.3775742429282243,0.02870239256546655,-0.04659956084012779,0.5560376609970581
"30v5","Fbxl17","CLIP_Bound_30v5",0.514785804783643,0.9782755597952726,0.039881655985265836,0.10770092215700627,0.1329399240398117
"30v5","Fbxo10","CLIP_Bound_30v5",-0.6011222960167609,-5.8947750390195734,0.0024756618367216673,-0.06436832242314826,0.5311625186168116
"30v5","Fbxo25","CLIP_Bound_30v5",-1.5262436323291684,4.253454829554844,0.02112425313065862,0.042332301456695746,0.5722914896820734
"30v5","Fbxo30","CLIP_Bound_30v5",1.7810057409027265,-4.818710735235982,0.041339812168049966,0.17741854536705196,0.4419329508672352
"30v5","Fbxo38","CLIP_Bound_30v5",-1.0404796444286024,-3.382016346591281,0.036182669515852174,0.16674456879198932,0.0714004229732592
"30v5","Fbxo45","CLIP_Bound_30v5",-1.7092016537233479,-3.7672574142337885,0.009202023500199762,-0.02123678049078403,0.7553552822112656
"30v5","Fchsd2","CLIP_Bound_30v5",0.45104524794678386,-3.079859275651327,0.026802249433945605,0.0716735242862714,0.44475330733680274
"30v5","Fech","CLIP_Bound_30v5",0.1847196747996207,1.7432444917866663,0.04817931979794442,0.030380808301187123,0.6001235013955843
"30v5","Fgd6","CLIP_Bound_30v5",3.991306681089646,-3.2137299480449117,0.01334628175562474,-0.05247223629635736,0.805461728202769
"30v5","Fgf13","CLIP_Bound_30v5",2.6127969972211345,1.2707077755495626,0.041663163356030306,-0.02663933931391205,0.6692400865081689
"30v5","Fgfr1op2","CLIP_Bound_30v5",-2.3111825720566825,-5.393663251575099,4.819712546880348e-7,0.08407544495044834,0.36725797551788886
"30v5","Fkbp4","CLIP_Bound_30v5",-0.3302461745084608,-9.708198218267338,4.6770195402557615e-4,0.004230350734777304,0.951159632881098
"30v5","Flcn","CLIP_Bound_30v5",-0.3216986041029776,-4.510375555097184,6.863458035317507e-5,-0.026749691317956955,0.7471847162053369
"30v5","Fnbp1","CLIP_Bound_30v5",1.3885216017164146,-3.674290750248768,0.03687119292317997,0.13320656365977301,0.06468078115016883
"30v5","Foxo1","CLIP_Bound_30v5",3.4160022482413965,-2.280302014039833,0.01620975563516864,0.22940435411622123,0.08698829296073958
"30v5","Foxo4","CLIP_Bound_30v5",2.979393369160717,-8.007825420305107,1.1113813233349082e-4,0.011109275316969387,0.9158368340888047
"30v5","Foxo6","CLIP_Bound_30v5",1.6904956174263222,-4.186740760919298,0.045026614099834605,-0.09330600302255716,0.4593394929700646
"30v5","Frrs1l","CLIP_Bound_30v5",-1.734575348463056,0.9628236476458554,0.029141415318965514,-0.13344291344282613,0.06876171654718896
"30v5","Gab2","CLIP_Bound_30v5",0.6883102156808925,-2.258564798901165,0.022781705548543956,0.051869605752633545,0.6297439589434268
"30v5","Galnt1","CLIP_Bound_30v5",1.707123797016621,-5.130831550363085,1.4995250820881377e-6,-0.10732394737069072,0.17250545670151296
"30v5","Galnt9","CLIP_Bound_30v5",-1.0346012166012966,3.00711354119227,0.03485134899974041,0.0715477503043164,0.39824400037530144
"30v5","Gas2l1","CLIP_Bound_30v5",3.02519314858517,-4.5318404455068615,0.028498673904151003,-0.052620640116148504,0.5343029780018222
"30v5","Git1","CLIP_Bound_30v5",3.610871343067213,1.2353207758236433,0.037059698453701835,-0.026740922029504306,0.7122303494707363
"30v5","Gjc3","CLIP_Bound_30v5",3.009355335985899,-6.74482180296823,0.0014726201937313261,0.29824309688015227,0.18904978031445024
"30v5","Gls","CLIP_Bound_30v5",-1.5241485274443225,-1.078967348283291,0.036703716222258216,0.062498021741977494,0.39767767679847427
"30v5","Gm12258","CLIP_Bound_30v5",-0.8057708919129101,-5.93500204517216,0.0024647471805136732,-0.0973458068361741,0.3945833978264726
"30v5","Gm21992","CLIP_Bound_30v5",1.2575895077186208,1.8903730405529977,0.01879757157235939,0.2518733869573117,0.14163548246935256
"30v5","Gnai1","CLIP_Bound_30v5",-2.019760161637838,2.3616653523784996,0.008385014384723489,0.10486596046527583,0.08330145256498454
"30v5","Gnaq","CLIP_Bound_30v5",-0.5069873260961689,0.7255823411758822,0.01692629177068012,0.025054799588564183,0.5455821473134292
"30v5","Gnaz","CLIP_Bound_30v5",0.5807434112238945,1.4490398044299555,0.01957816569367024,-0.08725534132821788,0.19252552985321797
"30v5","Gnb1","CLIP_Bound_30v5",0.6962368481272735,1.714786449372502,0.015715477433008426,0.02317780949239824,0.6797192370534074
"30v5","Gng12","CLIP_Bound_30v5",1.5048785828358395,-2.64360987086243,0.0160801764267105,0.14486510449678108,0.10152982020127203
"30v5","Gpam","CLIP_Bound_30v5",2.2223612057206266,-3.9647238670083,0.007948469871756502,0.03891637465995584,0.6121909693737915
"30v5","Gprin1","CLIP_Bound_30v5",0.7818704162960542,1.9917356504577493,0.0012782243098022755,-0.08862355613242126,0.14495847176035234
"30v5","Grik3","CLIP_Bound_30v5",0.9840403963667814,1.9569586247123136,0.034037296504963115,-0.19809564119623219,0.08205684257099077
"30v5","Grsf1","CLIP_Bound_30v5",-0.7991018542322897,-4.327476384422731,0.012286339693895856,0.07971888338175434,0.12612395325619674
"30v5","Gspt1","CLIP_Bound_30v5",-0.5041453530864252,-5.84891910883037,2.8975975897223888e-5,-0.03441430913971783,0.6114785554455516
"30v5","Gtdc1","CLIP_Bound_30v5",0.25168057931779453,1.8244392067741935,0.04997890856830627,-0.018117390434126697,0.8122054973898039
"30v5","Gtf2h5","CLIP_Bound_30v5",-1.1206830630046385,3.8958470137484102,0.033533698455722565,-0.08626162154045502,0.30630303307557644
"30v5","Gtf3c3","CLIP_Bound_30v5",-0.7377164152281795,1.8535942269833852,0.040798020924364416,0.30341615702021574,0.09392042612225499
"30v5","Hapln1","CLIP_Bound_30v5",3.1065082741855328,-3.338810800322692,0.040003487060669134,0.09657554979968642,0.6168388228823455
"30v5","Hccs","CLIP_Bound_30v5",-0.6442856413492044,-4.516840549823948,0.005659575222771582,0.15699588394467856,0.05720294407860304
"30v5","Hcn1","CLIP_Bound_30v5",-0.9771722588688736,1.8828282927950606,0.010631900829911223,0.026243054332378217,0.7933694339851696
"30v5","Hdac6","CLIP_Bound_30v5",1.499383017103012,6.183994559325187,0.03275484185561033,-0.09347087792285604,0.391552197279556
"30v5","Heatr6","CLIP_Bound_30v5",0.46909022642177844,-5.7183040068157265,0.0021171854482427816,-0.10857543782694586,0.43527346451729515
"30v5","Hecw2","CLIP_Bound_30v5",0.7514789118627873,-2.3107981089121985,0.04882182606075177,-0.042270595369736104,0.6966284234571226
"30v5","Herc1","CLIP_Bound_30v5",-0.6815640116018988,0.7253725786777849,0.03343595013639089,0.10213540656683383,0.3462367299106141
"30v5","Hip1r","CLIP_Bound_30v5",2.226562098238527,-3.8421259500005682,0.03790916514014282,-0.1592006059670163,0.1512384511757543
"30v5","Hivep2","CLIP_Bound_30v5",2.232898939874521,1.0301954791256733,0.03151669928091716,0.04786416681617845,0.5418968418159265
"30v5","Hnrnpd","CLIP_Bound_30v5",-0.8398600967426604,4.397099743418458,0.02584843223539242,-0.10116239289813235,0.48226180898509924
"30v5","Hnrnpk","CLIP_Bound_30v5",-1.723487508470345,-5.098804421549183,0.02072347999165112,0.08129749904813004,0.2421537541277126
"30v5","Hpca","CLIP_Bound_30v5",-0.939712423782662,1.7476932811755654,0.014095949211875968,-0.015323170267987627,0.8916726790244587
"30v5","Hpcal4","CLIP_Bound_30v5",3.541527435997468,1.904056282118551,0.0021868347810531214,0.016804978021880097,0.7162797781118956
"30v5","Hsdl2","CLIP_Bound_30v5",1.010815671572085,-5.8064874379825415,1.2763439317640862e-4,0.13093751144347104,0.10342557742743645
"30v5","Hsp90ab1","CLIP_Bound_30v5",-0.4965494914108941,0.6680733175706823,0.04753629916282759,0.08537908466858529,0.2460573169696517
"30v5","Htr2c","CLIP_Bound_30v5",-1.8467079390223584,-2.720358665480952,0.026143574629527086,-0.4165694774945862,0.15021451563642205
"30v5","Huwe1","CLIP_Bound_30v5",2.8822881771462554,0.8169491935587567,0.024773912512428317,-0.025023132611030636,0.8508290715780179
"30v5","Il1r1","CLIP_Bound_30v5",3.2049602275869193,-2.931398753826034,0.041921508364463324,-0.060902545518120674,0.6043153939267121
"30v5","Il33","CLIP_Bound_30v5",1.1338710567895414,-9.165799463546046,1.5050225477854903e-5,-0.04002978683976719,0.7701592399399357
"30v5","Impact","CLIP_Bound_30v5",-1.2583551003123985,2.1815878468575205,0.02435522057394422,0.07455476939932677,0.3855142207236966
"30v5","Iqgap2","CLIP_Bound_30v5",-2.633566854995017,1.2195021298644066,0.028136992050070635,0.15643870887899977,0.13530388725257628
"30v5","Iqsec2","CLIP_Bound_30v5",3.1663235578355966,1.6182778541825176,0.009426846651012571,-0.03697691222715926,0.5072687170854622
"30v5","Itgb1","CLIP_Bound_30v5",1.452936368272205,-3.813433655746757,0.028697074010739378,0.023515770710125942,0.7781888777376111
"30v5","Itgb8","CLIP_Bound_30v5",3.446776880232743,-1.6340600693551233,0.018848914973887364,-0.08805016775335275,0.2623053780727029
"30v5","Itpr1","CLIP_Bound_30v5",2.126719694436546,0.9137360258213829,0.025078828544021825,-0.013561226439623146,0.9070794028567373
"30v5","Itpr2","CLIP_Bound_30v5",3.6868736367968613,-2.0750244546826937,0.04105233359724098,-0.155217248794847,0.4842760119313089
"30v5","Jmjd4","CLIP_Bound_30v5",1.0061474241888662,-6.638466496054174,0.029169858000804978,-0.041383732099738745,0.469024458484636
"30v5","Jph4","CLIP_Bound_30v5",3.349745248897636,1.1015238534226075,0.04042487783611324,-0.053810471195027194,0.3778674043856595
"30v5","Kars1","CLIP_Bound_30v5",-0.19751914895451303,-7.102273690157071,0.0076407660897312496,-0.009450186209928957,0.8941550114906992
"30v5","Kat2b","CLIP_Bound_30v5",1.4986230806277125,-1.9819046507645544,0.042773016917683544,0.2846181896286236,0.43886892102925945
"30v5","Kat6b","CLIP_Bound_30v5",-0.3126987234001982,1.5791317826900921,0.030691053306352155,0.17089391316869765,0.15755397969758797
"30v5","Kcmf1","CLIP_Bound_30v5",0.5014171653119416,2.9851842172968106,0.01538824805175144,0.10254402934283183,0.22591339041434821
"30v5","Kcnc2","CLIP_Bound_30v5",-0.6979532319991771,1.980672701210119,0.007995316555592996,-0.15646717341365998,0.06525901690322547
"30v5","Kcnd2","CLIP_Bound_30v5",-1.6042014234703756,1.0748671413989892,0.03977552350378716,-0.05159535633865161,0.5637623972737481
"30v5","Kcnh3","CLIP_Bound_30v5",2.622360043247403,1.2877760663420785,0.03193276537047124,-0.07941934690284817,0.32513495111291096
"30v5","Kcnj10","CLIP_Bound_30v5",3.4551683955214676,-3.1000339474224092,0.02208800338193644,0.0901290362199999,0.5184447539395274
"30v5","Kcnj6","CLIP_Bound_30v5",-0.9464564275799895,2.6850492764884617,0.02220540529367735,-0.08979229768328965,0.10907718624861967
"30v5","Kcnq2","CLIP_Bound_30v5",1.6393879960615239,1.8384913571037607,0.002235792449745846,-0.07866088497699515,0.2025052838065776
"30v5","Kif1a","CLIP_Bound_30v5",0.930230298769637,1.259190613425612,0.005379552338656346,-0.14169729024322725,0.17665720942031313
"30v5","Kif5a","CLIP_Bound_30v5",1.0373262552768812,1.1622083859918053,0.004789860109462819,0.08370554214292746,0.27069332865190104
"30v5","Kif5c","CLIP_Bound_30v5",-0.11052579139681519,1.0859755108405125,0.019722881173003765,-0.09674991771707749,0.093474482665068
"30v5","Kifc3","CLIP_Bound_30v5",1.2076812040492997,-4.7932180437700795,7.912076049250607e-4,0.026927294206058838,0.7840581593534064
"30v5","Lancl2","CLIP_Bound_30v5",-1.6395863414584955,-6.970526320362047,0.0027604767054098234,0.071008716925350407,0.11152438034036137
"30v5","Larp1","CLIP_Bound_30v5",1.6295075786736262,1.3866536854221723,0.003906450787602346,-0.0859312392080944,0.13780699205555377
"30v5","Lcorl","CLIP_Bound_30v5",-1.1000701241213169,-3.401462075691862,0.024737505137140025,-0.0011616238574594323,0.9917299836726613
"30v5","Llgl1","CLIP_Bound_30v5",3.117868680102011,1.9348769933365881,0.020364900359060068,-0.022814672549988525,0.8029852225285888
"30v5","Lonrf2","CLIP_Bound_30v5",-0.28719040022474457,1.1814401171371536,0.009374346127119357,0.019915026348908984,0.7503245958500453
"30v5","Lpp","CLIP_Bound_30v5",2.162523862958347,-2.6857620054987117,0.006218975253594016,0.0932446390571701,0.4040440712277879
"30v5","Lrig1","CLIP_Bound_30v5",0.7430341075398232,-4.097186852037234,2.9167140811619515e-6,-0.015201455542844576,0.8633396020405523
"30v5","Lrp1b","CLIP_Bound_30v5",-1.4161239903335472,1.2805870088372102,0.012547419495307154,-0.3336845665192381,0.1137186253714872
"30v5","Lrp8","CLIP_Bound_30v5",0.41011661470843924,-2.8802061466859175,0.035386048546160474,-0.21619923095758484,0.08378507484373471
"30v5","Lrrc8b","CLIP_Bound_30v5",-0.022232608633989917,1.9773256808063298,0.04049782804843817,-0.06500924977685356,0.22883882924865864
"30v5","Lrrtm1","CLIP_Bound_30v5",-1.60983299251548,1.4127138634076344,0.02592531111803893,-0.13815641664574357,0.057584420323311514
"30v5","Lsm14a","CLIP_Bound_30v5",-0.8470519948891154,-3.283808614424302,0.026387617558096058,0.00823296289982854,0.9073281823238606
"30v5","Macf1","CLIP_Bound_30v5",0.5560392362773581,-1.1218539105250742,0.014970603449785048,0.012392149112899337,0.8412432354600271
"30v5","Maged1","CLIP_Bound_30v5",-0.9311702913230132,1.395930022664758,0.03658087214632333,0.003052395148912175,0.9639589507899403
"30v5","Magi2","CLIP_Bound_30v5",0.03802410175939963,1.171438390000441,5.477774473931626e-4,0.0256148152192612,0.6931726481646121
"30v5","Map1b","CLIP_Bound_30v5",-0.3914886510773017,1.0668370924686679,0.02611205384215895,-0.06642964683057985,0.406875123973294
"30v5","Map2","CLIP_Bound_30v5",1.850671052544186,1.2860864381586525,0.011634501782888662,-0.04318019651354008,0.47486996708248225
"30v5","Map6","CLIP_Bound_30v5",-0.027906135129474617,-3.7782621865854313,3.7294754340418546e-4,-0.06781120709788134,0.21877134544546303
"30v5","Map7","CLIP_Bound_30v5",-0.26133823511442833,-3.508310933770656,0.004856165464926917,0.09469127609082824,0.10352750130295409
"30v5","Map9","CLIP_Bound_30v5",-1.5234372686262765,-3.1780512952943822,0.022779752690093812,0.061520427259193225,0.38611200283880265
"30v5","Mapkbp1","CLIP_Bound_30v5",-0.33258830677702567,-3.9785518228423795,0.02100315767668223,0.04883682327720882,0.6359279069716394
"30v5","Marchf5","CLIP_Bound_30v5",-1.6445504797510302,-5.969594648881273,0.01330350035210633,0.019089045484194628,0.7488128435737254
"30v5","Marf1","CLIP_Bound_30v5",2.813999684330271,0.7509592683143538,0.013115604720233666,0.08257701348900653,0.059020990969954244
"30v5","Mast2","CLIP_Bound_30v5",3.12792828379752,1.5907586498544344,0.014976232604238011,-0.018449360581797473,0.7157062154873253
"30v5","Mast3","CLIP_Bound_30v5",1.731374930798877,1.8743442012832228,0.0037947078401471984,0.05915987362239938,0.2603164604345712
"30v5","Mat2b","CLIP_Bound_30v5",-2.0719368959189586,3.957173608797819,0.026241926418491695,-0.04035432562889642,0.5803433989883735
"30v5","Mcf2l","CLIP_Bound_30v5",2.127480836912971,-2.3493001422736013,0.024801263349205564,0.034761096653346556,0.664154816852017
"30v5","Me1","CLIP_Bound_30v5",-0.10332437403140277,-3.8765502113110797,0.01594665118191453,0.06631495731797056,0.4191716229060788
"30v5","Med13l","CLIP_Bound_30v5",2.779047026593669,0.983510742688928,0.027461328525677224,0.07817756934431855,0.28345161166778
"30v5","Mef2d","CLIP_Bound_30v5",0.9058856745475985,1.6521619609815512,0.004005830444516324,-0.047028524649596025,0.43466313619793007
"30v5","Mfap1a","CLIP_Bound_30v5",-0.5891328837579629,-5.172181590606737,0.020137939171445796,0.01104940522005151,0.8789348482901123
"30v5","Mfap3l","CLIP_Bound_30v5",1.2024050255911414,-4.285514435169061,0.018049204885484584,-0.025335200916046244,0.7384563688148286
"30v5","Mfsd14a","CLIP_Bound_30v5",-1.3542367384932772,-3.5644712579289566,0.01609740512429659,-0.08106151443066026,0.13101058020316386
"30v5","Mfsd14b","CLIP_Bound_30v5",-1.3196531952103596,-6.644284532531202,0.0014766548991214474,0.07197990279512734,0.47920901226485996
"30v5","Mib1","CLIP_Bound_30v5",0.5574882946253037,-0.7398060910185302,0.0358853819171902,-0.05701072967471209,0.13476491170198368
"30v5","Mical2","CLIP_Bound_30v5",0.1140844322521908,1.255438874275268,0.026797578779849982,0.02500402407478033,0.7497801341629922
"30v5","Mink1","CLIP_Bound_30v5",1.5932079317980765,3.0014007836922945,2.1812647697726773e-4,-0.013273916425856552,0.785291767122466
"30v5","Minpp1","CLIP_Bound_30v5",-0.8468603714894741,2.117812903857819,0.011629976052036032,0.1277956208437591,0.058992180016806645
"30v5","Mkks","CLIP_Bound_30v5",-1.161773119994315,-6.619215576290571,0.013874936242037244,-0.06215306229783602,0.4582136700121146
"30v5","Mlf2","CLIP_Bound_30v5",-0.7894333637304902,-4.802622685578616,0.04080265100280523,0.07205008782722687,0.22505578725254688
"30v5","Mlip","CLIP_Bound_30v5",-2.0766461211147633,2.0203244030766516,0.014137491070609734,0.17118476903428273,0.10600940744050236
"30v5","Mprip","CLIP_Bound_30v5",1.8232119547635957,0.7831747474328421,0.038566851362912095,-0.07354190005022167,0.21934656509956488
"30v5","Mrtfb","CLIP_Bound_30v5",-0.48740105306243847,1.078630376421958,0.04658484834785275,0.022038110223752305,0.7031573681839411
"30v5","Msh3","CLIP_Bound_30v5",-0.891460688985872,-4.810089436098826,7.731119591065607e-4,-0.03225979644861136,0.8003731997763722
"30v5","Msh6","CLIP_Bound_30v5",-0.4088404894886248,-5.323075539934773,0.0034922761497244315,0.1274921093129569,0.21484924631024996
"30v5","Msi2","CLIP_Bound_30v5",2.3282059389788436,-2.322635526934337,0.023715322082879322,-0.06241337153298465,0.4792603358596133
"30v5","Msl3","CLIP_Bound_30v5",-0.4232753206514801,-6.140690130828185,0.007225510415520824,-0.10235353871663885,0.18655919218870298
"30v5","Mt1","CLIP_Bound_30v5",4.228414528396791,-8.351443739619395,0.03970941914913342,0.3095559923930899,0.06672145321187749
"30v5","Mtdh","CLIP_Bound_30v5",-0.7246068102419612,3.1401836495504836,0.011338787726656769,-0.08113678994865225,0.20892595422359475
"30v5","Mtmr4","CLIP_Bound_30v5",-0.5610528146324552,-4.58996902994872,0.027948686445943987,0.10786775892483565,0.13662551990932326
"30v5","Mto1","CLIP_Bound_30v5",0.28422438945455153,-5.692263593641709,0.003882841845728329,0.05580119380213924,0.5839782578180606
"30v5","Mturn","CLIP_Bound_30v5",2.167349626781412,-5.129399493872605,0.0384999658558972,0.10501944153358139,0.1408939047546794
"30v5","Mtx3","CLIP_Bound_30v5",-0.1814004540387169,-5.0454319119536155,0.02255465274352056,0.14516324242695253,0.06255611481912929
"30v5","Myh14","CLIP_Bound_30v5",2.330345148525848,-4.574257608772302,0.0462356122422858,-0.17479580692477314,0.25314511638237247
"30v5","Myh9","CLIP_Bound_30v5",-0.3034309974111738,-2.897681262306288,0.02835617552282964,0.07409323796536453,0.3637460720647015
"30v5","Nab1","CLIP_Bound_30v5",0.3932539970338781,-5.900550589076968,0.003414812621495151,0.1375279567083908,0.22459069326902556
"30v5","Nacc1","CLIP_Bound_30v5",2.340649327724915,1.4530772352810342,0.036152607354366643,0.01986991448880323,0.6142485396655124
"30v5","Nav3","CLIP_Bound_30v5",-0.23064695250279757,1.072516736317474,0.020874343949314426,-0.05792772113412932,0.5977233988015416
"30v5","Nbeal1","CLIP_Bound_30v5",1.4860939804474391,-2.784730964233462,0.0351225344268145,0.1794629053311969,0.17102328569599318
"30v5","Ncdn","CLIP_Bound_30v5",1.4510422218343828,1.8170441465725928,0.004421359025193172,-0.029452159172042244,0.46694252562688965
"30v5","Ncoa6","CLIP_Bound_30v5",-0.38852304989869546,0.9388282623842308,0.03454546090795674,-0.040630524912784155,0.585135262813933
"30v5","Ncor1","CLIP_Bound_30v5",1.2183521316307628,1.1090949853108998,0.0405831740620073,0.012952733876105717,0.8390803070680609
"30v5","Ndrg1","CLIP_Bound_30v5",0.29036822469739143,-3.8465369176380384,0.00847650097558383,0.35529523119829287,0.09055358923036246
"30v5","Ndrg4","CLIP_Bound_30v5",-0.9861656837809534,1.418151219580598,0.049638732510394815,-0.06099936184670809,0.30376454257610186
"30v5","Ndufv2","CLIP_Bound_30v5",-0.8936181351220456,-5.691441931870422,0.0180673919026171,-0.02147485966917982,0.7954544969354456
"30v5","Nedd8","CLIP_Bound_30v5",-0.9329406733017461,7.77781093732494,0.018834552439782676,-0.16918072351038108,0.12042304058316253
"30v5","Nefl","CLIP_Bound_30v5",0.6513673129962211,1.1671027884626088,0.017114593924571313,-0.08344778824324534,0.1354166612375087
"30v5","Nemf","CLIP_Bound_30v5",-0.5231915562034211,-2.9803259434304232,0.025033886620376294,0.16455441465712028,0.23837602104867545
"30v5","Neurod2","CLIP_Bound_30v5",0.1683254523322476,1.5596298596413911,0.02291446482781832,-0.07953537801970088,0.37247489257693134
"30v5","Neurod6","CLIP_Bound_30v5",-3.325017939292444,1.8937978914899576,0.006199309242573762,0.11513390096866667,0.30048076015466796
"30v5","Nfkbia","CLIP_Bound_30v5",1.4523482561606724,-8.103194341271037,0.004623485123969159,-0.007639055480828523,0.9486293863490745
"30v5","Nfx1","CLIP_Bound_30v5",-1.0467792506650988,-3.8482326585869355,0.0449049568834774,0.06583178360053765,0.2510855644584956
"30v5","Niban2","CLIP_Bound_30v5",2.5192192018008925,-3.418073608735672,0.019319698945383088,0.05133045738630421,0.8250424765745064
"30v5","Nnat","CLIP_Bound_30v5",0.41519777870777536,-10.42883961448084,0.006862414969334105,-0.1768010527379267,0.33581333084655385
"30v5","Notch1","CLIP_Bound_30v5",4.286146992864863,-3.5749021886329744,0.00850773101242823,0.12182252962517158,0.386047063439545
"30v5","Nr1d2","CLIP_Bound_30v5",-1.2136106481965394,-3.4750909916301507,0.03159437682574666,0.13035381793014741,0.06471275894814975
"30v5","Nr3c2","CLIP_Bound_30v5",-0.24602407082127123,1.6409153594051737,0.0012428766700592507,-0.021627354006242726,0.7110067675494626
"30v5","Nsf","CLIP_Bound_30v5",-1.4042806712395266,1.3439132452556268,0.0018157295262737198,-0.03812145982184257,0.5216068003815062
"30v5","Nyap1","CLIP_Bound_30v5",2.375128863861982,-8.755537493905447,0.01184843016965081,-0.08597989854838403,0.21738609953574894
"30v5","Ogfod1","CLIP_Bound_30v5",-0.23409739713670485,1.980387048929566,0.012818518402851425,0.07614805519818968,0.3310185803737693
"30v5","Olfm3","CLIP_Bound_30v5",-2.4114385174744553,3.7173006775753508,0.004439594981969343,0.13441741907903826,0.15261128843041408
"30v5","Oxnad1","CLIP_Bound_30v5",0.6210731652264747,-6.994975939080341,0.0036453006564170724,-0.09244530930159163,0.5704731734152653
"30v5","Pacsin1","CLIP_Bound_30v5",1.6941592924268496,4.244311881679791,0.0014169266400918263,-0.0540678403167728,0.4459863023690686
"30v5","Pank3","CLIP_Bound_30v5",-1.2374855599186259,-1.0642725353324458,0.042086621862114974,0.058615510253732614,0.5122263153128352
"30v5","Paqr4","CLIP_Bound_30v5",0.9536247751513666,-8.811476321784568,5.552314189429216e-4,-0.1606425712783911,0.07050281534717244
"30v5","Pbx2","CLIP_Bound_30v5",0.7982525109670725,-10.249186212133337,4.5375256260173216e-4,-0.029909117781984188,0.7263007188937807
"30v5","Pcnx","CLIP_Bound_30v5",0.5745767265996077,0.6589647666150595,0.013790763767173772,-0.11072236248176504,0.0830909852152098
"30v5","Pcyt1b","CLIP_Bound_30v5",0.31621072706675424,-3.666424766465676,0.019107191829942253,-0.09175138876193945,0.13791342172700075
"30v5","Pdcd4","CLIP_Bound_30v5",-1.2950184221775751,-6.128065279095241,0.023040516917754546,0.034075199409433696,0.6583562576101643
"30v5","Pde10a","CLIP_Bound_30v5",-0.7355274952216547,1.4408044943173128,0.006797870100163065,0.09998886262776609,0.362527205063769
"30v5","Pde2a","CLIP_Bound_30v5",0.28284943194000794,1.204204665663883,0.029052511595109562,-0.02103152761808573,0.8127034899649292
"30v5","Pde8b","CLIP_Bound_30v5",1.2397355815114333,1.2621656387789013,0.03652925225650666,0.022734887111414852,0.8066328491633232
"30v5","Pdgfra","CLIP_Bound_30v5",3.30668834105846,-4.158396289186546,0.03963087854443174,0.015767430595570852,0.9267410196708229
"30v5","Pdzd4","CLIP_Bound_30v5",2.6808300981625575,0.901995719403553,0.03956941785325904,-0.03961742890671213,0.5042126388935253
"30v5","Pef1","CLIP_Bound_30v5",-0.39006470960805395,5.580669369294538,0.031241366923641895,-0.0879566228614313,0.13749608919011644
"30v5","Pfas","CLIP_Bound_30v5",1.6841966734218736,-6.054621684229489,0.0025394353567578225,0.10227849711660894,0.34851576962326636
"30v5","Pgs1","CLIP_Bound_30v5",1.626815768353994,6.154519550719703,0.01207955721228804,-0.028249442845176186,0.6591031154348836
"30v5","Phactr1","CLIP_Bound_30v5",2.8889830197053183,1.321706276506936,0.04179329028811434,0.03357027914020274,0.5692526659463855
"30v5","Pik3r3","CLIP_Bound_30v5",0.31926131924118245,-3.6508433583299063,0.00831496072001247,0.11972996013366065,0.09354480047904384
"30v5","Pitpnm1","CLIP_Bound_30v5",3.6622101897291337,1.6906413004702152,0.0420978110228984,-0.048932245566953726,0.49621213043812296
"30v5","Pitpnm2","CLIP_Bound_30v5",3.138164315156319,1.160506604009798,0.0267135004503684,-0.049633187422269257,0.717433032700912
"30v5","Pja2","CLIP_Bound_30v5",-2.448497631968045,1.2733272072956492,0.022863761851615618,0.027238947509051904,0.6480266898522532
"30v5","Pla2g7","CLIP_Bound_30v5",3.944899425053666,-3.3053806768910055,0.020690846409460825,0.04147790716418399,0.6739606135822978
"30v5","Plaa","CLIP_Bound_30v5",-0.8404080270789017,-3.823952405236283,0.024318916039410256,0.14584707287603774,0.08741396444208725
"30v5","Plagl1","CLIP_Bound_30v5",-0.4265454045949355,-4.789833371120712,0.03037485330021274,0.09887326629776884,0.7521088152936002
"30v5","Plagl2","CLIP_Bound_30v5",0.22815026599022056,-6.310614433318493,0.007438561865809683,0.04891837141220964,0.7231166093731253
"30v5","Plekha2","CLIP_Bound_30v5",2.2119326024232397,-3.768352817510518,0.0061980665122442005,-0.09861203147852295,0.32035339861496825
"30v5","Pls3","CLIP_Bound_30v5",-2.447675825576298,1.9145880604917416,0.005268182015373505,0.09835725989967092,0.1709922718231042
"30v5","Plxnb1","CLIP_Bound_30v5",4.434908304057656,-7.287212639352613,0.0016988479053518962,0.23330721122101067,0.405550868345285
"30v5","Pnrc1","CLIP_Bound_30v5",-0.13700355772757056,1.5056349544548495,0.006214720009418185,0.045661315827528595,0.37150127895976026
"30v5","Pogk","CLIP_Bound_30v5",1.6536319394196899,-6.70442198373479,0.02203657832780567,-0.048496825080257995,0.6048333678202746
"30v5","Polr2b","CLIP_Bound_30v5",-0.27665817823128125,-2.879636879222809,0.047422550191823475,0.05153343955253871,0.7487104874663219
"30v5","Ppm1e","CLIP_Bound_30v5",-1.7593720513456745,1.1376787720384813,0.02291355730060162,0.09040787179897862,0.1287407357113495
"30v5","Ppp1r12a","CLIP_Bound_30v5",-1.4531963141182418,1.3166754538934495,0.044272461368966655,0.11646885326451821,0.16103976448677276
"30v5","Ppp1r13b","CLIP_Bound_30v5",0.6340334823884821,1.4895820772282602,0.021351661292519596,0.07492421060570592,0.16272144206149602
"30v5","Ppp1r9b","CLIP_Bound_30v5",3.9449894871709064,1.4213959543875037,0.012445574401725482,-0.051834620419800324,0.5954369482819764
"30v5","Ppp2r2c","CLIP_Bound_30v5",2.4911439044770862,1.0347696125722896,0.02147757619330812,0.022060004071393437,0.7194465800000016
"30v5","Ppp3ca","CLIP_Bound_30v5",-1.0661827463037028,1.567348039910576,0.015510728540268949,0.045444307372943776,0.48530147270126733
"30v5","Ppp3cb","CLIP_Bound_30v5",-2.0138298631426004,1.6324781969579223,5.173189925823711e-4,0.06623550964989154,0.3652444944212275
"30v5","Ppp6c","CLIP_Bound_30v5",-0.8481825741951255,-3.256419238043185,0.04712160896120672,0.12128160109641405,0.19213708337886645
"30v5","Ppp6r3","CLIP_Bound_30v5",-0.02222084223971005,-2.7683494952908605,0.039154647894143635,0.02717651683738512,0.7217912652287165
"30v5","Prkaa2","CLIP_Bound_30v5",-1.0810074552482467,-2.430211928423708,0.02847954259341359,0.020726834025042523,0.7460030694350651
"30v5","Prkab2","CLIP_Bound_30v5",-1.1674073319507923,-3.506920761251375,0.01214054468655831,0.14569514880362439,0.16526539325560619
"30v5","Prkca","CLIP_Bound_30v5",-0.6915024476757676,1.1732045653543355,0.0032994018724055996,-0.12605856581551844,0.16393092455289598
"30v5","Prkcb","CLIP_Bound_30v5",1.1244593628012292,1.2820223257486236,0.019204380571061212,0.06082683331060464,0.35728404725727075
"30v5","Prkce","CLIP_Bound_30v5",0.4186740319293254,0.9342846979919432,0.04651343643168703,-0.1021817000653921,0.07531919546165691
"30v5","Prpf4b","CLIP_Bound_30v5",-1.1553847246295181,-3.934236348816041,0.015580521599032978,0.07925814103151527,0.25054449138403534
"30v5","Prr14l","CLIP_Bound_30v5",-0.33269131485943815,1.2643517372721877,0.02352242830895671,0.04188603054420547,0.5734839079714074
"30v5","Prrc2b","CLIP_Bound_30v5",2.493642149550068,0.9108802254364736,0.005994820847242294,-0.05204696120873369,0.3816653648832483
"30v5","Psme4","CLIP_Bound_30v5",-0.6530445491883291,-3.1743971930738812,0.014783570890438785,0.0157706657851758,0.8491549483292249
"30v5","Ptk2b","CLIP_Bound_30v5",-0.940875391785896,1.2238640565144852,0.03199212054693864,-9.828644719667844e-4,0.9893930282731509
"30v5","Ptprd","CLIP_Bound_30v5",0.00927327028205747,-1.0438310642875344,0.02593005771457498,-0.19393613890706726,0.06621545754413057
"30v5","Qser1","CLIP_Bound_30v5",0.9637036203795002,-3.274645547147894,0.015048415869113993,-0.0037385278415759753,0.9638537639087493
"30v5","Rab30","CLIP_Bound_30v5",0.04934383797496402,-2.9445847585692837,0.04965404241362246,0.20153841752676666,0.050574978604559145
"30v5","Rab39b","CLIP_Bound_30v5",-1.838587454866636,-4.767107709691361,0.0017638591218544074,0.12160078809815064,0.10127017945465622
"30v5","Rab3gap1","CLIP_Bound_30v5",0.0019289715858496067,1.5051832681355017,0.04389403635484462,-0.013800795731457363,0.8504224352206409
"30v5","Rab3gap2","CLIP_Bound_30v5",-0.6331362169898431,0.9313461493576587,0.041526821342021444,0.089204121373798545,0.3127070943664252
"30v5","Rad23a","CLIP_Bound_30v5",0.040729166140332666,-6.341140059177134,0.02838485168284219,0.032744892274631385,0.628691768943533
"30v5","Rai1","CLIP_Bound_30v5",0.898107660451417,0.9119132251679449,0.019470214733118402,0.04491474709140884,0.5803670347416472
"30v5","Rangap1","CLIP_Bound_30v5",-0.21091298444547232,-4.979730842264055,0.019436394864853605,-0.0735414944759315,0.2706685226169222
"30v5","Rapgef5","CLIP_Bound_30v5",-1.3013689278750198,1.23055369026822,0.018233984568165038,0.08709243468156769,0.18209619254696882
"30v5","Rasa3","CLIP_Bound_30v5",1.1403215092270558,-2.6668625786265907,0.02944013541759758,0.05166230654595958,0.5634488812774626
"30v5","Rasgef1a","CLIP_Bound_30v5",1.6797827720835814,1.0627303952255018,0.025693208095563583,0.061260241013666,0.28555078230680436
"30v5","Rasgrf1","CLIP_Bound_30v5",-0.028012670722515266,1.2043127706683436,0.01704999697252052,-0.0342550959179991,0.7685357522578609
"30v5","Rasgrp1","CLIP_Bound_30v5",-2.030005959005854,1.0143775018445664,0.02786871390480134,0.005089418085951605,0.9614534787181523
"30v5","Rasl10b","CLIP_Bound_30v5",4.502554405729,1.3620243360890392,0.021946301580780373,-0.016669975715480227,0.8375420953119473
"30v5","Rassf8","CLIP_Bound_30v5",2.9009380292570204,-4.5229208426628595,0.010402372770917436,-0.055039904949331246,0.7470990541732436
"30v5","Rbck1","CLIP_Bound_30v5",2.389453491421861,-5.08793889569036,0.016249634306090804,-0.15729245273196946,0.0725863060724606
"30v5","Rbfox2","CLIP_Bound_30v5",1.4464749909510386,1.9529969381519798,6.707194708590931e-4,0.07755184505130797,0.12338821353590942
"30v5","Rdx","CLIP_Bound_30v5",0.9678516502085149,-3.4424333293493516,0.0439201123832969,-0.08421872395364355,0.37305564222919213
"30v5","Retreg3","CLIP_Bound_30v5",0.034887926183494115,-2.869504624251639,0.021191095119664376,-0.09700438054303741,0.14025956214899596
"30v5","Rnf157","CLIP_Bound_30v5",2.313529040542079,1.3903698940517675,0.011854085488818077,0.03765177072797993,0.42218019456896877
"30v5","Rnf2","CLIP_Bound_30v5",-2.3441799899586226,-4.687898443303542,0.038975847119229086,0.17895140138980328,0.1377594088018682
"30v5","Rnf214","CLIP_Bound_30v5",-1.1984499060436875,-3.7699489497275485,0.03150852406838439,0.0027432700116418298,0.9674531707591765
"30v5","Rnf34","CLIP_Bound_30v5",-1.5143600606725123,-5.714793561397295,0.004828947951371802,0.08234359382887649,0.14245967174686325
"30v5","Rpl22","CLIP_Bound_30v5",1.299270456368744,-7.036121245468647,0.013657040794438953,0.12631741490952214,0.15849479771376057
"30v5","Rpl4","CLIP_Bound_30v5",2.3190799905271446,1.5267195603838521,0.038696026053856504,-0.022141372751671735,0.6645403493103349
"30v5","Rps6ka2","CLIP_Bound_30v5",2.0570651912336806,2.368447114949483,0.046614731170038226,0.06262789522454427,0.36143459486428436
"30v5","Rps6ka3","CLIP_Bound_30v5",-0.5591974319538063,-3.239074028722553,0.003179500613828164,0.0027405669707924766,0.9858816403471715
"30v5","Rps6kc1","CLIP_Bound_30v5",-0.7926486727994253,3.1004497485993747,0.026636125287320168,-0.11060860437926455,0.470995856459843
"30v5","Rsbn1l","CLIP_Bound_30v5",-0.5466043813090343,-3.182106928854923,0.04856289076349786,0.11762574397903482,0.17471796525483818
"30v5","Rtraf","CLIP_Bound_30v5",-0.8845236534730386,-5.7986432396941305,0.003643768937336149,0.05715065424505217,0.4349845745315613
"30v5","Rusc1","CLIP_Bound_30v5",0.5162687949741004,-5.876259457100326,1.837339532621776e-5,-0.061158013649510935,0.2663394279051872
"30v5","Rusc2","CLIP_Bound_30v5",1.340725920033418,1.759323691599528,0.027595347958941197,0.03561337138384836,0.6447530282847925
"30v5","Rwdd1","CLIP_Bound_30v5",-0.8677251059050002,-5.3481775030958065,0.0069033966766532005,0.005926496120198263,0.9601793445433895
"30v5","Ryr3","CLIP_Bound_30v5",-2.2958360547800982,0.5735312262030043,0.03946153273975052,0.06073152865279316,0.7304886382903941
"30v5","Sall1","CLIP_Bound_30v5",3.143277577890807,-5.3458441762152304,0.01846391448148797,-0.31546587371161555,0.22211870024479388
"30v5","Samd8","CLIP_Bound_30v5",-1.0948832084376894,1.3701199773690704,0.006461354043708371,0.0464247396614212,0.3392217925523247
"30v5","Sbf1","CLIP_Bound_30v5",2.9347987270293325,0.7739452967008127,0.028861654545810016,-0.08761676945520915,0.3228446634643079
"30v5","Scrib","CLIP_Bound_30v5",2.1667619970657253,-4.166360291165553,0.029722579881160206,-0.031929887383300576,0.7352241391816681
"30v5","Scrn1","CLIP_Bound_30v5",-0.09471356875825937,-2.4134677654264696,0.03468813393302149,-0.06253133846125154,0.3876526402486381
"30v5","Sec14l1","CLIP_Bound_30v5",0.22309323362698716,1.0149023689595147,0.014311122148610205,0.033544190746891044,0.7322880658804201
"30v5","Selenoi","CLIP_Bound_30v5",-0.8612539501470863,-4.963885830920415,0.021194536957729125,-0.09016837898978522,0.2591210939551318
"30v5","Septin11","CLIP_Bound_30v5",0.2149015705584162,-3.8668807812327155,0.007787488215557409,-0.06453923134338978,0.43634079604270903
"30v5","Sf1","CLIP_Bound_30v5",-0.02723438516709628,-3.853208363795703,0.0448804404691782,0.1483475525528534,0.06995448504002397
"30v5","Sh3bgrl","CLIP_Bound_30v5",-1.8468571491669745,-3.9217798392122694,0.008811162136642618,0.09922577441509138,0.08039282067228734
"30v5","Sh3bp5","CLIP_Bound_30v5",-2.2022956524521344,-4.039149824363053,0.016853836163979466,0.11072015649239542,0.10678281863705635
"30v5","Shank1","CLIP_Bound_30v5",4.145274217299414,1.6252620149206027,0.030192959875414038,-0.023125446158851162,0.7097382837408595
"30v5","Shank2","CLIP_Bound_30v5",3.1369297477435474,1.3810767159737116,0.0024042089242476217,-0.03727789247711782,0.41790556663418404
"30v5","Shank3","CLIP_Bound_30v5",4.07123476046028,1.0225590560578324,0.022285003876101085,0.04233667115386674,0.5704152557052289
"30v5","Sidt2","CLIP_Bound_30v5",0.529336719819377,-5.704939704745935,0.015045889553466758,-0.0864415100988395,0.3336386985013504
"30v5","Sipa1l1","CLIP_Bound_30v5",3.2020619848209297,1.0794361160258887,0.028176189119936107,0.02153005044200438,0.7259696909423088
"30v5","Ski","CLIP_Bound_30v5",2.4319079756429165,0.9276058144064807,0.009257732882708666,0.04952303735246383,0.2954879578548721
"30v5","Slc19a2","CLIP_Bound_30v5",-1.7134272938749513,-5.529637831826043,0.0473351839198621,-0.004839074229020136,0.9601183563959954
"30v5","Slc24a3","CLIP_Bound_30v5",-0.3732248318445372,1.220097240399133,0.049555525163206375,-0.09768036350719363,0.2462705154710961
"30v5","Slc25a16","CLIP_Bound_30v5",-0.7717113299658183,-4.63240754629592,0.03150666816866155,0.039475814271434005,0.6399338068113722
"30v5","Slc25a23","CLIP_Bound_30v5",3.427793148312592,1.218456475330492,0.024501904726915522,-0.06456218884751233,0.42431514681449894
"30v5","Slc25a26","CLIP_Bound_30v5",-1.1013876844870543,-2.133235275029108,0.016715066994737637,-0.2042202950769977,0.06992100499951387
"30v5","Slc2a3","CLIP_Bound_30v5",-1.3264420744852525,3.9510243016887827,0.016250424904394264,-0.09007088729669364,0.22037094090857826
"30v5","Slc35f1","CLIP_Bound_30v5",-0.7090374653806023,1.7816887574352966,0.041805713357096944,0.022734586956950596,0.8516867197311097
"30v5","Slc39a12","CLIP_Bound_30v5",3.3340280124201254,-3.494738429409755,0.011074460669537402,-0.04888743326159857,0.7916346244393792
"30v5","Slc41a1","CLIP_Bound_30v5",0.5498278438105545,-3.872862145269379,0.008612106954990945,0.06500024140930191,0.3086058541770568
"30v5","Slc6a1","CLIP_Bound_30v5",2.9517848658577104,-4.306151717660008,0.02632840256970056,-0.03348130441718978,0.7452366907072558
"30v5","Slc8a1","CLIP_Bound_30v5",-1.4251589176717816,2.0983200455939346,0.004033297283240751,-0.07757639290169312,0.4044524961146449
"30v5","Slitrk4","CLIP_Bound_30v5",-1.9623937198344563,2.102600954403625,0.007181258267565149,-0.12135894970572617,0.10817241217899878
"30v5","Slitrk5","CLIP_Bound_30v5",-1.2580088563823464,0.9731316523325182,0.038826286665761066,-0.024078738931931704,0.68492624848863
"30v5","Slmap","CLIP_Bound_30v5",-0.2965119488727325,-4.946050512079271,1.329281430810238e-4,-0.07891187231978111,0.1524122083615091
"30v5","Slx4","CLIP_Bound_30v5",-0.05635977902418991,-4.48380005537664,0.0202751674159953,0.04667930541304417,0.6530426588926481
"30v5","Smc4","CLIP_Bound_30v5",0.2550443998324899,-3.4814466329516525,0.0461921654753308,0.08188867829208359,0.7150717646532159
"30v5","Snap25","CLIP_Bound_30v5",-2.0633645927592985,1.3259361320385725,0.044300271838310354,-0.07830479477887488,0.2330557668830187
"30v5","Snx1","CLIP_Bound_30v5",-0.9927269781893264,-3.8844222652527223,0.014729863923769819,0.05689855748195599,0.42211543440068894
"30v5","Snx19","CLIP_Bound_30v5",-1.0726222085454538,2.2632459215191774,0.024295816743949657,-0.10711950941746964,0.07161289502496947
"30v5","Snx7","CLIP_Bound_30v5",-1.105919240479401,-4.991307131359399,0.003230322245157194,-0.09463128912261037,0.4325034805732904
"30v5","Sox4","CLIP_Bound_30v5",1.4783417365209084,-8.833634186357827,0.002885835645769157,0.09813289568907285,0.23681246471960368
"30v5","Spin1","CLIP_Bound_30v5",-1.623578352719868,1.5989468262683932,0.00758745815017101,0.0696671594724448,0.16424779724035918
"30v5","Sptbn2","CLIP_Bound_30v5",1.9326683812255598,1.4254797071872058,0.0061891565397389535,-0.023485853841876906,0.7622114147985077
"30v5","Srebf1","CLIP_Bound_30v5",2.8677097626943926,-6.59761820777617,0.00868304124647516,-0.08107627368574438,0.5728893757395955
"30v5","Srgap3","CLIP_Bound_30v5",0.3219377103268997,0.8935002245350812,0.022644570816524722,0.013104212085896195,0.869359525110633
"30v5","Srp54c","CLIP_Bound_30v5",-1.7513584817402388,1.5161852259390804,0.047752446800128155,0.004729496002925887,0.9524480877529988
"30v5","Srrm3","CLIP_Bound_30v5",1.597856774955667,-2.2953192713480384,0.012355868126860296,-0.06658651800900495,0.5247268071041941
"30v5","Ssb","CLIP_Bound_30v5",-1.5739311644761935,-8.057073139657543,0.006076293023417202,-0.04806768224345551,0.6190802867078642
"30v5","Stag2","CLIP_Bound_30v5",-0.30455510191468543,-4.073529672785668,0.007535390093932732,0.10642068907833846,0.439061720512246
"30v5","Stambp","CLIP_Bound_30v5",-0.960059114526679,-3.5592613069158556,0.03741951496305826,0.05515955024250176,0.41221341321897437
"30v5","Stat1","CLIP_Bound_30v5",0.11631769873343721,-5.2038209643893065,0.038620146119790436,0.237584311621862,0.24008007172585047
"30v5","Stip1","CLIP_Bound_30v5",-1.2005897896118025,-4.661464217763454,0.02310231484364788,0.023566169776052585,0.8127728879772176
"30v5","Strn4","CLIP_Bound_30v5",0.8202452958308338,1.3894903890897625,0.034822773606971745,0.036964718615287676,0.5724620269310963
"30v5","Stx2","CLIP_Bound_30v5",1.8034028903995816,-4.284485634662637,0.03252508874124287,-0.23094255420670193,0.2921121484273986
"30v5","Stxbp1","CLIP_Bound_30v5",-0.8925806581534195,1.4419128848725271,6.121843024595242e-4,-0.03550179972346722,0.40189247815658863
"30v5","Syn1","CLIP_Bound_30v5",0.352878339498192,1.2469714891257384,4.61868075103722e-4,-0.1320586521295876,0.17161397240041532
"30v5","Synj1","CLIP_Bound_30v5",-1.4985085211753302,0.9286197234649398,0.025784283713220887,0.013421749909112613,0.9034657866726503
"30v5","Synj2","CLIP_Bound_30v5",-0.76220328448758,-2.4588451702840475,0.0031406794696562028,0.12264434707986617,0.2707803272201872
"30v5","Synpo","CLIP_Bound_30v5",2.1710710898609187,2.0609181384046975,0.005036693938554839,0.0031292167035079812,0.9388565444352281
"30v5","Taok2","CLIP_Bound_30v5",2.089833040204692,1.3642007454280614,0.01997030398638645,-0.030545228204564054,0.6100936849278868
"30v5","Tcf20","CLIP_Bound_30v5",1.0788254465264762,0.6957493917049513,0.011519117140963575,0.033639910593940656,0.45405304775037236
"30v5","Tcp1","CLIP_Bound_30v5",-0.4424026720019011,-4.812351347987677,0.010445338977393945,0.06783128597925615,0.3167076738457696
"30v5","Tdrd7","CLIP_Bound_30v5",0.042548477362715095,-3.7192704359473847,0.03712686793485774,0.00999132101579058,0.908212861452053
"30v5","Tead1","CLIP_Bound_30v5",1.5547134906073277,-2.6350096361129625,0.030257594657394818,0.16767513301877499,0.13346897672108857
"30v5","Tecpr1","CLIP_Bound_30v5",0.9136276924150873,2.849232023490979,7.705100180849742e-4,-0.0026564207265518357,0.981519410569862
"30v5","Tef","CLIP_Bound_30v5",2.289885107999881,1.5368526644269003,0.003802320102905187,0.028386682485081798,0.6206544654150024
"30v5","Tenm3","CLIP_Bound_30v5",-0.6894074416244029,1.226418911763473,0.04912612262520602,-0.21156394015966318,0.29985798749656534
"30v5","Tgs1","CLIP_Bound_30v5",-1.353803249034337,-4.043266355475002,0.007243960905188107,0.15663467796968486,0.06830716587832897
"30v5","Thtpa","CLIP_Bound_30v5",-0.3066078662026363,-3.636730753043744,0.04765748931585407,-0.05306858855570517,0.5505857542118938
"30v5","Tlr3","CLIP_Bound_30v5",3.4519865015026796,-6.048443964052719,0.027849872448872257,0.07875189643203238,0.7654736369827204
"30v5","Tmem144","CLIP_Bound_30v5",0.3542564449614428,-4.982704876813446,3.3694175258288327e-4,0.16406731093623034,0.162368341897984
"30v5","Tmem151b","CLIP_Bound_30v5",3.1500469555920425,1.7018025896882731,0.046114829463676746,-0.061358358135280865,0.35316456139846475
"30v5","Tmem59","CLIP_Bound_30v5",-0.27792972061528043,-4.021593641137737,0.036317787893482764,-0.13308468855647188,0.07165737377978529
"30v5","Tmem88b","CLIP_Bound_30v5",2.913345000159628,2.3712045589295947,0.010981401344956933,0.18390379683616656,0.30108172716855136
"30v5","Trak2","CLIP_Bound_30v5",-0.30266421386012554,0.9591780828695349,0.03836750196610585,-0.032175436915582264,0.6916559387800736
"30v5","Trappc13","CLIP_Bound_30v5",-1.287759173154108,-3.534819208871948,0.022965802995158824,-0.050019068453450194,0.4796907331145692
"30v5","Trf","CLIP_Bound_30v5",3.3897308059291564,-4.542244206438163,0.03637978015113967,0.19739650075476442,0.24349489772393063
"30v5","Trp53bp2","CLIP_Bound_30v5",2.3519416664860597,-3.424337125585386,0.0311518955648199,0.23943894961462017,0.1993021699478132
"30v5","Ttc3","CLIP_Bound_30v5",-0.9558710981834312,1.268483253834555,0.02481979589119226,-0.054568931765570115,0.49370484752649696
"30v5","Tubb5","CLIP_Bound_30v5",1.0240923606263552,2.3876548586442192,0.02747684690108405,-0.03580000949301589,0.5165784840385949
"30v5","Txnl4a","CLIP_Bound_30v5",-0.6460416144792561,-4.538372832777149,0.04937339303199663,-0.022469600590922675,0.7316239047366064
"30v5","Uba3","CLIP_Bound_30v5",-1.5778972341465776,-4.1224636626365685,0.02521092411397036,0.125122947718831,0.05761499386376017
"30v5","Ubqln2","CLIP_Bound_30v5",-0.534017481803642,1.2531669782006505,0.014170259690638128,-0.0727999979084427,0.28794427634294484
"30v5","Ubqln4","CLIP_Bound_30v5",2.4701747476017504,2.719171723626868,0.0026826054459221176,0.009991685886557777,0.8626456292121639
"30v5","Ugt8a","CLIP_Bound_30v5",1.7580937431476071,-3.246293782093591,0.04292446702755213,0.2181412560792349,0.2361433078720028
"30v5","Unc5b","CLIP_Bound_30v5",2.473607548207926,-3.035010941597587,0.00957058015228303,0.13012091289949118,0.5328006869063129
"30v5","Usp14","CLIP_Bound_30v5",-2.119994055231719,-3.0973228785835056,0.012363989118900931,0.04810924203291615,0.4755991493598206
"30v5","Usp40","CLIP_Bound_30v5",1.3149587798463238,-4.8336417667250515,0.008487294363118184,0.2821018454770592,0.0918891000345408
"30v5","Usp6nl","CLIP_Bound_30v5",2.036665264185957,-3.1114930676647345,0.04495448031803703,0.10514873734861772,0.5105480579128798
"30v5","Uvssa","CLIP_Bound_30v5",0.30331278600605166,-6.43762452971564,0.0013500524494059198,-0.07118080543207383,0.6461111069612553
"30v5","Vapa","CLIP_Bound_30v5",-1.3785578569485397,3.2365079216060266,0.023186400742420853,0.04552063541711185,0.4034432575580141
"30v5","Vegfa","CLIP_Bound_30v5",1.8486824135603104,-4.434140165686092,0.008864627180630495,0.04985529655672951,0.6955982785062629
"30v5","Vegfb","CLIP_Bound_30v5",2.2627535760704602,-6.80386310148049,0.033810349772945746,0.040042384589269876,0.7817015358384733
"30v5","Vezt","CLIP_Bound_30v5",-0.3916144064984022,-4.843907275368494,0.006915666887787028,-0.0215871230220684,0.8243697437153223
"30v5","Vps39","CLIP_Bound_30v5",-0.2981920711788397,-3.2883340358218427,0.013266059010921871,0.09641003236858914,0.30831925572080254
"30v5","Vps4b","CLIP_Bound_30v5",-1.1538405990978517,-5.25184136734459,0.017817074023043333,-0.12069214030945659,0.20616018214363624
"30v5","Vps50","CLIP_Bound_30v5",-2.218796607621248,-4.458599844905525,0.008443742370883479,0.07992370147818,0.3637969181551532
"30v5","Wdfy1","CLIP_Bound_30v5",0.29592540933633044,-5.9075140039887195,0.0022122658664064762,-0.14945849355199609,0.47474694414433743
"30v5","Wdr37","CLIP_Bound_30v5",-0.5991058517974719,-2.7085360753337318,0.024986390671866508,0.0018178704271068203,0.9776697198845108
"30v5","Wdtc1","CLIP_Bound_30v5",3.6307118971868206,1.615314354028106,0.0053712743819545996,-0.07510552925143144,0.26420232652948533
"30v5","Wfs1","CLIP_Bound_30v5",-0.11892028653807213,2.4134719297353824,0.0324941238813756,-0.12887168744241265,0.39376525151638814
"30v5","Wipf3","CLIP_Bound_30v5",0.5025046434274517,1.371005062645808,0.021814803613655884,-0.030056031244463526,0.7653437968028058
"30v5","Wrnip1","CLIP_Bound_30v5",-0.34293772783891197,-4.322669236389828,1.2504049059421565e-5,-0.026593263948809367,0.6324693750126187
"30v5","Yaf2","CLIP_Bound_30v5",-0.5438101259837169,-2.699419301033205,0.01449753888429669,0.08221280771630429,0.2512380182727932
"30v5","Ywhae","CLIP_Bound_30v5",-0.9428329567766387,2.321738275993382,0.004261507154916351,-0.008815355988830981,0.8805901679610436
"30v5","Ywhag","CLIP_Bound_30v5",-0.21027839834485962,0.8292053315864911,0.047076830129978396,-0.010582772290299794,0.8437332968864246
"30v5","Ywhaz","CLIP_Bound_30v5",-1.7426106022500054,1.4950736047209032,0.021436743907237762,0.021213650008777066,0.6320332048255779
"30v5","Zbtb1","CLIP_Bound_30v5",-0.3761046206823661,-3.4078570400377735,0.015734746821294398,0.12413430245932593,0.07442251733696223
"30v5","Zbtb22","CLIP_Bound_30v5",0.48348388778532114,-5.426147599560977,0.03626751956119728,-0.11278658620258866,0.22416913532275595
"30v5","Zbtb5","CLIP_Bound_30v5",0.26571540266773297,-4.574580006272666,0.0071488363624779925,0.033808700232972236,0.7422400156438216
"30v5","Zc3hav1","CLIP_Bound_30v5",2.6345028950268174,-5.535352790065759,4.895298355096802e-4,0.04822096309939473,0.8034553541162229
"30v5","Zcchc14","CLIP_Bound_30v5",1.9341724466733177,1.271934450338887,0.006684128258430608,0.047787808794303714,0.3886476753214118
"30v5","Zdhhc14","CLIP_Bound_30v5",-0.5719130205103463,1.5601329423968766,0.021652985461459776,-0.08244477128055974,0.2762541290211979
"30v5","Zfp120","CLIP_Bound_30v5",-0.6339756221820465,-3.991975741837612,0.014321309481239454,0.20966807055153047,0.05997153182497401
"30v5","Zfp36l1","CLIP_Bound_30v5",4.199586953307875,-5.615561512997204,0.012554088893224884,-0.00569556894951236,0.9730793638447911
"30v5","Zfp422","CLIP_Bound_30v5",-0.8296274681100682,-8.754709046891264,0.008149110142202801,-0.11321616816221661,0.23198830353244043
"30v5","Zfp606","CLIP_Bound_30v5",0.6959211442064054,-5.389204535952663,0.013466323390936504,0.03227969653866125,0.8362546712902019
"30v5","Zfp703","CLIP_Bound_30v5",0.9360949907955352,2.920739275712225,0.002707641943494292,0.09874828222400943,0.4458134950101126
"30v5","Zfp777","CLIP_Bound_30v5",1.8555126741461498,-5.6372652698943355,0.0073022883041819146,-0.01829077004256764,0.8805438276208917
"30v5","Zfp831","CLIP_Bound_30v5",-0.9513865433138793,1.2289557933975077,0.04666352225689388,0.0321346427454902,0.5448423175752322
"30v5","Zfp942","CLIP_Bound_30v5",-1.705115354792876,-4.383488076850618,0.01281369912349469,0.04094868827944992,0.7440274066552501
"30v5","Zfp991","CLIP_Bound_30v5",-0.5163862154577143,-2.9334782140532094,0.036962743536490296,-0.05427827614549575,0.8532494884750845
"30v5","Zfyve1","CLIP_Bound_30v5",-0.17973757132258295,3.4870804248204186,0.023167611722167008,0.007193594581057988,0.888562099456583
"30v5","Zfyve9","CLIP_Bound_30v5",-0.7823757634044051,1.5243219939780128,0.015909520404336443,0.07118988284259914,0.11394601789529397
"30v5","Zkscan17","CLIP_Bound_30v5",2.0945091433967766,-4.199732042359038,0.019706971281365063,0.1038972227172347,0.5028185555396284
"30v5","Zranb1","CLIP_Bound_30v5",-0.5854917870615521,-2.2023046100490546,0.0018346465874499382,0.13364558213975083,0.07305158815439575
"30v5","Zrsr2","CLIP_Bound_30v5",-2.390535313048381,-4.84314798667366,0.02454867492689399,0.05933344393132437,0.6651509762169634
"30v5","Aars1","CLIP_Down_RT_Down_30v5",-0.15836680842016237,-4.074658172585858,0.04749252164715666,-0.22952197316106085,0.019013350370796402
"30v5","Acsl6","CLIP_Down_RT_Down_30v5",1.6362737306696575,-5.771809978598078,0.010862076373531275,-0.1354149108050355,0.020920957537113954
"30v5","Atp6v0a1","CLIP_Down_RT_Down_30v5",0.35728521775416217,-3.008130230182492,0.047664020489496625,-0.12645614872237418,0.030119356971243252
"30v5","Bpnt2","CLIP_Down_RT_Down_30v5",-0.865493128784109,-3.7458146016161127,0.02984924746191329,-0.13759414523600935,0.03122374736529991
"30v5","Car10","CLIP_Down_RT_Down_30v5",1.5290825997722122,-1.7702422870154604,0.009423928141738761,-0.26768018422959616,0.04697274543438718
"30v5","Chpf","CLIP_Down_RT_Down_30v5",0.52206752955499,-5.253882073869151,0.04636008864417215,-0.20142462740488043,0.01263410903851528
"30v5","Chrnb2","CLIP_Down_RT_Down_30v5",-1.1047064945489082,-5.8849804673918555,0.008764734628756134,-0.14671629064356384,0.01222807993360381
"30v5","Ephx1","CLIP_Down_RT_Down_30v5",-0.44154143074985547,-4.899063941546473,0.0012876624083487493,-0.4166132853713904,7.999663672337651e-6
"30v5","Evc2","CLIP_Down_RT_Down_30v5",-1.2076036702808821,-2.7959077219044755,0.025712037192261016,-0.20203525848248216,0.033727712699368854
"30v5","Fads1","CLIP_Down_RT_Down_30v5",3.0006087403938166,-6.320482139185585,0.006509501814140442,-0.10883669894525516,0.04508930036890312
"30v5","Glce","CLIP_Down_RT_Down_30v5",-1.3852720559441498,-3.793068643297864,0.015790494150756573,-0.14240369855870888,0.032781991781987464
"30v5","Gpat4","CLIP_Down_RT_Down_30v5",-0.8540787685550587,-3.6150304539126874,0.04465673242966231,-0.14147287648742687,0.007079577959716051
"30v5","Ikzf4","CLIP_Down_RT_Down_30v5",2.422317497524567,-5.632196061214868,3.6755152208539803e-6,-0.32531951976553253,0.0466339777301138
"30v5","Lgi2","CLIP_Down_RT_Down_30v5",1.4284680572420245,-3.6139960318011908,0.008668417832949872,-0.5094975682361667,0.006511809532764958
"30v5","Lhfpl2","CLIP_Down_RT_Down_30v5",2.745249465877883,-3.5243746030325687,0.013338441952620088,-0.44136782262278584,4.544109652199087e-7
"30v5","Lpl","CLIP_Down_RT_Down_30v5",-2.701313870528999,-6.702032203350462,1.9035066918243678e-4,-0.4893474954636337,1.1441748027605088e-9
"30v5","Pnkd","CLIP_Down_RT_Down_30v5",0.3488232013798087,-2.7944121423858337,0.049469916849500806,-0.20627819238431075,0.03646613152549607
"30v5","Psat1","CLIP_Down_RT_Down_30v5",2.5533670145985656,-4.906444536217857,0.025472949908955468,-0.19664756013249535,0.01603881003404878
"30v5","Retreg2","CLIP_Down_RT_Down_30v5",-0.5822784888480423,-8.40906244165381,0.012835385029367135,-0.18562168263625653,0.007358495290185148
"30v5","Tmbim6","CLIP_Down_RT_Down_30v5",0.4655152547738445,-5.454459033086393,0.012294559302585016,-0.18915025768295743,0.0037019199963968337
"30v5","Txndc16","CLIP_Down_RT_Down_30v5",-0.5753758001637237,-3.7332869834507414,0.011308301719486375,-0.1372788685274357,0.010335149998061807
"30v5","Uggt1","CLIP_Down_RT_Down_30v5",0.345564029279767,-3.0385310867830677,0.029258845442650755,-0.3612416573156705,0.0023626611696700825
"30v5","Zfp46","CLIP_Down_RT_Down_30v5",0.6490055386311568,-3.693756786642104,0.045922905767914975,-0.21608482842063056,0.01268327714680422
"30v5","Aldoc","CLIP_Down_RT_Up_30v5",4.188967998766538,-8.72185049650128,0.009687246389104726,0.23896179278725738,0.010559128262319728
"30v5","Atf4","CLIP_Down_RT_Up_30v5",-0.6357383423402182,-6.475352784134736,0.029439218382837105,0.31110834048325225,0.006638484499008438
"30v5","Bbs7","CLIP_Down_RT_Up_30v5",-0.8285088349140012,-4.339307194219823,0.04311309817372663,0.4232403734242062,0.01165780613730827
"30v5","Bsdc1","CLIP_Down_RT_Up_30v5",-0.5488493737008336,-4.422327473241335,0.008417126204485459,0.1501310937969169,0.013932526676664064
"30v5","Cep20","CLIP_Down_RT_Up_30v5",-0.8476866306976532,-7.542247419098906,1.7401316900696802e-4,0.20626644361992413,0.0015468814021376836
"30v5","Chd1","CLIP_Down_RT_Up_30v5",-0.24546283990387524,-3.9233535317398025,0.003925199218960924,0.3120357050949731,0.0024857399826708785
"30v5","Cnot6l","CLIP_Down_RT_Up_30v5",0.4927170401016405,-3.079926864236534,0.049693960926649766,0.4103898793044498,3.4914161649455584e-4
"30v5","Cpne3","CLIP_Down_RT_Up_30v5",3.2102184540374115,-3.193331446790258,0.0383377483852418,0.4687152756294133,0.002560608733760973
"30v5","Csrnp1","CLIP_Down_RT_Up_30v5",-0.7513604831803312,-7.231791254913615,1.2915286218428547e-8,0.6618389482210572,3.465722080439982e-8
"30v5","Cstf2t","CLIP_Down_RT_Up_30v5",-1.695468436489541,-5.009421408345613,0.027591015247529216,0.14712044058071033,0.01176120785379824
"30v5","Cttnbp2nl","CLIP_Down_RT_Up_30v5",-0.07886096383889502,-4.32589684908799,3.561314401932039e-5,0.24103795105460016,0.006727339502926261
"30v5","Dhx32","CLIP_Down_RT_Up_30v5",-0.38844606901579926,-4.188459482616607,0.02825428174354764,0.25808759481747556,0.01844470701713596
"30v5","Dyrk2","CLIP_Down_RT_Up_30v5",-0.9393595435240324,-5.542572530049332,0.01768278919981123,0.3584793684147971,8.654150093170085e-11
"30v5","Dyrk3","CLIP_Down_RT_Up_30v5",-2.144069388646398,-6.66930369715554,0.008312256328327395,0.3372478760791927,0.024439462575784658
"30v5","Efnb2","CLIP_Down_RT_Up_30v5",-1.5921777234714447,-2.1610644151479,0.04757738770089888,0.3416070614907857,0.012858026493658636
"30v5","Elk4","CLIP_Down_RT_Up_30v5",0.5068128250168406,-6.309206442612486,0.03240796398816393,0.19979514613264382,0.005409535166658775
"30v5","Etv1","CLIP_Down_RT_Up_30v5",-1.9418307594629463,-3.5679763621527036,0.030958415329679134,0.352005118646813,0.03361640858822872
"30v5","Exoc1","CLIP_Down_RT_Up_30v5",-0.9362804354674921,-4.9653595065392295,0.004342911742306125,0.23038468738287432,0.011061597817456716
"30v5","Gabpa","CLIP_Down_RT_Up_30v5",-0.5017555458850265,-4.905128376196215,0.007491801640336784,0.2831700724593952,0.010147546405981422
"30v5","Gcnt2","CLIP_Down_RT_Up_30v5",-1.932312499718996,-3.0235447198812597,0.04376477504216939,0.30017469488929355,0.027367279389138993
"30v5","Hectd2","CLIP_Down_RT_Up_30v5",-2.1876678471036746,-4.575189498806061,0.008154535282539318,0.2717775834702513,0.0036273773308709953
"30v5","Ino80e","CLIP_Down_RT_Up_30v5",-0.3139464416493939,-7.227313576174019,3.2131092236539646e-4,0.13450926795910517,0.03612318370812115
"30v5","Ints13","CLIP_Down_RT_Up_30v5",0.10958281323373219,-4.944208670981466,0.009489716380441875,0.5569700372378398,6.766631951859615e-4
"30v5","Iqgap1","CLIP_Down_RT_Up_30v5",1.1227345586557578,-2.830467358981351,0.039317732607565936,0.46231682041049355,0.004300476969176384
"30v5","Jak2","CLIP_Down_RT_Up_30v5",-0.2113984969895754,-1.765968084967401,0.013144516209043836,0.36357443610505513,7.165576175678543e-5
"30v5","Kansl3","CLIP_Down_RT_Up_30v5",1.6030646750880952,-4.829832468422621,0.0204002233469721,0.18361986605798106,0.023889928633084236
"30v5","Kcnj16","CLIP_Down_RT_Up_30v5",2.9174487554146245,-5.607442672192738,0.011452795793459123,0.46913432447860903,0.021133096703001855
"30v5","Kdm1b","CLIP_Down_RT_Up_30v5",1.0089641254543065,-4.140113775342345,0.025492574539284642,0.3434967106805845,0.038151679577599906
"30v5","Lpin1","CLIP_Down_RT_Up_30v5",1.5684907310991294,-5.366872816218219,0.012159604634480426,0.21203173254029922,0.020587723991296453
"30v5","Lratd1","CLIP_Down_RT_Up_30v5",-1.2077561952449523,-6.861443938501446,0.026648925396804416,0.21491707142137714,4.4629466981499594e-5
"30v5","Lrch2","CLIP_Down_RT_Up_30v5",-1.6072038338267263,-4.257003754068483,0.014129869276237045,0.1673146924485881,0.04018059141832547
"30v5","Lztfl1","CLIP_Down_RT_Up_30v5",-1.5855595310387383,-6.498792919493752,0.015136180040582354,0.2001072881089566,0.022463892988281664
"30v5","Nfkbiz","CLIP_Down_RT_Up_30v5",-1.0768301776668512,-5.084707517225571,0.0019009139028959953,0.5064139846642937,7.603621009694278e-6
"30v5","Odc1","CLIP_Down_RT_Up_30v5",-0.015051734045788634,-5.5913542186013805,0.01132954083459488,0.3323240243950722,7.647877693024771e-5
"30v5","Osgin2","CLIP_Down_RT_Up_30v5",-0.28464029450014156,-6.1679095728637865,0.0012800609148059879,0.5635693955666419,4.3863140680975654e-4
"30v5","Phf6","CLIP_Down_RT_Up_30v5",-1.3492544252729997,-2.929238177699326,0.030852544361061707,0.2691562667024359,0.0038775431211863307
"30v5","Plcl1","CLIP_Down_RT_Up_30v5",1.105639400030898,-1.7251204852310758,0.03355288608384132,0.2583712325204753,0.015759539083065786
"30v5","Psme3","CLIP_Down_RT_Up_30v5",-0.8109114366886075,-5.2017639531450595,0.040655760947488136,0.1762054567770547,0.0159859286311148
"30v5","Ptgs2","CLIP_Down_RT_Up_30v5",-1.7755032985653887,-6.445392842006492,0.04406373547921884,0.25754074140027755,0.011548878190342095
"30v5","Rab5a","CLIP_Down_RT_Up_30v5",-1.4220081635744872,-3.7534697801365127,0.005884226094246282,0.16006761472177009,0.0037861432614435895
"30v5","Rora","CLIP_Down_RT_Up_30v5",2.451010639236688,-2.024305488801223,0.013874822309413714,0.5989547913509871,5.0131797694203286e-5
"30v5","Rpl5","CLIP_Down_RT_Up_30v5",0.4048301698316695,-6.730348043536888,5.714526847143148e-4,0.7900268149125352,0.03049605274280194
"30v5","Scyl2","CLIP_Down_RT_Up_30v5",-0.8498585182092975,-3.4221319739061387,0.03302046746061741,0.30466094485466605,7.442498305680064e-5
"30v5","Sec24a","CLIP_Down_RT_Up_30v5",0.227853090102584,-5.3268119299829975,0.0035096641502013115,0.40275273876597606,8.20417420379555e-9
"30v5","Sesn1","CLIP_Down_RT_Up_30v5",0.04032221265776958,-3.1828511151238588,0.032830883648879455,0.209680076862755,0.020237348296726368
"30v5","Smg8","CLIP_Down_RT_Up_30v5",-0.7743217174242256,-8.016318123602959,0.004470593702154819,0.2921034750057269,0.0025778738057023972
"30v5","Snx18","CLIP_Down_RT_Up_30v5",1.5562896798531678,-4.621330217295147,0.021994623828353318,0.27896834458989095,0.0179507239653834
"30v5","Spty2d1","CLIP_Down_RT_Up_30v5",-1.4344929873400392,-5.080789556180688,0.02128469979544825,0.5022687733121821,1.810444987782155e-5
"30v5","Srgap2","CLIP_Down_RT_Up_30v5",-0.17476104516811783,-4.711358698378234,6.549865468723702e-4,0.1646552723602476,0.0477431918812017
"30v5","St8sia4","CLIP_Down_RT_Up_30v5",0.28100042016018173,-2.8368376115654006,0.029132039240006787,0.21571355423423919,0.034938708714817926
"30v5","Stmn4","CLIP_Down_RT_Up_30v5",-0.9879485406013411,-9.299858560703296,1.4637439559078466e-4,0.20992312810576289,0.03879590006708465
"30v5","Stxbp3","CLIP_Down_RT_Up_30v5",1.9429355087899536,-5.177655025074047,9.96702185172058e-4,0.35777073839533696,0.005508991015594337
"30v5","Tasor2","CLIP_Down_RT_Up_30v5",-0.6466853240905927,-4.424633823675954,0.03394173218659561,0.12968997665827545,0.04232093876675023
"30v5","Traf6","CLIP_Down_RT_Up_30v5",0.19034251634052285,-4.7428998414793,0.011009516085341198,0.22395460525527575,0.010122714824590198
"30v5","Ubap1","CLIP_Down_RT_Up_30v5",-0.5935577816602665,-4.710638246248031,0.004552521070175132,0.19099424508105853,0.04797940914157826
"30v5","Ube2w","CLIP_Down_RT_Up_30v5",-1.803046762111406,-3.2510661418907882,0.013492973868386163,0.1666885095937327,0.017750662934247714
"30v5","Vipas39","CLIP_Down_RT_Up_30v5",-0.34326461092894744,-6.253731891725505,0.008554080625667811,0.15753661480346337,0.011946447263399447
"30v5","Yeats2","CLIP_Down_RT_Up_30v5",0.35442540681411067,-3.2345295126232907,0.03227372674292499,0.28835324475622326,6.063867639633371e-4
"30v5","Zfp275","CLIP_Down_RT_Up_30v5",1.9764388498449394,-3.7275727715804123,0.04422058513940546,0.5460785532030121,9.353488716885687e-5
"30v5","Zfp397","CLIP_Down_RT_Up_30v5",-0.49522796038798317,-6.170224369740553,0.01064956236277195,0.304601764777897,0.0012226841036273126
"30v5","Zfp667","CLIP_Down_RT_Up_30v5",-2.3676657246264288,-5.020059807693057,0.02888519536751577,0.2378686947136642,0.00899118401862537
"30v5","Zfp68","CLIP_Down_RT_Up_30v5",-0.6347555469052898,-4.061982810288078,0.04777811194989884,0.23369832471576693,0.010059663439127937
"30v5","Actn4","CLIP_Up_RT_Down_30v5",0.968679862704443,2.438560409127258,0.044598231507671976,-0.13582647497404213,0.016533290013564936
"30v5","Adam11","CLIP_Up_RT_Down_30v5",0.88774860529705,2.2661140448333033,0.030019151888012886,-0.33502783482408466,1.3716631298005873e-4
"30v5","Adgrg1","CLIP_Up_RT_Down_30v5",3.7214432215209676,5.377353708762467,5.678365196370918e-4,-0.22312952453055337,0.04137134473479699
"30v5","Agpat3","CLIP_Up_RT_Down_30v5",2.015084262925108,1.78066118514376,0.021283901096101034,-0.1635171992091256,0.005597359334336314
"30v5","Aplp1","CLIP_Up_RT_Down_30v5",1.0350524497805418,1.9419207427374452,0.018735985851799114,-0.2786135217137435,8.913651480569916e-5
"30v5","App","CLIP_Up_RT_Down_30v5",-1.628436168968242,1.4549776000896308,0.02878609907742279,-0.29564998154761496,0.0013744224882527411
"30v5","Atp2a2","CLIP_Up_RT_Down_30v5",-1.2743745569674114,0.966813504170057,0.01949030909817846,-0.2431783361282722,6.0994054456050955e-5
"30v5","Atp2b2","CLIP_Up_RT_Down_30v5",0.9115504762080143,1.1365721437429368,0.026159502673446106,-0.2647896126546397,1.4788330716929417e-4
"30v5","Cacna1e","CLIP_Up_RT_Down_30v5",-1.0213834579890086,0.9832374615518811,0.007337505614631352,-0.20152804881559083,0.0023895432863455324
"30v5","Cacna2d3","CLIP_Up_RT_Down_30v5",-1.6746396350640396,0.9556796013736333,0.0390194437247853,-0.22735274011436685,0.0027993656953551257
"30v5","Cdh8","CLIP_Up_RT_Down_30v5",-1.940295870590427,2.3174288572196664,0.0475753415944006,-0.1580187970256067,0.012219039324347427
"30v5","Chst15","CLIP_Up_RT_Down_30v5",-0.7739381629961389,1.7830560487368485,4.432635668251823e-5,-0.3336339294423697,0.00537408239912931
"30v5","Clstn1","CLIP_Up_RT_Down_30v5",-0.39097792595272185,1.434470946657971,0.01850761905170828,-0.23528242115016454,0.0016242259123855798
"30v5","Clstn2","CLIP_Up_RT_Down_30v5",0.13217816646231806,2.3520200038513295,0.026545374657406116,-0.44666182764521256,3.381693012119964e-18
"30v5","Cntnap1","CLIP_Up_RT_Down_30v5",1.6881835344248755,1.2543036480341128,0.010359194145335662,-0.358525777475973,3.581139151218298e-6
"30v5","Creg2","CLIP_Up_RT_Down_30v5",-2.1147651332533264,1.6491390048109127,0.027849297897509537,-0.14931528767014765,0.012150034386349236
"30v5","Crim1","CLIP_Up_RT_Down_30v5",-0.35164199879247204,1.5601152329867944,0.01763885791390183,-0.2942006188613849,1.9431919309215683e-4
"30v5","Dcc","CLIP_Up_RT_Down_30v5",-0.9323060204578495,1.586163889136302,8.34520135854773e-4,-0.30980453098327804,1.3397506291447447e-7
"30v5","Dnajb14","CLIP_Up_RT_Down_30v5",-0.8825443857511659,1.1199982758820561,0.022912101761454372,-0.21188503451184573,8.473291011749782e-5
"30v5","Faim2","CLIP_Up_RT_Down_30v5",0.06477938774525788,3.6557364966674104,0.031294749564637556,-0.2205924165996691,1.8037538986591968e-5
"30v5","Fzd3","CLIP_Up_RT_Down_30v5",-0.6066051971884555,1.8780960564786464,0.03663340524055108,-0.15261273173622913,0.023555776815795848
"30v5","Gabbr1","CLIP_Up_RT_Down_30v5",-0.13165350740791754,1.2708441546324956,0.0032203129640633443,-0.15808353832858435,0.0059963468233063455
"30v5","Gabbr2","CLIP_Up_RT_Down_30v5",0.13749523530895705,1.0748672261530317,0.01735458181168761,-0.174587435030125,0.012244853100769915
"30v5","Gabrb2","CLIP_Up_RT_Down_30v5",-1.730042814921245,1.8695810017719656,3.8388512723220534e-4,-0.1938332405984593,0.02627315077013123
"30v5","Galnt16","CLIP_Up_RT_Down_30v5",-0.25952130466628787,2.11569357089091,0.002276464937843023,-0.20682123350742118,0.0015983232294875939
"30v5","Gpm6a","CLIP_Up_RT_Down_30v5",-1.1052836791109533,1.1170975592870063,0.018386604356110108,-0.15855678755644287,0.0017210627574771186
"30v5","Gria1","CLIP_Up_RT_Down_30v5",-1.4435855362071672,0.9167376045483326,0.02043732081587512,-0.16714695108738353,0.006404636165880318
"30v5","Grin2a","CLIP_Up_RT_Down_30v5",-1.0656139860827496,1.200895167532075,0.03322494065341422,-0.21648686026246317,0.0038251934098547887
"30v5","Grina","CLIP_Up_RT_Down_30v5",-0.16588562199129375,2.194213752505622,0.009591806665505217,-0.29685527040007825,3.607437766905643e-6
"30v5","Grm5","CLIP_Up_RT_Down_30v5",-0.7591291898832585,1.149424033780433,0.018636579866223496,-0.19311190483891502,0.012173451079598585
"30v5","Itm2c","CLIP_Up_RT_Down_30v5",-0.901156149513941,1.7251314860417093,0.003658099165755701,-0.1497721083783349,0.03540390286634144
"30v5","Lingo1","CLIP_Up_RT_Down_30v5",-0.20630500552905928,1.830142421254179,0.010728691763850442,-0.2676038749961299,0.0015342022136101761
"30v5","Lrrn2","CLIP_Up_RT_Down_30v5",-0.9726473650712295,1.1950703614433817,0.032239025289819534,-0.2872471765816787,2.9785247144599556e-4
"30v5","Map1a","CLIP_Up_RT_Down_30v5",1.7046322307128787,0.8775119658739463,0.042837703233135016,-0.1792041491585574,0.008982229459864858
"30v5","Nell2","CLIP_Up_RT_Down_30v5",-1.3787441639562321,1.2413621074322154,0.006825757981149267,-0.3310595705558736,8.049299049924269e-7
"30v5","Nomo1","CLIP_Up_RT_Down_30v5",1.4793032524439211,1.3331029513481423,0.013063856684813704,-0.3166470062734624,0.0010450740414926101
"30v5","Nptn","CLIP_Up_RT_Down_30v5",-2.1166595409754065,2.063217074855358,0.011477123854964829,-0.2161796715493838,0.0013750101733848688
"30v5","Nrg3","CLIP_Up_RT_Down_30v5",-0.918668965001049,1.7041568024967602,0.004146087587681172,-0.1863156018314215,0.005788264264415731
"30v5","Nrxn2","CLIP_Up_RT_Down_30v5",1.3751972879954908,1.1775314272844177,0.03128036483311315,-0.3000844614989641,6.498583232780466e-5
"30v5","Olfm1","CLIP_Up_RT_Down_30v5",0.12576227995097805,1.4162012440984197,0.039542061571796586,-0.1907862049761812,0.0010501044015505108
"30v5","Pcdh1","CLIP_Up_RT_Down_30v5",0.1350067482777059,1.407882306270627,4.628733945140068e-4,-0.36264174205255884,3.739125796174526e-6
"30v5","Pip5k1c","CLIP_Up_RT_Down_30v5",2.665971970809086,1.3875500779660461,0.025844678106563608,-0.12455338044791468,0.03129717261230431
"30v5","Plxna4","CLIP_Up_RT_Down_30v5",-0.22753097551691112,1.0407327168416523,0.03696535443109942,-0.18567001924811533,0.04485074847775006
"30v5","Prnp","CLIP_Up_RT_Down_30v5",-1.5769479136339837,1.866692679356507,0.0034546033098998134,-0.15554676714033333,0.008022491179778265
"30v5","Ptprs","CLIP_Up_RT_Down_30v5",0.1450428592811831,1.1492077284459477,0.036410446091069325,-0.3132714304070669,2.6171372405398522e-5
"30v5","Rtn1","CLIP_Up_RT_Down_30v5",-1.0983309210089915,1.5357460187668845,0.020975839295789216,-0.20597288529898966,0.0013545263242457368
"30v5","Rtn3","CLIP_Up_RT_Down_30v5",-1.4586618043584794,1.6149707864760736,0.00307494641041695,-0.1373981061757074,0.004575976909504132
"30v5","Rtn4rl1","CLIP_Up_RT_Down_30v5",-0.7506871160229767,1.6613408993370529,0.012881631038918349,-0.3253966747238899,4.138258408316428e-6
"30v5","Scn8a","CLIP_Up_RT_Down_30v5",-0.18679974313238218,1.1442932658002372,0.002264567490516362,-0.24764823871772756,0.00995458560284162
"30v5","Sema6b","CLIP_Up_RT_Down_30v5",1.4750977503089893,2.2527090322176364,0.02441778469331374,-0.3230416826209835,5.003955627860625e-4
"30v5","Serinc3","CLIP_Up_RT_Down_30v5",-0.48196897989925735,1.8083007274626115,0.005185380330140548,-0.18976462747053677,0.001953461528457191
"30v5","Slc7a14","CLIP_Up_RT_Down_30v5",-1.0430623415362426,2.121463595044038,0.0037896521210361704,-0.2334536433066192,2.150592612900608e-5
"30v5","Sorl1","CLIP_Up_RT_Down_30v5",-0.40816207539040816,1.2591808618933285,0.0013566494913489823,-0.33740459465057576,1.6857829078914242e-4
"30v5","Spock1","CLIP_Up_RT_Down_30v5",0.03889325870619211,1.6645008977556874,0.04287875491838741,-0.6536590927678614,0.0032526723858555427
"30v5","St3gal2","CLIP_Up_RT_Down_30v5",2.5537218322021507,1.927091789836676,0.012794038021142326,-0.196851358078704,0.012131940837420486
"30v5","St6gal2","CLIP_Up_RT_Down_30v5",-1.616262639051402,1.997322141414367,0.009644140321226262,-0.3866682628136539,3.978207284893634e-6
"30v5","Sv2b","CLIP_Up_RT_Down_30v5",-2.685176501072135,1.5477747430661033,0.021502085399824022,-0.23171833814669246,0.00993865129088291
"30v5","Syt1","CLIP_Up_RT_Down_30v5",-1.9383873563229503,1.5338275380826718,0.003988955397096113,-0.19197936493421336,9.400204707760587e-4
"30v5","Thy1","CLIP_Up_RT_Down_30v5",-0.9849856090849847,2.1831885975553598,0.005840845470511501,-0.1774878990510332,0.010720645298605485
"30v5","Tln2","CLIP_Up_RT_Down_30v5",1.8390332837010228,0.834734489311102,0.004537784958127668,-0.13268424683845806,0.03857518158773682
"30v5","Tmem106b","CLIP_Up_RT_Down_30v5",-1.2531406908897713,1.6065784386190063,0.03197300038487206,-0.18039685271994368,0.03403089987828958
"30v5","Tnfrsf21","CLIP_Up_RT_Down_30v5",-1.0370674207150061,2.572291993648089,9.911359817963997e-5,-0.18456438686168755,0.002126800180772926
"30v5","Zbtb18","CLIP_Up_RT_Down_30v5",-1.1922139410975525,1.3929489974957248,0.01196699442529626,-0.14622382584395743,0.03212859423276406
"30v5","Actr3","CLIP_Up_RT_Up_30v5",-1.7991506050631076,1.1615501646982425,0.020497927527917705,0.192740312554939,0.017995943149635762
"30v5","Arid5b","CLIP_Up_RT_Up_30v5",-0.14276435820330657,1.8143933347181596,0.010591000182133362,0.5387834244607478,3.7942771919580316e-5
"30v5","Arl15","CLIP_Up_RT_Up_30v5",-2.836909695965563,2.7343121931755427,0.023824441943856207,0.18745733832742079,1.6444860214962338e-4
"30v5","Castor2","CLIP_Up_RT_Up_30v5",2.878076360799756,2.119081573858925,0.039556449114746435,0.2565137132905068,2.724368519734809e-4
"30v5","Dennd5b","CLIP_Up_RT_Up_30v5",-1.2819903545282938,1.1105895446618037,0.0013500437036450576,0.21105193400947117,0.029699099307374934
"30v5","Dusp8","CLIP_Up_RT_Up_30v5",2.81225967508046,1.4696444602522583,0.002689130369712604,0.16201830307735873,0.020571854321380964
"30v5","Emsy","CLIP_Up_RT_Up_30v5",-1.5246797763696833,1.6383833188499775,0.014432303512701649,0.17286888262302896,0.022593042195085487
"30v5","Hspa5","CLIP_Up_RT_Up_30v5",-0.9663159628666157,1.8633824230168834,0.02681152086982592,0.23277963739646396,0.008205068685998065
"30v5","Nr4a1","CLIP_Up_RT_Up_30v5",-0.6372701927990005,0.9678108627437889,0.04063001081160895,0.7639312905211891,3.729954292651678e-10
"30v5","Ppp3r1","CLIP_Up_RT_Up_30v5",-2.394709767024102,1.8996743919486212,0.0024740267933356973,0.08601192658511043,0.04866676401498779
"30v5","Prkacb","CLIP_Up_RT_Up_30v5",-0.6408841798325201,1.4460871749162356,0.009368065034382336,0.2845151044522144,0.00776950298392568
"30v5","Rasal2","CLIP_Up_RT_Up_30v5",-0.30772279529963914,0.9839770098297009,0.043093414934105394,0.24189903092191614,0.010550544101351613
"30v5","Rsbn1","CLIP_Up_RT_Up_30v5",-0.07052750934902499,1.9380874709912561,0.001825434748137368,0.2832574153573528,0.0030297656191213495
"30v5","Smg7","CLIP_Up_RT_Up_30v5",-0.4114890465102151,2.2269767383706767,3.243969142561129e-4,0.15904801351266282,0.02025174995679724
"30v5","Sowaha","CLIP_Up_RT_Up_30v5",2.958637572012258,1.1916379443633112,0.026478969049152718,0.09226740521499666,0.04661973146542714
"30v5","Tmcc1","CLIP_Up_RT_Up_30v5",-0.07578107534666009,1.7076402514207039,0.04671274206391695,0.12428599371839306,0.010444809680763101
"30v5","Trappc8","CLIP_Up_RT_Up_30v5",-1.1154000887504418,0.9565684488703394,0.0442287819722547,0.21900027389890087,0.006824147055155779
"30v5","Tsc22d1","CLIP_Up_RT_Up_30v5",-0.2927421970067508,1.135280202514029,3.967248163129484e-4,0.09278743595940274,0.007942001326865268
"30v5","Ube2h","CLIP_Up_RT_Up_30v5",0.524267981969157,2.1893830263294074,0.001864355159440482,0.17038053133033196,5.126256067210733e-4
"30v5","Zfp281","CLIP_Up_RT_Up_30v5",-1.4636115576432298,1.705791308439756,0.021376763587295674,0.2679092545441664,0.002147751991001763
"5v0","1110004F10Rik","CLIP_Bound_5v0",-1.508391026740065,-3.5047367963665885,0.04322613223079753,0.005970806527752864,0.9329944387032332
"5v0","6430548M08Rik","CLIP_Bound_5v0",2.7131841964151415,0.47421475600561447,0.009550986095012438,0.05888692533788496,0.4115648006230899
"5v0","Aamp","CLIP_Bound_5v0",-0.14554855376055797,5.7455861880849195,0.00903370293412095,-0.019418904171611417,0.729176687421368
"5v0","Abca5","CLIP_Bound_5v0",0.00958431010049365,-1.653737283302101,0.02132019352567722,0.03949359756988575,0.6665582392917596
"5v0","Acadsb","CLIP_Bound_5v0",0.4481201568573971,-0.6044422106210998,0.048956126592598535,-0.07931358956181557,0.3331722779111838
"5v0","Acp1","CLIP_Bound_5v0",-0.6488520559718192,3.0642394413976852,0.045070332303265986,0.034901057946770876,0.5553384357575113
"5v0","Actg1","CLIP_Bound_5v0",-0.2440803700570932,-0.411887521509132,0.028129102455719358,0.011250402426311866,0.8032790391140745
"5v0","Actn1","CLIP_Bound_5v0",-1.3724094156548783,-1.142265416614483,0.04857044502722877,0.04070394856666234,0.5320060114192975
"5v0","Adgrg1","CLIP_Bound_5v0",3.7214432215209676,-4.778694238397762,2.9345739238700737e-6,0.0021238452025610483,0.9838923069849654
"5v0","Ahdc1","CLIP_Bound_5v0",1.4801094665054104,-0.45908116716486447,0.04537814941808464,0.01913833699466552,0.7263541707726973
"5v0","Ahsa1","CLIP_Bound_5v0",-1.1148164424790432,4.01609651453771,0.037362325009152424,-0.06847672188693243,0.3635752957479796
"5v0","Akap1","CLIP_Bound_5v0",-0.6476810510932588,-4.179693616012024,0.02090721443924909,0.1109989942414579,0.1146624849184016
"5v0","Akap13","CLIP_Bound_5v0",0.19051787802457054,0.5809464019195367,0.036519796552733866,0.02747232597838634,0.8222327964176379
"5v0","Ampd2","CLIP_Bound_5v0",0.38041315253185487,-1.8008013912791143,0.018054328066998113,-0.12376262687038328,0.11924223680261858
"5v0","Appl1","CLIP_Bound_5v0",-1.2445558459180024,0.5212228143966122,0.009106612736618044,-0.031057241108245513,0.5764185292912565
"5v0","Arhgef18","CLIP_Bound_5v0",0.3460849331948708,-1.2547125312651002,0.010199937612610468,-0.04000085723166426,0.7413769508907553
"5v0","Arl14ep","CLIP_Bound_5v0",-1.1885959371753314,3.5667937045563294,0.03251640798272303,0.018493571917737338,0.7800429072179971
"5v0","Atf6","CLIP_Bound_5v0",-0.547905663837347,-0.84954902204364,0.007640147950292435,0.07854829283682116,0.10549651144811598
"5v0","Atg16l1","CLIP_Bound_5v0",-1.0210605822088565,3.0437311688670885,0.014570791038188409,-0.014699102388268118,0.830553376871694
"5v0","Atp5mc1","CLIP_Bound_5v0",-0.656583677620683,5.326803499174051,0.01017139454981382,-0.00818954275260361,0.8924704295179209
"5v0","Atrip","CLIP_Bound_5v0",0.8826999714759234,3.6887794826625946,0.023884275736925916,-0.02966325926020833,0.7522965838481832
"5v0","Bbs7","CLIP_Bound_5v0",-0.8285088349140012,2.327577368994876,0.03410117565989128,-0.22779805918464557,0.14629841040265545
"5v0","Bclaf1","CLIP_Bound_5v0",-1.3660751420792456,-0.8215460012805256,0.039063416000372775,-0.03334004814793575,0.5188495917500187
"5v0","Bex1","CLIP_Bound_5v0",-1.4563469868691188,5.047493427783963,0.045748324011567816,-0.15705936627626305,0.18120868432719003
"5v0","Bmpr1b","CLIP_Bound_5v0",3.119586502029213,1.144795059244746,0.020278032754071966,-0.14846878507546504,0.5139463784551654
"5v0","Bpnt1","CLIP_Bound_5v0",-1.1962294369550364,-2.9979064862778877,0.04271733123666434,-0.06048806495973563,0.31093388980579273
"5v0","Brinp2","CLIP_Bound_5v0",-1.1764420433608735,-0.9718283237783596,0.012766419728584404,0.10255281232953327,0.062228199979117445
"5v0","Calcoco1","CLIP_Bound_5v0",-0.9810687840627211,3.422606955279175,0.032405025808727325,-0.04450422300163807,0.5521877354195015
"5v0","Camta1","CLIP_Bound_5v0",-0.11101269535821909,-0.6569721892389144,0.030302572803924115,-0.01328447264394352,0.7907861820646929
"5v0","Cc2d1b","CLIP_Bound_5v0",0.6059983131671659,3.5245865712743107,0.028869503967716516,0.40360778986976165,0.0678199356187147
"5v0","Ccdc126","CLIP_Bound_5v0",-1.576097579938029,-3.907435828232855,0.009647873413907588,-0.014178401172062668,0.9052637584077339
"5v0","Cd63","CLIP_Bound_5v0",5.332100090992648,-5.715554099465356,0.016407958070684386,0.07482517941981122,0.6665121907066355
"5v0","Cdc42se2","CLIP_Bound_5v0",-0.3326528146210331,-0.8046263635318144,0.041698050698343696,-0.05773524127631035,0.33177772345577045
"5v0","Chchd6","CLIP_Bound_5v0",-1.0046389522876966,0.9594219151073471,0.043870772216842796,0.017044819028405336,0.8142778015465876
"5v0","Coil","CLIP_Bound_5v0",-0.7226281247174162,3.018874843061913,0.023356122646806893,0.03938384862287962,0.6776450422021352
"5v0","Coq2","CLIP_Bound_5v0",0.1604826354046392,2.2554472072360694,0.04338854575277615,-0.05842678976090793,0.4272745606424452
"5v0","Cox4i1","CLIP_Bound_5v0",0.6283979806069561,-4.278122248406349,0.03083411742052264,-0.09865437710878384,0.19660651293358436
"5v0","Cplx1","CLIP_Bound_5v0",0.8528568149323749,-1.1976692507326527,0.006774979312372365,0.04139382612170711,0.4957951061644811
"5v0","Cpne4","CLIP_Bound_5v0",-0.27008317413879174,-0.6865609524377834,0.026079333822005404,0.16720826682172718,0.07323726225340044
"5v0","Cxcl12","CLIP_Bound_5v0",2.4126522342377457,4.726033301530223,0.009510707661899756,-0.056809856611269346,0.3798633926785263
"5v0","Ddah1","CLIP_Bound_5v0",3.340188177613914,2.1241607098898587,0.031750946579317,-0.05964671219983403,0.6276332193726957
"5v0","Dgcr8","CLIP_Bound_5v0",-1.2105370267783366,-1.277765142375511,0.03473314644528318,0.10488321721367516,0.29027230432433926
"5v0","Dhx33","CLIP_Bound_5v0",-1.5229724106216065,-1.1629268388498906,0.002108384252368618,0.038597240083302585,0.6570739850521163
"5v0","Diaph2","CLIP_Bound_5v0",-0.7804325305344836,-1.6850348533566653,2.1677085862465824e-4,-0.06659659073421559,0.32365178321848326
"5v0","Dnaja4","CLIP_Bound_5v0",-1.9151421850232202,-4.129525983391284,0.014314954424254898,-0.021948651512620935,0.7022200540614806
"5v0","Dnajb12","CLIP_Bound_5v0",-0.5810708730608227,-3.7603373583418915,0.048209594071250375,0.036629626881120356,0.4782486797916027
"5v0","Dvl3","CLIP_Bound_5v0",1.1839814996303417,-1.1007981483691092,0.036694549236394106,-0.0016590594416967552,0.9817731293460574
"5v0","Ece1","CLIP_Bound_5v0",-0.6165687286971181,1.8987965887821137,0.04419563785222068,0.1390754290730727,0.6387820946074502
"5v0","Eloc","CLIP_Bound_5v0",-1.0718832544602963,-1.5291845939315716,0.017687375959409935,-0.048406458656974294,0.4169903619857685
"5v0","Eno2","CLIP_Bound_5v0",-0.8453667501440805,-1.0981404584312635,0.0028978670699699462,-0.03998145906394034,0.39079881743518385
"5v0","Entpd7","CLIP_Bound_5v0",-0.8549911029265258,-3.3778656432851,0.028318819515683328,0.14184545538816218,0.24511363123378757
"5v0","Ergic3","CLIP_Bound_5v0",0.691353166916113,4.879629829168292,0.006116202285431177,0.08880235151615909,0.12011859526958517
"5v0","Eri3","CLIP_Bound_5v0",0.04149476916520213,-1.5754010179460547,0.04986341250159954,-0.06991349012967253,0.2571986385435979
"5v0","Evc2","CLIP_Bound_5v0",-1.2076036702808821,2.2882446780815235,0.001889133370060835,-0.13716733232174488,0.1399746889090816
"5v0","Extl3","CLIP_Bound_5v0",0.4681473062430407,-0.8962627839912694,0.014265588189323079,0.10332005428181619,0.09655698441084078
"5v0","Fam110b","CLIP_Bound_5v0",-0.8639552991771026,-1.7347616250446962,0.007114611231423652,-0.010918725628614612,0.8752827078317298
"5v0","Fgfr2","CLIP_Bound_5v0",3.158224808547109,-0.3190311270583994,0.041470814673621494,0.3376601266468424,0.054339634272437
"5v0","Fnbp1","CLIP_Bound_5v0",1.3885216017164146,2.319628688791404,0.013373709770823703,-0.061314361625162156,0.33136933493163234
"5v0","Fnbp1l","CLIP_Bound_5v0",-0.6406439079007118,2.428585871382965,0.028337356138436846,-0.5235350627367678,0.06990311403224733
"5v0","Galnt9","CLIP_Bound_5v0",-1.0346012166012966,-1.675625195556697,0.012064992850853351,-0.005426969011067943,0.9221726128204446
"5v0","Gart","CLIP_Bound_5v0",0.2598634218474894,3.264212175710007,0.014079312762382015,0.10417212850712418,0.24181919984903913
"5v0","Gcc2","CLIP_Bound_5v0",-2.6653809007606117,0.8720152923064441,0.043608431898535055,0.1064115004890859,0.25987768994275495
"5v0","Gins2","CLIP_Bound_5v0",0.9023344207292184,-0.9915689461577495,0.03287552588531273,0.13268969403192188,0.7537258687488991
"5v0","Gmfb","CLIP_Bound_5v0",-0.8839175252380017,-0.7399546130618333,0.0016437253000208252,0.035890980547445106,0.47139065796914886
"5v0","Gng12","CLIP_Bound_5v0",1.5048785828358395,2.0556896266387565,0.023735319887896154,-0.014162810654454731,0.8716366334275023
"5v0","Gng7","CLIP_Bound_5v0",4.268903021571679,-1.5538450177159917,0.002172803928335644,-0.06468959997850371,0.20584081759579229
"5v0","Gorasp2","CLIP_Bound_5v0",-1.3614913136071316,-1.7800111755840977,0.023501454528180827,-0.019662229150494884,0.6899835199994384
"5v0","Gps1","CLIP_Bound_5v0",0.31497573123573813,4.644423119574163,0.02246852439704296,0.054514766828950775,0.3320758651257532
"5v0","Gtf2a1","CLIP_Bound_5v0",-0.4304109086296991,1.391065623967564,0.0042855835239212796,0.11639761040102649,0.06418725756454124
"5v0","Guk1","CLIP_Bound_5v0",0.5296173263610667,3.653893807808637,0.03035107982998743,-0.12395803331884957,0.13783957265376837
"5v0","Hcn1","CLIP_Bound_5v0",-0.9771722588688736,-1.194097426587137,0.007091334204310173,-0.06651526913416211,0.36743493885714473
"5v0","Hdac6","CLIP_Bound_5v0",1.499383017103012,-5.183203639202329,0.004004380493527246,-0.11863088524821772,0.2176838829747469
"5v0","Hnrnpu","CLIP_Bound_5v0",-0.8025852219953752,0.8698493098998048,0.006657171243448919,-0.16082279923485104,0.08818086195337135
"5v0","Hspd1","CLIP_Bound_5v0",-0.967915747279045,-0.7893097290503106,0.03524157911070818,-0.07666789107246677,0.3971204001881775
"5v0","Htr2c","CLIP_Bound_5v0",-1.8467079390223584,1.7601594475757074,0.015526203413091043,0.11831508299903357,0.36651183114220376
"5v0","Ids","CLIP_Bound_5v0",1.6347448885543103,-0.37747411121458896,0.047907999435430344,0.10220594208876649,0.12084752129151873
"5v0","Il33","CLIP_Bound_5v0",1.1338710567895414,3.6403492579826433,0.02313906053469133,0.07990379053634433,0.5851189670747123
"5v0","Ino80e","CLIP_Bound_5v0",-0.3139464416493939,6.372915817493511,5.824093955695306e-8,-0.02696340969881511,0.7184106220640498
"5v0","Ipo13","CLIP_Bound_5v0",1.6021691528599273,-0.5956893742390097,0.04627827760784227,0.011853977000845407,0.8306415908258171
"5v0","Ipo7","CLIP_Bound_5v0",-1.0083686521630624,0.5008164147035901,0.01460604373907887,-0.08450079283308894,0.12013166428636918
"5v0","Ism1","CLIP_Bound_5v0",0.2978074941205954,-2.4959993804133527,0.0198403711948402,0.03338860795401845,0.7387888188620082
"5v0","Itch","CLIP_Bound_5v0",-0.7622587898774134,0.7926490414320941,0.03233604121170624,-0.022572183930863726,0.7802315327254353
"5v0","Kat2a","CLIP_Bound_5v0",-0.3021650189533554,-1.0209003180096712,0.011216724274976827,-0.0016031894013552018,0.9790646981839576
"5v0","Kcnn2","CLIP_Bound_5v0",-0.0836105605072738,1.5523354048679994,0.004349924775032253,-0.06172111382198178,0.49796727040320277
"5v0","Kif2a","CLIP_Bound_5v0",-1.7712921125091217,0.6425081337149783,0.01666434560592611,-0.05405394207099928,0.37743664301616364
"5v0","Kmt5b","CLIP_Bound_5v0",-0.8621371333943938,-1.4369365358808466,0.033065438503181895,0.04527205608931553,0.590641649605136
"5v0","Krt222","CLIP_Bound_5v0",-2.0500089678215843,3.0249804148641584,0.026994421416057547,-0.015275593885827362,0.8502296097019767
"5v0","Lcorl","CLIP_Bound_5v0",-1.1000701241213169,1.9229655796565757,0.031779369983452245,-0.058215771013649935,0.5802694854215567
"5v0","Lingo1","CLIP_Bound_5v0",-0.20630500552905928,-0.784770669706413,0.030670343849705628,0.11999528017537917,0.05389883769057735
"5v0","Lpp","CLIP_Bound_5v0",2.162523862958347,1.5001916714069436,0.01466177320854395,-0.12188776080828827,0.29596116821217805
"5v0","Lrig2","CLIP_Bound_5v0",-1.4944091954372667,-2.343198183705956,0.032088495952988405,0.01443762060096704,0.8413360346413785
"5v0","Lrrc8b","CLIP_Bound_5v0",-0.022232608633989917,-1.090109923594264,0.033640732876870895,-0.035139824853529705,0.5430231663370717
"5v0","Magi2","CLIP_Bound_5v0",0.03802410175939963,-0.3882946273206358,0.03237300946589288,-0.0018916676160970316,0.9716948369642802
"5v0","Map7","CLIP_Bound_5v0",-0.26133823511442833,2.0080144579924903,0.031778794146272174,-0.00875229690672145,0.884498844453376
"5v0","Mapk8ip2","CLIP_Bound_5v0",1.462487093498238,-0.49567986126439045,0.041042925338832054,0.015160008206502517,0.7130069501334684
"5v0","Mcu","CLIP_Bound_5v0",-0.6429000671744094,1.649248893419966,0.035934867020700124,0.03133320067303141,0.5915119678237745
"5v0","Med12","CLIP_Bound_5v0",1.702250642327,-4.895982640708449,0.0153662164983657,-0.23565459678782794,0.06504766186229045
"5v0","Med16","CLIP_Bound_5v0",2.254582102399859,-1.669515275517961,0.03139336401391373,-0.03224597379517082,0.717106125626237
"5v0","Mex3c","CLIP_Bound_5v0",-0.307434261254602,0.8771676530374446,0.013761558025037172,0.01877958722996454,0.797576998335483
"5v0","Mid2","CLIP_Bound_5v0",0.3699221791067203,-0.8814785059332211,0.016203851590517536,-0.041570606032931126,0.6421349977970826
"5v0","Minpp1","CLIP_Bound_5v0",-0.8468603714894741,-1.024045906579373,0.03931866713971458,-0.057631259530915795,0.3510029050529419
"5v0","Msl3","CLIP_Bound_5v0",-0.4232753206514801,3.7749529469245626,0.005500049999498892,-0.08697485400912265,0.3762620259476945
"5v0","Mto1","CLIP_Bound_5v0",0.28422438945455153,2.7888637587664133,0.04244400164460173,0.01651473494041824,0.8469328873376816
"5v0","Ncoa4","CLIP_Bound_5v0",-0.3180607909533361,-1.144011874882494,0.0460028985375174,0.026227531270635717,0.7365099049566258
"5v0","Nedd8","CLIP_Bound_5v0",-0.9329406733017461,-6.6133456088169575,4.713787997443515e-6,-0.08873621626114665,0.4390825510621628
"5v0","Nipa2","CLIP_Bound_5v0",-1.6579138138380196,-3.8862957975950234,0.03727826099257778,0.06487453844109103,0.5235351019769676
"5v0","Nol11","CLIP_Bound_5v0",-1.4958594195461923,2.83055287535585,0.03849116524715319,-0.10497296129263667,0.18831302746053438
"5v0","Nol6","CLIP_Bound_5v0",1.0366319609521677,-1.5728841332743535,3.258600139379931e-4,-0.06711875913553475,0.30478495326353655
"5v0","Nras","CLIP_Bound_5v0",0.153780663097452,-1.3183669446331931,0.001642256822943346,-0.009527990130203477,0.9034679363083609
"5v0","Nsf","CLIP_Bound_5v0",-1.4042806712395266,-0.7499104610470126,0.033002593828315246,-0.0029326342602184184,0.9570139271036799
"5v0","Onecut2","CLIP_Bound_5v0",-0.1949993571735487,-0.9906384596492357,0.02281818672432277,-0.06904906176093835,0.569551174902427
"5v0","Oplah","CLIP_Bound_5v0",3.599824053563017,3.546210774673115,0.04363839532693974,-0.12825200194652175,0.43183809004620743
"5v0","Pacsin1","CLIP_Bound_5v0",1.6941592924268496,-1.6487467609433923,0.03350894247472184,-0.0028912810655987173,0.9643828913869674
"5v0","Pakap","CLIP_Bound_5v0",-0.7753009900368996,1.2097751550501747,0.031203280762088604,0.02967151447594692,0.6576903440365118
"5v0","Pdlim5","CLIP_Bound_5v0",2.051693909788014,1.630849618315789,0.04098536126241005,-0.05771626431445004,0.6410430312561488
"5v0","Pdzrn3","CLIP_Bound_5v0",3.2827135985519,1.4554925344404932,0.02266341168496133,-0.2580349974599247,0.13630077563026982
"5v0","Pef1","CLIP_Bound_5v0",-0.39006470960805395,-4.219386154859742,0.006616617184011497,0.0728796167119978,0.31499058028486016
"5v0","Peli2","CLIP_Bound_5v0",2.6567670342324883,1.521645369230259,0.0341439272432659,0.04112920178968342,0.6826570865394748
"5v0","Phf20l1","CLIP_Bound_5v0",0.04041438049397788,0.745904570610568,0.04820469702652904,0.006154769418450035,0.9375197419088007
"5v0","Plagl2","CLIP_Bound_5v0",0.22815026599022056,5.140689254054595,9.625255640579045e-7,-0.03778937164931448,0.7982822931337625
"5v0","Plekha2","CLIP_Bound_5v0",2.2119326024232397,0.9345839687109059,0.03000898589629354,0.06461360940581436,0.3767981090382066
"5v0","Plpp7","CLIP_Bound_5v0",-0.4667186981617613,2.8697413784585013,0.0388221099231291,0.1897118878177295,0.07159516426841678
"5v0","Plxdc2","CLIP_Bound_5v0",3.427479204705039,-1.299215839411192,0.04031094110737378,0.10107097444856152,0.22259828746009255
"5v0","Poldip2","CLIP_Bound_5v0",1.4739186530299062,-1.5049025536959708,0.03325637729950759,-0.011697869707369132,0.8603255709919425
"5v0","Pom121","CLIP_Bound_5v0",-0.21227679420463225,-0.8119737740805526,0.03776800324749551,0.09812497854126176,0.12800464067755327
"5v0","Prlr","CLIP_Bound_5v0",-3.208444346086592,1.067704392100314,0.04939839689379293,-0.1685077420981869,0.6451871395436205
"5v0","Rab30","CLIP_Bound_5v0",0.04934383797496402,2.336569283628493,0.026261109375413632,-0.0681707502467009,0.3984244875277741
"5v0","Rab43","CLIP_Bound_5v0",2.6219861876638264,3.597683580124345,0.011964347412770514,-0.18467247140467521,0.1877775286257054
"5v0","Ralgapa2","CLIP_Bound_5v0",-0.23438517825403257,-1.4622714391500733,0.020556350908900765,0.029984198819761426,0.8185607320261157
"5v0","Rasgrf2","CLIP_Bound_5v0",2.1813951262419904,-0.477751334592474,0.017732457010942736,0.10288278721624947,0.20912684429332065
"5v0","Rassf8","CLIP_Bound_5v0",2.9009380292570204,2.161699480120643,0.049257276012698324,-0.004342129047479437,0.9724853933386752
"5v0","Rbbp5","CLIP_Bound_5v0",-0.6602640046768917,-4.360788010548586,0.01859935116021633,-0.005986350428088959,0.9350270979753731
"5v0","Rbl2","CLIP_Bound_5v0",0.456012922722305,0.6843745370607133,0.04333320618275798,-0.09176260455264815,0.29213251923603334
"5v0","Rbms2","CLIP_Bound_5v0",2.689973182981599,2.19005383899206,0.0130816976497953,0.2521006292837532,0.2161674417247634
"5v0","Rnf114","CLIP_Bound_5v0",2.0700747038756373,3.004836854804779,0.04996751581639727,-0.014922448801103596,0.8393074846697235
"5v0","Rps6ka2","CLIP_Bound_5v0",2.0570651912336806,-1.0700529804264702,0.013796756830313532,0.023974591350059245,0.6882123877029126
"5v0","Rwdd1","CLIP_Bound_5v0",-0.8677251059050002,2.80351254873307,0.04188280050012929,-0.0485528622159734,0.5632818089867827
"5v0","Samd8","CLIP_Bound_5v0",-1.0948832084376894,-0.876861014328425,0.0318146236561684,-0.030908134040482475,0.5739734758715358
"5v0","Septin11","CLIP_Bound_5v0",0.2149015705584162,2.203180922564628,0.012354598883803332,-0.10161046709052186,0.16618135329986114
"5v0","Septin5","CLIP_Bound_5v0",1.896505188043975,-0.9445881092209572,0.046488375789170075,0.0326653883949072,0.5097063297115878
"5v0","Setd5","CLIP_Bound_5v0",-0.7304937607270837,-0.9587228212567971,0.04287847086624646,-0.0323309620658935,0.5356607145714072
"5v0","Sf3b1","CLIP_Bound_5v0",-0.7336538051032255,-0.48416794198241453,0.04711382302148413,-0.11423613401801362,0.10071786606356446
"5v0","Sh3bgrl","CLIP_Bound_5v0",-1.8468571491669745,2.0279472742697506,0.03291815077775232,-0.02568248569865635,0.6880311855618899
"5v0","Shc3","CLIP_Bound_5v0",3.9231406817804464,-0.72605454202425,0.03323223246655388,-0.028167669645326878,0.7811109538911315
"5v0","Slc25a26","CLIP_Bound_5v0",-1.1013876844870543,1.6881690832525877,0.01641087815336568,0.13241631569761303,0.2782235197076317
"5v0","Slc30a9","CLIP_Bound_5v0",-0.018420810277838446,0.5664790033291558,0.036272735825308704,-0.06343700952344447,0.2859143848332102
"5v0","Slitrk2","CLIP_Bound_5v0",0.24715495268519627,-0.6476689992866431,0.03698385815304668,-0.0015333693251016317,0.9829065134871642
"5v0","Slitrk4","CLIP_Bound_5v0",-1.9623937198344563,-1.238304914783908,0.035685949865106224,0.06577179722669294,0.2833615305484394
"5v0","Smc2","CLIP_Bound_5v0",-0.5175508542233159,-2.3034524125927325,0.03024450418317907,0.06465667251733598,0.6748319188474745
"5v0","Smim10l1","CLIP_Bound_5v0",-1.2607586616414712,0.6725672174205553,0.036184067666635324,-0.054793350086132585,0.4017327987712447
"5v0","Snca","CLIP_Bound_5v0",-2.1128895815792967,0.8151277372613541,0.0030662912083742368,-0.03360019425152139,0.6037705250742802
"5v0","Snrnp27","CLIP_Bound_5v0",-0.9385934122543688,4.259112787379851,0.014201218969285492,-0.05655813277662337,0.5090562173998009
"5v0","Snx12","CLIP_Bound_5v0",-0.7971082086859029,1.726217629402126,0.015295933720036799,0.0948494229858201,0.28428919950655485
"5v0","Snx7","CLIP_Bound_5v0",-1.105919240479401,3.1989709290673547,2.456049576366703e-4,-0.0011402542977003497,0.9921571925753523
"5v0","Son","CLIP_Bound_5v0",-0.40171684519589274,-1.156673496803856,0.040962692076568163,0.0875406439994893,0.09703037337833709
"5v0","Spns2","CLIP_Bound_5v0",1.6424613762381115,-2.0405307910706445,0.017079307902359932,-0.04020000349398192,0.6343997945452484
"5v0","Srr","CLIP_Bound_5v0",-0.9830165443845118,3.299066187156158,0.025248908028910087,0.04517236280724665,0.5257719148636404
"5v0","Stmn2","CLIP_Bound_5v0",-1.340807978830286,-1.2372422698421375,0.024911413983463134,0.00408708236688525,0.9469183845180906
"5v0","Stxbp1","CLIP_Bound_5v0",-0.8925806581534195,-0.5841928212073477,0.024666708868188614,-0.01102387582231743,0.8052873926593329
"5v0","Supv3l1","CLIP_Bound_5v0",-0.36070611081358894,-4.580159613959003,0.011523893931097715,-0.09827257910066817,0.4131430075557812
"5v0","Sympk","CLIP_Bound_5v0",2.194221305891109,-0.9292655189459449,0.015231678830754365,0.014950206439749212,0.8304993241430451
"5v0","Tab2","CLIP_Bound_5v0",-0.12999038714061,0.9992699583088704,0.0338565619504373,-0.1102644267929103,0.06587736758471119
"5v0","Taf5l","CLIP_Bound_5v0",-0.4466511057289064,-3.275211909853992,0.046626232301717606,-0.013294843410271429,0.8914238746891125
"5v0","Tbc1d2b","CLIP_Bound_5v0",1.5381130376540808,1.3733449870895673,0.04489445290724737,-0.05916795740888972,0.7593324255118761
"5v0","Tent4b","CLIP_Bound_5v0",0.07761521434133029,-1.1205498712347364,0.02516432607395555,-0.011299752062529672,0.8635444672125078
"5v0","Tesk1","CLIP_Bound_5v0",3.2128453264980634,-0.9667075619503249,0.023547461307329588,0.04792853070213313,0.45469967387604376
"5v0","Tmem108","CLIP_Bound_5v0",1.448431012522874,2.1802085516529806,0.02551635349804384,-0.07970870758328587,0.3298019358646711
"5v0","Tmem200a","CLIP_Bound_5v0",-2.1906074508582094,-0.9832690310588234,0.040691635021499445,0.030219489526638093,0.6292038186456321
"5v0","Tmem88b","CLIP_Bound_5v0",2.913345000159628,-0.3865250930207873,0.028798098842515548,0.19771497705452407,0.14392225609388973
"5v0","Tmem9b","CLIP_Bound_5v0",-0.5798437613247022,-0.7612474502747713,0.014901271027635702,0.11394407717528877,0.06861286089012181
"5v0","Tnpo1","CLIP_Bound_5v0",0.2968062360136337,0.7666976675651034,0.00371734844513742,-0.032912151605761594,0.6026062025437293
"5v0","Trim44","CLIP_Bound_5v0",-0.09997168640523044,0.3940769120686136,0.005570358663829235,0.036867509959224214,0.42030726659257833
"5v0","Ttyh1","CLIP_Bound_5v0",2.100495791613027,4.090960345002455,0.03985280615268277,0.110367742263817,0.1315291741898278
"5v0","Tubb5","CLIP_Bound_5v0",1.0240923606263552,-0.9288855618602918,0.03823042567698703,-0.009116997403708403,0.8581218883930222
"5v0","Txnrd1","CLIP_Bound_5v0",-0.658517579412034,0.7227853688140264,0.03394772545623426,-0.10033674330959376,0.09490999628728429
"5v0","Uap1","CLIP_Bound_5v0",-0.7465973575939472,2.739088598207368,0.03664537946729348,-0.08883499968349375,0.225604760443513
"5v0","Ube2h","CLIP_Bound_5v0",0.524267981969157,-1.624536385698689,0.007574543841126555,-0.09328942828194021,0.07300796125184443
"5v0","Ubxn1","CLIP_Bound_5v0",0.3930305364939415,3.7517014754776423,0.045135858123067946,0.07832328265419289,0.32936512070493856
"5v0","Ubxn2a","CLIP_Bound_5v0",-0.49578654570493497,-3.150772923684424,0.03756140108676518,-0.1327175367327843,0.10895400289396408
"5v0","Uggt2","CLIP_Bound_5v0",-0.4302448265270441,1.2558514824563285,0.026270876253993797,0.14390945693551738,0.3693105608116193
"5v0","Uvssa","CLIP_Bound_5v0",0.30331278600605166,2.879905163657243,0.027115120340260063,0.09674206371330399,0.4889189099337412
"5v0","Vcpip1","CLIP_Bound_5v0",-1.5921426567042847,0.514417686381929,0.03347712359211358,-0.08259297476585277,0.12788508057846693
"5v0","Vps35l","CLIP_Bound_5v0",0.21577082485907736,-2.800780764210953,0.032487159326156145,-0.13215130747910242,0.10732921614413128
"5v0","Vps4b","CLIP_Bound_5v0",-1.1538405990978517,2.914481890972077,0.033660290685323474,0.029489082927517028,0.7038412216390066
"5v0","Washc1","CLIP_Bound_5v0",0.5915906159859062,4.240832356335674,0.04928352130512657,0.0286831860984049,0.7135750892974879
"5v0","Wdfy1","CLIP_Bound_5v0",0.29592540933633044,3.7723245324747134,0.0024389734963906388,0.14991665728511472,0.42802804621429263
"5v0","Wdr1","CLIP_Bound_5v0",-0.44406890678090116,0.7173836976056713,0.02080594500637125,-0.09535675686641266,0.06437206293842038
"5v0","Wnk3","CLIP_Bound_5v0",0.1397374411887427,-0.924126543506012,0.008648501424324048,0.011091544211227069,0.8729439916845212
"5v0","Xpnpep1","CLIP_Bound_5v0",-0.5433726425917974,1.6318156795001202,0.021995440290369903,-0.09773289353399416,0.12918095437707766
"5v0","Ywhae","CLIP_Bound_5v0",-0.9428329567766387,-0.6901560481596802,0.0126369361997763,0.04977500660329622,0.3418054010034208
"5v0","Zc2hc1a","CLIP_Bound_5v0",-2.20373138964314,0.6158054489998459,0.030466116882907464,-0.015339268657340645,0.833327580746673
"5v0","Zfc3h1","CLIP_Bound_5v0",-0.5665760885351845,-0.5389617947740026,0.03991054260271507,0.16934367743366643,0.08340941001120453
"5v0","Zfp236","CLIP_Bound_5v0",2.9186343526788487,0.2792707992639025,0.031531125821136506,-0.22357615431596395,0.06429141205800092
"5v0","Zfp281","CLIP_Bound_5v0",-1.4636115576432298,-1.3836157284957453,0.045886801630101906,-0.1356892685330796,0.08300865773307942
"5v0","Zfp362","CLIP_Bound_5v0",0.5304896930798552,2.949671291586236,0.019409982601272056,0.04776111857356675,0.6287644189580697
"5v0","Zfp598","CLIP_Bound_5v0",0.8333960038481684,2.701030360681087,0.0340974750870783,-0.046696450156418434,0.5817695507390614
"5v0","Depdc5","CLIP_Down_RT_Down_5v0",0.35822822709834445,-2.215622225668254,0.021054549243722635,-0.2902896222181233,6.863686549415119e-4
"5v0","Hspa12a","CLIP_Down_RT_Down_5v0",-1.2896526436676146,-0.5277045519471666,0.045731223025974675,-0.15307600526828335,0.004328148120090192
"5v0","Inpp5b","CLIP_Down_RT_Down_5v0",-0.47355509509600907,-1.1429087929848087,0.036569671258488166,-0.27945774702110526,0.02619942071260735
"5v0","Ints1","CLIP_Down_RT_Down_5v0",1.1784168631975154,-1.4819604052419488,0.03753309070468414,-0.16285822019554494,0.020270785565824415
"5v0","Mast3","CLIP_Down_RT_Down_5v0",1.731374930798877,-0.5804332971411688,0.02520824463829343,-0.1142761482951138,0.018342770495650782
"5v0","Mink1","CLIP_Down_RT_Down_5v0",1.5932079317980765,-1.3536854573154078,0.008785843511041223,-0.1315747067031253,0.009225927302038252
"5v0","Pfkm","CLIP_Down_RT_Down_5v0",0.8805542119482326,-1.032822873643664,0.026100360404943877,-0.12867497337594602,0.03000958489384096
"5v0","Rgs14","CLIP_Down_RT_Down_5v0",-0.051948270557180584,-3.1274230584416243,0.023428512858279123,-0.1106670796821341,0.02159983801554729
"5v0","Ripor1","CLIP_Down_RT_Down_5v0",0.29118893632714205,-0.9638831595005022,0.037955528879283044,-0.11448380621329882,0.04070053039775557
"5v0","Sec31a","CLIP_Down_RT_Down_5v0",0.16957354345167366,-0.8325298931351863,0.004156000882727494,-0.23781675827188567,0.007937676570507406
"5v0","Smg7","CLIP_Down_RT_Down_5v0",-0.4114890465102151,-0.727071339273134,0.023046236933441367,-0.1742903327140212,0.004055049559921834
"5v0","Stk40","CLIP_Down_RT_Down_5v0",1.935982588750581,-1.3235862383195145,0.021242499264359338,-0.35108692526961327,7.299285980929428e-4
"5v0","Strip2","CLIP_Down_RT_Down_5v0",-1.8164576648988224,-1.0377919812287852,0.0458100126425885,-0.28100080043970993,0.0019450439332937548
"5v0","Tecpr1","CLIP_Down_RT_Down_5v0",0.9136276924150873,-1.4911290189581554,0.011825168232911595,-0.1882928137487144,0.018738400542523435
"5v0","Tecpr2","CLIP_Down_RT_Down_5v0",0.5118783282623278,-0.5100957806180406,0.03478329102416143,-0.18230129902795808,0.005793741555529781
"5v0","Virma","CLIP_Down_RT_Down_5v0",-0.5026344326240698,-0.6176801939929781,0.04938609820856985,-0.19474409005532725,0.010703048716692148
"5v0","Ahcyl2","CLIP_Down_RT_Up_5v0",1.0745126085194143,-0.644525630381332,0.03279571183053099,0.17380305456428385,2.227026980282802e-5
"5v0","Aplp1","CLIP_Down_RT_Up_5v0",1.0350524497805418,-0.6630298291857413,0.02060689900098034,0.17603295492397608,3.035324869901159e-4
"5v0","Atp2b3","CLIP_Down_RT_Up_5v0",-1.7763389733488266,-0.932619956366298,0.00510221912399715,0.17947765420490627,2.5281970947213484e-4
"5v0","Cacna1e","CLIP_Down_RT_Up_5v0",-1.0213834579890086,-0.3853177814735993,0.04264900753281407,0.1706613060285216,5.575634903610639e-4
"5v0","Cdk5r1","CLIP_Down_RT_Up_5v0",0.021344417478361404,-0.48600724426306297,0.04623157182773915,0.10626102264439805,0.029686465391444188
"5v0","Cds2","CLIP_Down_RT_Up_5v0",0.39732814842566383,-0.4562438991962843,0.04918690867869782,0.22051635422993335,1.1845056737482868e-5
"5v0","Chst15","CLIP_Down_RT_Up_5v0",-0.7739381629961389,-0.9055462561586025,4.349879284303395e-4,0.21307385361670308,0.0034678104165900138
"5v0","Clstn1","CLIP_Down_RT_Up_5v0",-0.39097792595272185,-0.6381259990391321,0.04751673068780962,0.19948971615839606,3.8294632840188197e-4
"5v0","Clstn2","CLIP_Down_RT_Up_5v0",0.13217816646231806,-1.140078970815735,0.033544263311398634,0.36238632706802243,3.215273804904838e-15
"5v0","Cxxc5","CLIP_Down_RT_Up_5v0",0.7098668160911018,-1.6785891125726173,0.02194418420528398,0.20996710129812535,0.0017744189097651866
"5v0","Dcc","CLIP_Down_RT_Up_5v0",-0.9323060204578495,-0.8899064088817012,0.003900629174705509,0.3152846135862781,1.6416972429042658e-7
"5v0","Disp2","CLIP_Down_RT_Up_5v0",-1.130813900509361,-0.45076126792433824,0.019106235355761256,0.1380060982204222,5.727513263430864e-4
"5v0","Dpy19l4","CLIP_Down_RT_Up_5v0",0.14121872065245827,-1.427653658368314,0.024518256359254694,0.19857645341116986,0.025806342085181747
"5v0","Fam131b","CLIP_Down_RT_Up_5v0",0.5223310869723294,-0.7591207161322648,0.04572774606607771,0.1314777103020773,0.028520712743623913
"5v0","Gabrb2","CLIP_Down_RT_Up_5v0",-1.730042814921245,-0.8572525946868361,0.01888420747872921,0.14394074719961875,0.006215409223169591
"5v0","Galnt16","CLIP_Down_RT_Up_5v0",-0.25952130466628787,-1.046176366594649,0.008294219495685708,0.1624464703876879,7.806017531427498e-4
"5v0","Grik3","CLIP_Down_RT_Up_5v0",0.9840403963667814,-1.6059752354579233,0.020158746061153233,0.3245534222375506,2.6900878319027744e-4
"5v0","Grm7","CLIP_Down_RT_Up_5v0",-1.2108198641126982,-0.9091512121557948,0.0012418161043820622,0.18817327131231296,0.012910213754154215
"5v0","Il16","CLIP_Down_RT_Up_5v0",0.8800348998016603,-1.5267131882673532,0.04170973083391998,0.28614978628236776,6.839145818691727e-6
"5v0","Insyn1","CLIP_Down_RT_Up_5v0",1.7587701008824312,-0.8135229171772043,0.015391466778348292,0.20023542205008957,0.010663165246603441
"5v0","Itfg1","CLIP_Down_RT_Up_5v0",-1.5220214397723162,-0.8622852885434671,0.04319693945156858,0.17864214060787248,3.165576701245026e-4
"5v0","Kcnc2","CLIP_Down_RT_Up_5v0",-0.6979532319991771,-1.784759413539462,0.010054481333714107,0.1385831217564467,0.01745085056817604
"5v0","Kcnj4","CLIP_Down_RT_Up_5v0",-0.06884101368847664,-0.6511439534287591,0.04201151775261498,0.25777565851472195,0.0011091319220137429
"5v0","Lgi1","CLIP_Down_RT_Up_5v0",-0.8436525603132311,-0.7127158669441309,0.03169561050008365,0.24932998989964492,2.2258208185213143e-7
"5v0","Lmtk3","CLIP_Down_RT_Up_5v0",0.3169168205284055,-1.192567409910899,0.0014455464871549804,0.12352330270261608,0.0214032153185543
"5v0","Lrrn2","CLIP_Down_RT_Up_5v0",-0.9726473650712295,-0.6326293045124582,0.012153445825676895,0.2571033804621209,3.9650892609407525e-7
"5v0","Maneal","CLIP_Down_RT_Up_5v0",-0.07405959347095092,-1.2963380635512767,2.2875681823488533e-4,0.16433252710220259,0.004657333155028892
"5v0","Mboat2","CLIP_Down_RT_Up_5v0",0.5162224183731847,-0.7561058277217556,0.03736812600483256,0.20976931140630597,0.014968996889166785
"5v0","Opcml","CLIP_Down_RT_Up_5v0",-2.0599709290427453,-0.39721183260950577,0.04242099614259828,0.18955218055923792,1.9380717022745058e-6
"5v0","Pcdh1","CLIP_Down_RT_Up_5v0",0.1350067482777059,-0.39279987044569786,0.041975746079413526,0.27173849008022477,1.4295123518180595e-10
"5v0","Pld3","CLIP_Down_RT_Up_5v0",2.764275121865915,-0.7219043724509642,0.04335146414732881,0.16336405387064165,0.0018514880010909375
"5v0","Ppm1l","CLIP_Down_RT_Up_5v0",-0.46081113401835055,-0.5264924400704302,0.04275231279563295,0.2262410366491818,5.487015840732453e-6
"5v0","Sema5a","CLIP_Down_RT_Up_5v0",4.0111563520232885,-0.7567542041156897,0.0287442152490265,0.3004122524162004,1.348629999738984e-6
"5v0","Sema6b","CLIP_Down_RT_Up_5v0",1.4750977503089893,-1.1445232434716712,0.04914738943067488,0.2476687849929486,6.160885751869795e-4
"5v0","Sema7a","CLIP_Down_RT_Up_5v0",0.8161543276702283,-0.32174244759388504,0.012676118224629237,0.27603382577885005,5.014716823911329e-5
"5v0","Slc22a17","CLIP_Down_RT_Up_5v0",0.028937152334638058,-0.715931969218186,0.0312785290982607,0.26549814686825446,4.286719084293544e-5
"5v0","Slc45a1","CLIP_Down_RT_Up_5v0",-0.06913528599244158,-4.119803879145847,0.013537422361968414,0.19561774575036905,0.01924124569669179
"5v0","Slc7a14","CLIP_Down_RT_Up_5v0",-1.0430623415362426,-1.005357027657759,0.02719310594062298,0.20979621111585622,8.386768867934e-6
"5v0","Spock1","CLIP_Down_RT_Up_5v0",0.03889325870619211,-1.355004028990515,0.03854901349340525,0.6050451757527984,7.509950308431853e-10
"5v0","Spock3","CLIP_Down_RT_Up_5v0",-0.04019372956594411,-2.359050303624982,0.02443954175750231,0.23403338192811635,0.002256030949487167
"5v0","Syngr1","CLIP_Down_RT_Up_5v0",-0.2654158204967686,-0.8210513253838871,0.0020631133266921387,0.2922039636118057,1.725751043761022e-5
"5v0","Syt1","CLIP_Down_RT_Up_5v0",-1.9383873563229503,-0.43377309542725606,0.03686050542922669,0.16379139406362514,3.170863564287092e-5
"5v0","Tnfrsf21","CLIP_Down_RT_Up_5v0",-1.0370674207150061,-0.965530028401838,9.696045460163654e-4,0.19223422729177012,1.5574085534502312e-5
"5v0","Trhde","CLIP_Down_RT_Up_5v0",-0.8412721210114079,-1.8481398058062017,0.00593853988164674,0.36545781644238384,0.0012614500493773537
"5v0","Cdc37l1","CLIP_Up_RT_Down_5v0",0.24390488100279414,2.318650783447236,0.04659361457135203,-0.18795245331079405,0.02457304344895248
"5v0","Cdk17","CLIP_Up_RT_Down_5v0",-2.2680437439971084,1.016578645143946,0.047370493877261353,-0.1865561986355614,5.731464589916939e-4
"5v0","Csrnp1","CLIP_Up_RT_Down_5v0",-0.7513604831803312,1.1417408785293999,0.0330269356335061,-0.49049984734447694,9.45345210360052e-10
"5v0","Far2","CLIP_Up_RT_Down_5v0",-2.086302858034166,1.7091256430335888,0.028944592842806587,-0.4582789527424668,0.0012397707386810034
"5v0","Jmjd1c","CLIP_Up_RT_Down_5v0",-0.457533575127288,0.5928356258221976,0.030273052899478743,-0.25662550797255645,0.006410593711629911
"5v0","Kifap3","CLIP_Up_RT_Down_5v0",-1.3693598145908024,0.5125593804032338,0.006877217425102152,-0.1481450273682561,0.03891042961642643
"5v0","Lztfl1","CLIP_Up_RT_Down_5v0",-1.5855595310387383,3.526112309680291,0.04185983995443678,-0.25013321671715993,0.0025841603549871324
"5v0","Mkln1","CLIP_Up_RT_Down_5v0",0.19314682990600565,0.8735642424338543,0.008685702973759254,-0.2008525606377127,0.001654949047908419
"5v0","Mt1","CLIP_Up_RT_Down_5v0",4.228414528396791,5.231259546455527,0.03259278416979059,-0.4132617670624304,0.04441414928610768
"5v0","Necab1","CLIP_Up_RT_Down_5v0",-0.366897988498814,1.7966813864440152,0.027651863221551,-0.5097980842929521,5.109450645693239e-4
"5v0","Nedd9","CLIP_Up_RT_Down_5v0",3.2584246986647636,1.7447266704350897,0.04996431825745089,-0.6727042950810178,1.896937899042833e-8
"5v0","Nemf","CLIP_Up_RT_Down_5v0",-0.5231915562034211,0.8386318396666201,0.011891366127970157,-0.35046410557814744,0.0027549103703908883
"5v0","Npr3","CLIP_Up_RT_Down_5v0",-2.686645790206379,1.645902720285028,0.04324565697901679,-0.4533161269266564,3.8284109530070914e-4
"5v0","Pde4b","CLIP_Up_RT_Down_5v0",-0.31366931873258336,0.7665118383768934,0.03381839346956365,-0.24139934291210538,9.978628016854189e-5
"5v0","Pik3r3","CLIP_Up_RT_Down_5v0",0.31926131924118245,1.8586640758755464,0.04502834589325718,-0.1651527868592918,0.029967925622170547
"5v0","Pou3f1","CLIP_Up_RT_Down_5v0",1.2078420251159792,1.0670552587496571,0.0344795205562015,-0.14851321142818394,0.018612295794271407
"5v0","Qki","CLIP_Up_RT_Down_5v0",2.317964552196764,0.5942344433189097,0.024496585332230394,-0.14449648084021674,0.035816499297431
"5v0","Rap1b","CLIP_Up_RT_Down_5v0",-0.851664895940515,3.1367209972364236,0.02411102882920529,-0.2061798130299666,0.0058019949661232695
"5v0","Sbk1","CLIP_Up_RT_Down_5v0",3.4086645860177187,0.6894096058502139,0.015240917813262936,-0.30802821214380544,6.56626944420598e-5
"5v0","Setbp1","CLIP_Up_RT_Down_5v0",-0.47043761663705275,0.6633582462622754,0.005332403971199639,-0.30016447498409776,6.449830464104866e-6
"5v0","Sos1","CLIP_Up_RT_Down_5v0",-0.7241183093802517,0.75664460358625,0.029693708967882357,-0.18342275365381702,4.224151365715996e-4
"5v0","Srgap2","CLIP_Up_RT_Down_5v0",-0.17476104516811783,2.1765276140339487,0.047324842199644244,-0.1787000530727434,0.01656587394028905
"5v0","Taf2","CLIP_Up_RT_Down_5v0",-0.4180692367448006,0.7875305897170217,0.03652372938206201,-0.19741729668609462,0.030609121308588942
"5v0","Usp25","CLIP_Up_RT_Down_5v0",-1.773941449038748,0.5661392237342193,0.046972847489076174,-0.14659039864947337,0.0298057594431805
"5v0","Zranb1","CLIP_Up_RT_Down_5v0",-0.5854917870615521,1.5222280782144626,0.002863456813865172,-0.12688186664506532,0.034049965095767784
"5v0","Zswim8","CLIP_Up_RT_Down_5v0",1.1525932169485293,0.8148969765086598,0.04913729821090624,-0.19406292521324292,7.85994247874717e-4
"5v0","Arl6ip1","CLIP_Up_RT_Up_5v0",-1.1745032179851747,0.775727997705578,0.04828097365620452,0.1741927431850902,0.004248896560825583
"5v0","Glce","CLIP_Up_RT_Up_5v0",-1.3852720559441498,2.2739738542721915,0.029942563593312217,0.20357120164326278,0.002779814730718941
"5v0","Gm12258","CLIP_Up_RT_Up_5v0",-0.8057708919129101,3.8381279793449483,0.004029857900749077,0.24764094871455486,0.013696972296283924
"5v0","Grik2","CLIP_Up_RT_Up_5v0",-0.5134036233423794,1.0084007877598204,0.003068948890890217,0.15392777389908902,0.005941451776892599
"5v0","Lpl","CLIP_Up_RT_Up_5v0",-2.701313870528999,3.307864840240266,0.019266764873664154,0.3163528602380118,2.088932676933908e-6
"5v0","Scamp3","CLIP_Up_RT_Up_5v0",0.2537850759473605,7.222725505108254,4.1978317411535515e-6,0.22744926193552106,0.003959476973241907
"5v0","Slc3a2","CLIP_Up_RT_Up_5v0",0.839861606002969,4.033674621962723,0.017782496508796493,0.307955455285875,1.0676913064858773e-6
"5v0","Thsd4","CLIP_Up_RT_Up_5v0",-2.6743302428678057,1.3090568392246786,0.015812943023308528,0.15303760771292835,0.015320238884575697
"5v0","Tlk2","CLIP_Up_RT_Up_5v0",-0.9818780150968139,2.914825872297283,0.004633607066514287,0.18549505898394936,0.003972182294646632
